./bin/gfsim -f /mnt/workspace/projects/1009_SuperNPUBench_v2/SuperNPUBench/benchmark/one-level-arch/output/solution/group_token_vec/elf/solution_group_token_vec_group_token_vec_mt_dyn.elf --conf fourpe --pto-v02 true -s tlsu.fake_l2_enable=false 
[gfsim] explicit PE config present; skipping ELF auto-detection
Parse Config File:
Parse Config File:
Parse Config File:
Parse Config File:
Parse Config File:
Parse Config File:
Parse Config File:
Parse Config File:
Parse Config File:
Parse Config File:
Parse Config File:
Parse Config File:
Parse Config File:
Parse Config File:
Parse Config File:
Parse Config File:
Parse Config File:
Parse Config File:
Parse Config File:
Parse Config File:
Parse Config File:
Parse Config File:
Parse Config File:
Parse Config File:
Parse Config File:
Parse Config File:
Parse Config File:
Parse Config File:
Parse Config File:
Parse Config File:
Parse Config File:
Parse Config File:
Parse Config File:
Parse Config File:
Parse Config File:
Parse Config File:
Parse Config File:
Parse Config File:
Parse Config File:
Parse Config File:
Parse Config File:
Parse Config File:
Parse Config File:
Parse Config File:
Parse Config File:
Parse Config File:
Parse Config File:
Parse Config File:
Parse Config File:
Parse Config File:
Parse Config File:
Parse Config File:
Parse Config File:
Parse Config File:
Parse Config File:
Parse Config File:
Parse Config File:
Parse Config File:
Parse Config File:
Parse Config File:
Parse Config File:
Parse Config File:
Parse Config File:
Parse Config File:
Parse Config File:
Parse Config File:
Parse Config File:
Parse Config File:
Parse Config File:
Override configurations:
tlsu.fake_l2_enable=false
core.threadCount=4
core.stdPeCount=1
core.cube_core_num=4
core.cube_thread_num=1
core.vec_core_num=4
fourpe.pe_cluster_enable=true
fourpe.pe_cluster_count=4
fourpe.pe_cluster_frontend_thread_count=4
fourpe.pe_cluster_aggregate_decode_width=8
fourpe.pe_cluster_gpr_rename_partition_entries=128
fourpe.pe_cluster_scalar_rob_partition_entries=128
fourpe.pe_cluster_scalar_iq_partition_entries=128
fourpe.pe_cluster_block_rob_partition_entries=256
fourpe.pe_cluster_block_iq_partition_entries=88
fourpe.pe_cluster_local_reg_partition_entries=88
bfu.brq_depth=1024
fourpe.pe_cluster_partition_borrow_enable=false
fourpe.pe_cluster_eligible_rr_fairness_check=true
fourpe.pe_cluster_group_contract_fatal=false
dfx.swimCounterSampleInterval=8
Memory: 0x10200 - 0x10248 (Size=0KB) [.rodata]
Memory: 0x1024c - 0x1029f (Size=0KB) [.eh_frame_hdr]
Memory: 0x102a0 - 0x103ab (Size=0KB) [.eh_frame]
Memory: 0x113ac - 0x1396b (Size=9KB) [.text]
Memory: 0x14970 - 0x149f7 (Size=0KB) [.init_array]
Memory: 0x149f8 - 0x14a0f (Size=0KB) [.data.rel.ro]
Memory: 0x15a10 - 0x15a9b (Size=0KB) [.sbss]
Memory: 0x18000 - 0x8417b (Size=432KB) [.bss]
Memory: 0x84180 - 0x8094180 (Size=131136KB) [stack mem]
Memory: 0x4000802000 - 0x4008803000 (Size=131076KB) [map mem]
tid: 0 Core@100000: Retired blocks 22624. BROB head info: B24 STID0 BPC 0x1151a [STD COND]
tid: 1 Core@100000: Retired blocks 22624. BROB head info: B25 STID1 BPC 0x1151a [STD COND]
tid: 2 Core@100000: Retired blocks 22624. BROB head info: B22 STID2 BPC 0x1151a [STD COND]
tid: 3 Core@100000: Retired blocks 22624. BROB head info: B25 STID3 BPC 0x1151a [STD COND]
tid: 0 Core@200000: Retired blocks 47249. BROB head info: B36 STID0 BPC 0x1158a [STD COND]
tid: 1 Core@200000: Retired blocks 47249. BROB head info: B37 STID1 BPC 0x1158a [STD COND]
tid: 2 Core@200000: Retired blocks 47249. BROB head info: B35 STID2 BPC 0x1158a [STD COND]
tid: 3 Core@200000: Retired blocks 47249. BROB head info: B37 STID3 BPC 0x1158a [STD COND]
tid: 0 Core@300000: Retired blocks 84042. BROB head info: B20 STID0 BPC 0x1208a [STD COND]
tid: 1 Core@300000: Retired blocks 84042. BROB head info: B15 STID1 BPC 0x120ac [STD DIRECT]
tid: 2 Core@300000: Retired blocks 84042. BROB head info: B18 STID2 BPC 0x120ac [STD DIRECT]
tid: 3 Core@300000: Retired blocks 84042. BROB head info: B21 STID3 BPC 0x120ac [STD DIRECT]
[C:330807 ][TMA.NA    ]: nuke_pair_diag ld_stid=0 ld_bid=247/w0 ld_rid=25 st_stid=0 st_bid=244/w0 st_rid=6
[C:332645 ][TMA.NA    ]: scb_waw_violation peId=0 scalar=0 private=0 younger_bid=128 younger_rid=128 older_bid=119 older_rid=119 younger_slot=2 older_slot=4
[C:332646 ][TMA.NA    ]: scb_waw_violation peId=0 scalar=0 private=0 younger_bid=129 younger_rid=129 older_bid=120 older_rid=120 younger_slot=3 older_slot=5
[C:333570 ][TMA.NA    ]: scb_waw_violation peId=0 scalar=0 private=0 younger_bid=19 younger_rid=19 older_bid=10 older_rid=10 younger_slot=15 older_slot=14
[C:333573 ][TMA.NA    ]: scb_waw_violation peId=0 scalar=0 private=0 younger_bid=19 younger_rid=19 older_bid=10 older_rid=10 younger_slot=16 older_slot=2
[C:333577 ][TMA.NA    ]: scb_waw_violation peId=0 scalar=0 private=0 younger_bid=19 younger_rid=19 older_bid=10 older_rid=10 younger_slot=18 older_slot=17
[C:333615 ][TMA.NA    ]: scb_waw_violation peId=0 scalar=0 private=0 younger_bid=20 younger_rid=20 older_bid=11 older_rid=11 younger_slot=10 older_slot=4
[C:334493 ][TMA.NA    ]: scb_waw_violation peId=0 scalar=0 private=0 younger_bid=166 younger_rid=166 older_bid=157 older_rid=157 younger_slot=9 older_slot=0
[C:334534 ][TMA.NA    ]: scb_waw_violation peId=0 scalar=0 private=0 younger_bid=166 younger_rid=166 older_bid=157 older_rid=157 younger_slot=18 older_slot=17
[C:334587 ][TMA.NA    ]: scb_waw_violation peId=0 scalar=0 private=0 younger_bid=166 younger_rid=166 older_bid=157 older_rid=157 younger_slot=9 older_slot=2
[C:334617 ][TMA.NA    ]: scb_waw_violation peId=0 scalar=0 private=0 younger_bid=167 younger_rid=167 older_bid=158 older_rid=158 younger_slot=15 older_slot=5
[C:335493 ][TMA.NA    ]: scb_waw_violation peId=0 scalar=0 private=0 younger_bid=57 younger_rid=57 older_bid=48 older_rid=48 younger_slot=9 older_slot=0
[C:335534 ][TMA.NA    ]: scb_waw_violation peId=0 scalar=0 private=0 younger_bid=57 younger_rid=57 older_bid=48 older_rid=48 younger_slot=18 older_slot=16
[C:335587 ][TMA.NA    ]: scb_waw_violation peId=0 scalar=0 private=0 younger_bid=57 younger_rid=57 older_bid=48 older_rid=48 younger_slot=9 older_slot=2
[C:335617 ][TMA.NA    ]: scb_waw_violation peId=0 scalar=0 private=0 younger_bid=58 younger_rid=58 older_bid=49 older_rid=49 younger_slot=15 older_slot=5
[C:336493 ][TMA.NA    ]: scb_waw_violation peId=0 scalar=0 private=0 younger_bid=204 younger_rid=204 older_bid=195 older_rid=195 younger_slot=9 older_slot=0
[C:336534 ][TMA.NA    ]: scb_waw_violation peId=0 scalar=0 private=0 younger_bid=204 younger_rid=204 older_bid=195 older_rid=195 younger_slot=18 older_slot=16
[C:336589 ][TMA.NA    ]: scb_waw_violation peId=0 scalar=0 private=0 younger_bid=204 younger_rid=204 older_bid=195 older_rid=195 younger_slot=9 older_slot=2
[C:336617 ][TMA.NA    ]: scb_waw_violation peId=0 scalar=0 private=0 younger_bid=205 younger_rid=205 older_bid=196 older_rid=196 younger_slot=15 older_slot=5
[C:337489 ][TMA.NA    ]: scb_waw_violation peId=0 scalar=0 private=0 younger_bid=95 younger_rid=95 older_bid=86 older_rid=86 younger_slot=1 older_slot=10
[C:337507 ][TMA.NA    ]: scb_waw_violation peId=0 scalar=0 private=0 younger_bid=95 younger_rid=95 older_bid=86 older_rid=86 younger_slot=16 older_slot=14
[C:337545 ][TMA.NA    ]: scb_waw_violation peId=0 scalar=0 private=0 younger_bid=95 younger_rid=95 older_bid=86 older_rid=86 younger_slot=21 older_slot=20
[C:337589 ][TMA.NA    ]: scb_waw_violation peId=0 scalar=0 private=0 younger_bid=96 younger_rid=96 older_bid=87 older_rid=87 younger_slot=10 older_slot=2
[C:338466 ][TMA.NA    ]: scb_waw_violation peId=0 scalar=0 private=0 younger_bid=242 younger_rid=242 older_bid=233 older_rid=233 younger_slot=9 older_slot=7
[C:338509 ][TMA.NA    ]: scb_waw_violation peId=0 scalar=0 private=0 younger_bid=242 younger_rid=242 older_bid=233 older_rid=233 younger_slot=15 older_slot=5
[C:338561 ][TMA.NA    ]: scb_waw_violation peId=0 scalar=0 private=0 younger_bid=242 younger_rid=242 older_bid=233 older_rid=233 younger_slot=20 older_slot=19
[C:338635 ][TMA.NA    ]: scb_waw_violation peId=0 scalar=0 private=0 younger_bid=243 younger_rid=243 older_bid=234 older_rid=234 younger_slot=5 older_slot=2
[C:339492 ][TMA.NA    ]: scb_waw_violation peId=0 scalar=0 private=0 younger_bid=133 younger_rid=133 older_bid=124 older_rid=124 younger_slot=10 older_slot=9
[C:339540 ][TMA.NA    ]: scb_waw_violation peId=0 scalar=0 private=0 younger_bid=133 younger_rid=133 older_bid=124 older_rid=124 younger_slot=19 older_slot=17
[C:339551 ][TMA.NA    ]: scb_waw_violation peId=0 scalar=0 private=0 younger_bid=133 younger_rid=133 older_bid=124 older_rid=124 younger_slot=9 older_slot=20
[C:339592 ][TMA.NA    ]: scb_waw_violation peId=0 scalar=0 private=0 younger_bid=134 younger_rid=134 older_bid=125 older_rid=125 younger_slot=21 older_slot=10
[C:340475 ][TMA.NA    ]: scb_waw_violation peId=0 scalar=0 private=0 younger_bid=24 younger_rid=24 older_bid=15 older_rid=15 younger_slot=11 older_slot=9
[C:340491 ][TMA.NA    ]: scb_waw_violation peId=0 scalar=0 private=0 younger_bid=24 younger_rid=24 older_bid=15 older_rid=15 younger_slot=12 older_slot=2
[C:340583 ][TMA.NA    ]: scb_waw_violation peId=0 scalar=0 private=0 younger_bid=24 younger_rid=24 older_bid=15 older_rid=15 younger_slot=19 older_slot=18
[C:340629 ][TMA.NA    ]: scb_waw_violation peId=0 scalar=0 private=0 younger_bid=25 younger_rid=25 older_bid=16 older_rid=16 younger_slot=11 older_slot=2
[C:341501 ][TMA.NA    ]: scb_waw_violation peId=0 scalar=0 private=0 younger_bid=171 younger_rid=171 older_bid=162 older_rid=162 younger_slot=1 older_slot=10
[C:341519 ][TMA.NA    ]: scb_waw_violation peId=0 scalar=0 private=0 younger_bid=171 younger_rid=171 older_bid=162 older_rid=162 younger_slot=16 older_slot=13
[C:341589 ][TMA.NA    ]: scb_waw_violation peId=0 scalar=0 private=0 younger_bid=171 younger_rid=171 older_bid=162 older_rid=162 younger_slot=10 older_slot=2
[C:341631 ][TMA.NA    ]: scb_waw_violation peId=0 scalar=0 private=0 younger_bid=172 younger_rid=172 older_bid=163 older_rid=163 younger_slot=13 older_slot=11
[C:342535 ][TMA.NA    ]: scb_waw_violation peId=0 scalar=0 private=0 younger_bid=62 younger_rid=62 older_bid=53 older_rid=53 younger_slot=13 older_slot=12
[C:342553 ][TMA.NA    ]: scb_waw_violation peId=0 scalar=0 private=0 younger_bid=62 younger_rid=62 older_bid=53 older_rid=53 younger_slot=19 older_slot=17
[C:342591 ][TMA.NA    ]: scb_waw_violation peId=0 scalar=0 private=0 younger_bid=62 younger_rid=62 older_bid=53 older_rid=53 younger_slot=8 older_slot=5
[C:342633 ][TMA.NA    ]: scb_waw_violation peId=0 scalar=0 private=0 younger_bid=63 younger_rid=63 older_bid=54 older_rid=54 younger_slot=13 older_slot=12
[C:343513 ][TMA.NA    ]: scb_waw_violation peId=0 scalar=0 private=0 younger_bid=209 younger_rid=209 older_bid=200 older_rid=200 younger_slot=9 older_slot=0
[C:343554 ][TMA.NA    ]: scb_waw_violation peId=0 scalar=0 private=0 younger_bid=209 younger_rid=209 older_bid=200 older_rid=200 younger_slot=18 older_slot=16
[C:343607 ][TMA.NA    ]: scb_waw_violation peId=0 scalar=0 private=0 younger_bid=209 younger_rid=209 older_bid=200 older_rid=200 younger_slot=9 older_slot=2
[C:343637 ][TMA.NA    ]: scb_waw_violation peId=0 scalar=0 private=0 younger_bid=210 younger_rid=210 older_bid=201 older_rid=201 younger_slot=14 older_slot=5
[C:344515 ][TMA.NA    ]: scb_waw_violation peId=0 scalar=0 private=0 younger_bid=100 younger_rid=100 older_bid=91 older_rid=91 younger_slot=9 older_slot=0
[C:344556 ][TMA.NA    ]: scb_waw_violation peId=0 scalar=0 private=0 younger_bid=100 younger_rid=100 older_bid=91 older_rid=91 younger_slot=18 older_slot=16
[C:344611 ][TMA.NA    ]: scb_waw_violation peId=0 scalar=0 private=0 younger_bid=100 younger_rid=100 older_bid=91 older_rid=91 younger_slot=9 older_slot=2
[C:344639 ][TMA.NA    ]: scb_waw_violation peId=0 scalar=0 private=0 younger_bid=101 younger_rid=101 older_bid=92 older_rid=92 younger_slot=5 older_slot=14
[C:345489 ][TMA.NA    ]: scb_waw_violation peId=0 scalar=0 private=0 younger_bid=247 younger_rid=247 older_bid=238 older_rid=238 younger_slot=10 older_slot=8
[C:345528 ][TMA.NA    ]: scb_waw_violation peId=0 scalar=0 private=0 younger_bid=247 younger_rid=247 older_bid=238 older_rid=238 younger_slot=14 older_slot=5
[C:345583 ][TMA.NA    ]: scb_waw_violation peId=0 scalar=0 private=0 younger_bid=247 younger_rid=247 older_bid=238 older_rid=238 younger_slot=20 older_slot=19
[C:345625 ][TMA.NA    ]: scb_waw_violation peId=0 scalar=0 private=0 younger_bid=248 younger_rid=248 older_bid=239 older_rid=239 younger_slot=11 older_slot=10
[C:346513 ][TMA.NA    ]: scb_waw_violation peId=0 scalar=0 private=0 younger_bid=138 younger_rid=138 older_bid=129 older_rid=129 younger_slot=1 older_slot=10
[C:346531 ][TMA.NA    ]: scb_waw_violation peId=0 scalar=0 private=0 younger_bid=138 younger_rid=138 older_bid=129 older_rid=129 younger_slot=16 older_slot=14
[C:346570 ][TMA.NA    ]: scb_waw_violation peId=0 scalar=0 private=0 younger_bid=138 younger_rid=138 older_bid=129 older_rid=129 younger_slot=21 older_slot=20
[C:346643 ][TMA.NA    ]: scb_waw_violation peId=0 scalar=0 private=0 younger_bid=139 younger_rid=139 older_bid=130 older_rid=130 younger_slot=9 older_slot=2
[C:347515 ][TMA.NA    ]: scb_waw_violation peId=0 scalar=0 private=0 younger_bid=29 younger_rid=29 older_bid=20 older_rid=20 younger_slot=1 older_slot=9
[C:347566 ][TMA.NA    ]: scb_waw_violation peId=0 scalar=0 private=0 younger_bid=29 younger_rid=29 older_bid=20 older_rid=20 younger_slot=20 older_slot=17
[C:347573 ][TMA.NA    ]: scb_waw_violation peId=0 scalar=0 private=0 younger_bid=29 younger_rid=29 older_bid=20 older_rid=20 younger_slot=21 older_slot=19
[C:347615 ][TMA.NA    ]: scb_waw_violation peId=0 scalar=0 private=0 younger_bid=30 younger_rid=30 older_bid=21 older_rid=21 younger_slot=9 older_slot=1
[C:348497 ][TMA.NA    ]: scb_waw_violation peId=0 scalar=0 private=0 younger_bid=176 younger_rid=176 older_bid=167 older_rid=167 younger_slot=11 older_slot=10
[C:348513 ][TMA.NA    ]: scb_waw_violation peId=0 scalar=0 private=0 younger_bid=176 younger_rid=176 older_bid=167 older_rid=167 younger_slot=12 older_slot=2
[C:348605 ][TMA.NA    ]: scb_waw_violation peId=0 scalar=0 private=0 younger_bid=176 younger_rid=176 older_bid=167 older_rid=167 younger_slot=19 older_slot=18
[C:348653 ][TMA.NA    ]: scb_waw_violation peId=0 scalar=0 private=0 younger_bid=177 younger_rid=177 older_bid=168 older_rid=168 younger_slot=11 older_slot=2
[C:349526 ][TMA.NA    ]: scb_waw_violation peId=0 scalar=0 private=0 younger_bid=67 younger_rid=67 older_bid=58 older_rid=58 younger_slot=10 older_slot=9
[C:349574 ][TMA.NA    ]: scb_waw_violation peId=0 scalar=0 private=0 younger_bid=67 younger_rid=67 older_bid=58 older_rid=58 younger_slot=19 older_slot=17
[C:349583 ][TMA.NA    ]: scb_waw_violation peId=0 scalar=0 private=0 younger_bid=67 younger_rid=67 older_bid=58 older_rid=58 younger_slot=21 older_slot=20
[C:349645 ][TMA.NA    ]: scb_waw_violation peId=0 scalar=0 private=0 younger_bid=68 younger_rid=68 older_bid=59 older_rid=59 younger_slot=9 older_slot=1
[C:350535 ][TMA.NA    ]: scb_waw_violation peId=0 scalar=0 private=0 younger_bid=214 younger_rid=214 older_bid=205 older_rid=205 younger_slot=9 older_slot=0
[C:350578 ][TMA.NA    ]: scb_waw_violation peId=0 scalar=0 private=0 younger_bid=214 younger_rid=214 older_bid=205 older_rid=205 younger_slot=19 older_slot=17
[C:350629 ][TMA.NA    ]: scb_waw_violation peId=0 scalar=0 private=0 younger_bid=214 younger_rid=214 older_bid=205 older_rid=205 younger_slot=9 older_slot=2
[C:350659 ][TMA.NA    ]: scb_waw_violation peId=0 scalar=0 private=0 younger_bid=215 younger_rid=215 older_bid=206 older_rid=206 younger_slot=5 older_slot=1
[C:351537 ][TMA.NA    ]: scb_waw_violation peId=0 scalar=0 private=0 younger_bid=105 younger_rid=105 older_bid=96 older_rid=96 younger_slot=9 older_slot=0
[C:351579 ][TMA.NA    ]: scb_waw_violation peId=0 scalar=0 private=0 younger_bid=105 younger_rid=105 older_bid=96 older_rid=96 younger_slot=19 older_slot=17
[C:351631 ][TMA.NA    ]: scb_waw_violation peId=0 scalar=0 private=0 younger_bid=105 younger_rid=105 older_bid=96 older_rid=96 younger_slot=9 older_slot=2
[C:351659 ][TMA.NA    ]: scb_waw_violation peId=0 scalar=0 private=0 younger_bid=106 younger_rid=106 older_bid=97 older_rid=97 younger_slot=5 older_slot=1
[C:352539 ][TMA.NA    ]: scb_waw_violation peId=0 scalar=0 private=0 younger_bid=252 younger_rid=252 older_bid=243 older_rid=243 younger_slot=9 older_slot=0
[C:352580 ][TMA.NA    ]: scb_waw_violation peId=0 scalar=0 private=0 younger_bid=252 younger_rid=252 older_bid=243 older_rid=243 younger_slot=17 older_slot=16
[C:352633 ][TMA.NA    ]: scb_waw_violation peId=0 scalar=0 private=0 younger_bid=252 younger_rid=252 older_bid=243 older_rid=243 younger_slot=9 older_slot=2
[C:352661 ][TMA.NA    ]: scb_waw_violation peId=0 scalar=0 private=0 younger_bid=253 younger_rid=253 older_bid=244 older_rid=244 younger_slot=5 older_slot=1
[C:353508 ][TMA.NA    ]: scb_waw_violation peId=0 scalar=0 private=0 younger_bid=143 younger_rid=143 older_bid=134 older_rid=134 younger_slot=9 older_slot=8
[C:353548 ][TMA.NA    ]: scb_waw_violation peId=0 scalar=0 private=0 younger_bid=143 younger_rid=143 older_bid=134 older_rid=134 younger_slot=14 older_slot=5
[C:353601 ][TMA.NA    ]: scb_waw_violation peId=0 scalar=0 private=0 younger_bid=143 younger_rid=143 older_bid=134 older_rid=134 younger_slot=20 older_slot=19
[C:353645 ][TMA.NA    ]: scb_waw_violation peId=0 scalar=0 private=0 younger_bid=144 younger_rid=144 older_bid=135 older_rid=135 younger_slot=10 older_slot=9
[C:354534 ][TMA.NA    ]: scb_waw_violation peId=0 scalar=0 private=0 younger_bid=34 younger_rid=34 older_bid=25 older_rid=25 younger_slot=1 older_slot=10
[C:354550 ][TMA.NA    ]: scb_waw_violation peId=0 scalar=0 private=0 younger_bid=34 younger_rid=34 older_bid=25 older_rid=25 younger_slot=15 older_slot=13
[C:354591 ][TMA.NA    ]: scb_waw_violation peId=0 scalar=0 private=0 younger_bid=34 younger_rid=34 older_bid=25 older_rid=25 younger_slot=21 older_slot=20
[C:354663 ][TMA.NA    ]: scb_waw_violation peId=0 scalar=0 private=0 younger_bid=35 younger_rid=35 older_bid=26 older_rid=26 younger_slot=9 older_slot=2
[C:355535 ][TMA.NA    ]: scb_waw_violation peId=0 scalar=0 private=0 younger_bid=181 younger_rid=181 older_bid=172 older_rid=172 younger_slot=1 older_slot=10
[C:355553 ][TMA.NA    ]: scb_waw_violation peId=0 scalar=0 private=0 younger_bid=181 younger_rid=181 older_bid=172 older_rid=172 younger_slot=16 older_slot=13
[C:355623 ][TMA.NA    ]: scb_waw_violation peId=0 scalar=0 private=0 younger_bid=181 younger_rid=181 older_bid=172 older_rid=172 younger_slot=2 older_slot=19
[C:355635 ][TMA.NA    ]: scb_waw_violation peId=0 scalar=0 private=0 younger_bid=182 younger_rid=182 older_bid=173 older_rid=173 younger_slot=21 older_slot=20
[C:356514 ][TMA.NA    ]: scb_waw_violation peId=0 scalar=0 private=0 younger_bid=72 younger_rid=72 older_bid=63 older_rid=63 younger_slot=9 older_slot=8
[C:356553 ][TMA.NA    ]: scb_waw_violation peId=0 scalar=0 private=0 younger_bid=72 younger_rid=72 older_bid=63 older_rid=63 younger_slot=13 older_slot=12
[C:356609 ][TMA.NA    ]: scb_waw_violation peId=0 scalar=0 private=0 younger_bid=72 younger_rid=72 older_bid=63 older_rid=63 younger_slot=20 older_slot=19
[C:356652 ][TMA.NA    ]: scb_waw_violation peId=0 scalar=0 private=0 younger_bid=73 younger_rid=73 older_bid=64 older_rid=64 younger_slot=10 older_slot=9
[C:357540 ][TMA.NA    ]: scb_waw_violation peId=0 scalar=0 private=0 younger_bid=219 younger_rid=219 older_bid=210 older_rid=210 younger_slot=1 older_slot=9
[C:357588 ][TMA.NA    ]: scb_waw_violation peId=0 scalar=0 private=0 younger_bid=219 younger_rid=219 older_bid=210 older_rid=210 younger_slot=19 older_slot=17
[C:357597 ][TMA.NA    ]: scb_waw_violation peId=0 scalar=0 private=0 younger_bid=219 younger_rid=219 older_bid=210 older_rid=210 younger_slot=2 older_slot=18
[C:357671 ][TMA.NA    ]: scb_waw_violation peId=0 scalar=0 private=0 younger_bid=220 younger_rid=220 older_bid=211 older_rid=211 younger_slot=9 older_slot=5
[C:358547 ][TMA.NA    ]: scb_waw_violation peId=0 scalar=0 private=0 younger_bid=110 younger_rid=110 older_bid=101 older_rid=101 younger_slot=9 older_slot=0
[C:358591 ][TMA.NA    ]: scb_waw_violation peId=0 scalar=0 private=0 younger_bid=110 younger_rid=110 older_bid=101 older_rid=101 younger_slot=19 older_slot=17
[C:358642 ][TMA.NA    ]: scb_waw_violation peId=0 scalar=0 private=0 younger_bid=110 younger_rid=110 older_bid=101 older_rid=101 younger_slot=9 older_slot=2
[C:358671 ][TMA.NA    ]: scb_waw_violation peId=0 scalar=0 private=0 younger_bid=111 younger_rid=111 older_bid=102 older_rid=102 younger_slot=5 older_slot=1
[C:359549 ][TMA.NA    ]: scb_waw_violation peId=0 scalar=0 private=0 younger_bid=1 younger_rid=1 older_bid=248 older_rid=248 younger_slot=9 older_slot=0
[C:359592 ][TMA.NA    ]: scb_waw_violation peId=0 scalar=0 private=0 younger_bid=1 younger_rid=1 older_bid=248 older_rid=248 younger_slot=19 older_slot=17
[C:359643 ][TMA.NA    ]: scb_waw_violation peId=0 scalar=0 private=0 younger_bid=1 younger_rid=1 older_bid=248 older_rid=248 younger_slot=9 older_slot=2
[C:359673 ][TMA.NA    ]: scb_waw_violation peId=0 scalar=0 private=0 younger_bid=2 younger_rid=2 older_bid=249 older_rid=249 younger_slot=5 older_slot=1
[C:360519 ][TMA.NA    ]: scb_waw_violation peId=0 scalar=0 private=0 younger_bid=148 younger_rid=148 older_bid=139 older_rid=139 younger_slot=9 older_slot=8
[C:360606 ][TMA.NA    ]: scb_waw_violation peId=0 scalar=0 private=0 younger_bid=148 younger_rid=148 older_bid=139 older_rid=139 younger_slot=8 older_slot=5
[C:360619 ][TMA.NA    ]: scb_waw_violation peId=0 scalar=0 private=0 younger_bid=148 younger_rid=148 older_bid=139 older_rid=139 younger_slot=14 older_slot=9
[C:360743 ][TMA.NA    ]: scb_waw_violation peId=0 scalar=0 private=0 younger_bid=149 younger_rid=149 older_bid=140 older_rid=140 younger_slot=6 older_slot=5
[C:361488 ][TMA.NA    ]: scb_waw_violation peId=0 scalar=0 private=0 younger_bid=39 younger_rid=39 older_bid=30 older_rid=30 younger_slot=7 older_slot=6
[C:361573 ][TMA.NA    ]: scb_waw_violation peId=0 scalar=0 private=0 younger_bid=39 younger_rid=39 older_bid=30 older_rid=30 younger_slot=6 older_slot=14
[C:361603 ][TMA.NA    ]: scb_waw_violation peId=0 scalar=0 private=0 younger_bid=39 younger_rid=39 older_bid=30 older_rid=30 younger_slot=7 older_slot=2
[C:361735 ][TMA.NA    ]: scb_waw_violation peId=0 scalar=0 private=0 younger_bid=40 younger_rid=40 older_bid=31 older_rid=31 younger_slot=15 older_slot=3
[C:362489 ][TMA.NA    ]: scb_waw_violation peId=0 scalar=0 private=0 younger_bid=186 younger_rid=186 older_bid=177 older_rid=177 younger_slot=7 older_slot=6
[C:362575 ][TMA.NA    ]: scb_waw_violation peId=0 scalar=0 private=0 younger_bid=186 younger_rid=186 older_bid=177 older_rid=177 younger_slot=6 older_slot=14
[C:362605 ][TMA.NA    ]: scb_waw_violation peId=0 scalar=0 private=0 younger_bid=186 younger_rid=186 older_bid=177 older_rid=177 younger_slot=7 older_slot=2
[C:362768 ][TMA.NA    ]: scb_waw_violation peId=0 scalar=0 private=0 younger_bid=187 younger_rid=187 older_bid=178 older_rid=178 younger_slot=5 older_slot=3
[C:363495 ][TMA.NA    ]: scb_waw_violation peId=0 scalar=0 private=0 younger_bid=77 younger_rid=77 older_bid=68 older_rid=68 younger_slot=2 older_slot=1
[C:363581 ][TMA.NA    ]: scb_waw_violation peId=0 scalar=0 private=0 younger_bid=77 younger_rid=77 older_bid=68 older_rid=68 younger_slot=11 older_slot=10
[C:363669 ][TMA.NA    ]: scb_waw_violation peId=0 scalar=0 private=0 younger_bid=77 younger_rid=77 older_bid=68 older_rid=68 younger_slot=17 older_slot=6
[C:363709 ][TMA.NA    ]: scb_waw_violation peId=0 scalar=0 private=0 younger_bid=78 younger_rid=78 older_bid=69 older_rid=69 younger_slot=18 older_slot=1
[C:367842 ][TMA.NA    ]: scb_waw_violation peId=0 scalar=0 private=0 younger_bid=87 younger_rid=87 older_bid=74 older_rid=74 younger_slot=1 older_slot=0
[C:367845 ][TMA.NA    ]: scb_waw_violation peId=0 scalar=0 private=0 younger_bid=100 younger_rid=100 older_bid=74 older_rid=74 younger_slot=2 older_slot=0
[C:367845 ][TMA.NA    ]: scb_waw_violation peId=0 scalar=0 private=0 younger_bid=100 younger_rid=100 older_bid=87 older_rid=87 younger_slot=2 older_slot=1
[C:373463 ][TMA.NA    ]: scb_waw_violation peId=0 scalar=0 private=0 younger_bid=249 younger_rid=249 older_bid=236 older_rid=236 younger_slot=1 older_slot=0
tid: 0 Core@400000: Retired blocks 143726. BROB head info: B223 STID0 BPC 0x124fa [STD COND]
tid: 1 Core@400000: Retired blocks 143726. BROB head info: B224 STID1 BPC 0x12ba2 [STD FALL]
tid: 2 Core@400000: Retired blocks 143726. BROB head info: B221 STID2 BPC 0x12ba2 [STD FALL]
tid: 3 Core@400000: Retired blocks 143726. BROB head info: B210 STID3 BPC 0x12ba2 [STD FALL]
tid: 0 Core@500000: Retired blocks 218725. BROB head info: B29 STID0 BPC 0x124fa [STD COND]
tid: 1 Core@500000: Retired blocks 218725. BROB head info: B29 STID1 BPC 0x12b94 [STD COND]
tid: 2 Core@500000: Retired blocks 218725. BROB head info: B27 STID2 BPC 0x12ba2 [STD FALL]
tid: 3 Core@500000: Retired blocks 218725. BROB head info: B16 STID3 BPC 0x12ba2 [STD FALL]
tid: 0 Core@600000: Retired blocks 282805. BROB head info: B180 STID0 BPC 0x125be [STD COND]
tid: 1 Core@600000: Retired blocks 282805. BROB head info: B102 STID1 BPC 0x12bbc [STD COND]
tid: 2 Core@600000: Retired blocks 282805. BROB head info: B83 STID2 BPC 0x12ba2 [STD FALL]
tid: 3 Core@600000: Retired blocks 282805. BROB head info: B72 STID3 BPC 0x12ba2 [STD FALL]
tid: 0 Core@700000: Retired blocks 345087. BROB head info: B69 STID0 BPC 0x12630 [STD COND]
tid: 1 Core@700000: Retired blocks 345087. BROB head info: B163 STID1 BPC 0x12ba2 [STD FALL]
tid: 2 Core@700000: Retired blocks 345087. BROB head info: B145 STID2 BPC 0x12ba2 [STD FALL]
tid: 3 Core@700000: Retired blocks 345087. BROB head info: B134 STID3 BPC 0x12ba2 [STD FALL]
tid: 0 Core@800000: Retired blocks 407661. BROB head info: B249 STID0 BPC 0x12630 [STD COND]
tid: 1 Core@800000: Retired blocks 407661. BROB head info: B225 STID1 BPC 0x12ba2 [STD FALL]
tid: 2 Core@800000: Retired blocks 407661. BROB head info: B207 STID2 BPC 0x12ba2 [STD FALL]
tid: 3 Core@800000: Retired blocks 407661. BROB head info: B196 STID3 BPC 0x12ba2 [STD FALL]
tid: 0 Core@900000: Retired blocks 457575. BROB head info: B85 STID0 BPC 0x1151a [STD COND]
tid: 1 Core@900000: Retired blocks 457575. BROB head info: B92 STID1 BPC 0x1151a [STD COND]
tid: 2 Core@900000: Retired blocks 457575. BROB head info: B88 STID2 BPC 0x1151a [STD COND]
tid: 3 Core@900000: Retired blocks 457575. BROB head info: B94 STID3 BPC 0x1151a [STD COND]
tid: 0 Core@1000000: Retired blocks 480276. BROB head info: B131 STID0 BPC 0x1151a [STD COND]
tid: 1 Core@1000000: Retired blocks 480276. BROB head info: B133 STID1 BPC 0x1151a [STD COND]
tid: 2 Core@1000000: Retired blocks 480276. BROB head info: B130 STID2 BPC 0x1151a [STD COND]
tid: 3 Core@1000000: Retired blocks 480276. BROB head info: B138 STID3 BPC 0x1151a [STD COND]
tid: 0 Core@1100000: Retired blocks 507203. BROB head info: B207 STID0 BPC 0x1158a [STD COND]
tid: 1 Core@1100000: Retired blocks 507203. BROB head info: B210 STID1 BPC 0x1158a [STD COND]
tid: 2 Core@1100000: Retired blocks 507203. BROB head info: B205 STID2 BPC 0x1158a [STD COND]
tid: 3 Core@1100000: Retired blocks 507203. BROB head info: B213 STID3 BPC 0x1158a [STD COND]
tid: 0 Core@1200000: Retired blocks 546187. BROB head info: B225 STID0 BPC 0x120ee [STD DIRECT]
tid: 1 Core@1200000: Retired blocks 546187. BROB head info: B227 STID1 BPC 0x120cc [STD COND]
tid: 2 Core@1200000: Retired blocks 546187. BROB head info: B228 STID2 BPC 0x120ee [STD DIRECT]
tid: 3 Core@1200000: Retired blocks 546187. BROB head info: B227 STID3 BPC 0x120ee [STD DIRECT]
[C:1213643][TMA.NA    ]: scb_waw_violation peId=0 scalar=0 private=0 younger_bid=11 younger_rid=11 older_bid=2 older_rid=2 younger_slot=6 older_slot=0
[C:1213677][TMA.NA    ]: scb_waw_violation peId=0 scalar=0 private=0 younger_bid=17 younger_rid=17 older_bid=8 older_rid=8 younger_slot=2 older_slot=5
[C:1213679][TMA.NA    ]: scb_waw_violation peId=0 scalar=0 private=0 younger_bid=17 younger_rid=17 older_bid=8 older_rid=8 younger_slot=3 older_slot=4
[C:1213695][TMA.NA    ]: scb_waw_violation peId=0 scalar=0 private=0 younger_bid=20 younger_rid=20 older_bid=11 older_rid=11 younger_slot=0 older_slot=1
[C:1214914][TMA.NA    ]: scb_waw_violation peId=0 scalar=0 private=0 younger_bid=210 younger_rid=210 older_bid=201 older_rid=201 younger_slot=2 older_slot=4
[C:1214939][TMA.NA    ]: scb_waw_violation peId=0 scalar=0 private=0 younger_bid=216 younger_rid=216 older_bid=207 older_rid=207 younger_slot=9 older_slot=8
[C:1214947][TMA.NA    ]: scb_waw_violation peId=0 scalar=0 private=0 younger_bid=216 younger_rid=216 older_bid=207 older_rid=207 younger_slot=11 older_slot=10
[C:1214975][TMA.NA    ]: scb_waw_violation peId=0 scalar=0 private=0 younger_bid=219 younger_rid=219 older_bid=210 older_rid=210 younger_slot=13 older_slot=0
[C:1216050][TMA.NA    ]: scb_waw_violation peId=0 scalar=0 private=0 younger_bid=153 younger_rid=153 older_bid=144 older_rid=144 younger_slot=4 older_slot=3
[C:1216087][TMA.NA    ]: scb_waw_violation peId=0 scalar=0 private=0 younger_bid=159 younger_rid=159 older_bid=150 older_rid=150 younger_slot=1 older_slot=6
[C:1216091][TMA.NA    ]: scb_waw_violation peId=0 scalar=0 private=0 younger_bid=159 younger_rid=159 older_bid=150 older_rid=150 younger_slot=16 older_slot=10
[C:1216135][TMA.NA    ]: scb_waw_violation peId=0 scalar=0 private=0 younger_bid=162 younger_rid=162 older_bid=153 older_rid=153 younger_slot=11 older_slot=3
[C:1217227][TMA.NA    ]: scb_waw_violation peId=0 scalar=0 private=0 younger_bid=96 younger_rid=96 older_bid=87 older_rid=87 younger_slot=28 older_slot=4
[C:1217255][TMA.NA    ]: scb_waw_violation peId=0 scalar=0 private=0 younger_bid=102 younger_rid=102 older_bid=93 older_rid=93 younger_slot=10 older_slot=29
[C:1217258][TMA.NA    ]: scb_waw_violation peId=0 scalar=0 private=0 younger_bid=102 younger_rid=102 older_bid=93 older_rid=93 younger_slot=30 older_slot=0
[C:1217299][TMA.NA    ]: scb_waw_violation peId=0 scalar=0 private=0 younger_bid=105 younger_rid=105 older_bid=96 older_rid=96 younger_slot=26 older_slot=1
[C:1218369][TMA.NA    ]: scb_waw_violation peId=0 scalar=0 private=0 younger_bid=39 younger_rid=39 older_bid=30 older_rid=30 younger_slot=23 older_slot=24
[C:1218411][TMA.NA    ]: scb_waw_violation peId=0 scalar=0 private=0 younger_bid=45 younger_rid=45 older_bid=36 older_rid=36 younger_slot=17 older_slot=3
[C:1218439][TMA.NA    ]: scb_waw_violation peId=0 scalar=0 private=0 younger_bid=45 younger_rid=45 older_bid=36 older_rid=36 younger_slot=27 older_slot=26
[C:1218545][TMA.NA    ]: scb_waw_violation peId=0 scalar=0 private=0 younger_bid=48 younger_rid=48 older_bid=39 older_rid=39 younger_slot=3 older_slot=2
[C:1219569][TMA.NA    ]: scb_waw_violation peId=0 scalar=0 private=0 younger_bid=238 younger_rid=238 older_bid=229 older_rid=229 younger_slot=10 older_slot=9
[C:1219667][TMA.NA    ]: scb_waw_violation peId=0 scalar=0 private=0 younger_bid=244 younger_rid=244 older_bid=235 older_rid=235 younger_slot=9 older_slot=2
[C:1219695][TMA.NA    ]: scb_waw_violation peId=0 scalar=0 private=0 younger_bid=244 younger_rid=244 older_bid=235 older_rid=235 younger_slot=11 older_slot=10
[C:1219845][TMA.NA    ]: scb_waw_violation peId=0 scalar=0 private=0 younger_bid=247 younger_rid=247 older_bid=238 older_rid=238 younger_slot=12 older_slot=10
[C:1220859][TMA.NA    ]: scb_waw_violation peId=0 scalar=0 private=0 younger_bid=181 younger_rid=181 older_bid=172 older_rid=172 younger_slot=19 older_slot=16
[C:1220925][TMA.NA    ]: scb_waw_violation peId=0 scalar=0 private=0 younger_bid=187 younger_rid=187 older_bid=178 older_rid=178 younger_slot=10 older_slot=3
[C:1220951][TMA.NA    ]: scb_waw_violation peId=0 scalar=0 private=0 younger_bid=187 younger_rid=187 older_bid=178 older_rid=178 younger_slot=19 older_slot=16
[C:1221089][TMA.NA    ]: scb_waw_violation peId=0 scalar=0 private=0 younger_bid=190 younger_rid=190 older_bid=181 older_rid=181 younger_slot=10 older_slot=3
[C:1222153][TMA.NA    ]: scb_waw_violation peId=0 scalar=0 private=0 younger_bid=124 younger_rid=124 older_bid=115 older_rid=115 younger_slot=24 older_slot=3
[C:1222181][TMA.NA    ]: scb_waw_violation peId=0 scalar=0 private=0 younger_bid=130 younger_rid=130 older_bid=121 older_rid=121 younger_slot=16 older_slot=2
[C:1222209][TMA.NA    ]: scb_waw_violation peId=0 scalar=0 private=0 younger_bid=130 younger_rid=130 older_bid=121 older_rid=121 younger_slot=27 older_slot=19
[C:1222317][TMA.NA    ]: scb_waw_violation peId=0 scalar=0 private=0 younger_bid=133 younger_rid=133 older_bid=124 older_rid=124 younger_slot=18 older_slot=2
[C:1223373][TMA.NA    ]: scb_waw_violation peId=0 scalar=0 private=0 younger_bid=67 younger_rid=67 older_bid=58 older_rid=58 younger_slot=18 older_slot=17
[C:1223439][TMA.NA    ]: scb_waw_violation peId=0 scalar=0 private=0 younger_bid=73 younger_rid=73 older_bid=64 older_rid=64 younger_slot=25 older_slot=9
[C:1223467][TMA.NA    ]: scb_waw_violation peId=0 scalar=0 private=0 younger_bid=73 younger_rid=73 older_bid=64 older_rid=64 younger_slot=18 older_slot=17
[C:1223603][TMA.NA    ]: scb_waw_violation peId=0 scalar=0 private=0 younger_bid=76 younger_rid=76 older_bid=67 older_rid=67 younger_slot=25 older_slot=9
[C:1224658][TMA.NA    ]: scb_waw_violation peId=0 scalar=0 private=0 younger_bid=10 younger_rid=10 older_bid=1 older_rid=1 younger_slot=24 older_slot=25
[C:1224695][TMA.NA    ]: scb_waw_violation peId=0 scalar=0 private=0 younger_bid=16 younger_rid=16 older_bid=7 older_rid=7 younger_slot=17 older_slot=3
[C:1224723][TMA.NA    ]: scb_waw_violation peId=0 scalar=0 private=0 younger_bid=16 younger_rid=16 older_bid=7 older_rid=7 younger_slot=27 older_slot=26
[C:1224831][TMA.NA    ]: scb_waw_violation peId=0 scalar=0 private=0 younger_bid=19 younger_rid=19 older_bid=10 older_rid=10 younger_slot=9 older_slot=3
[C:1225909][TMA.NA    ]: scb_waw_violation peId=0 scalar=0 private=0 younger_bid=209 younger_rid=209 older_bid=200 older_rid=200 younger_slot=23 older_slot=24
[C:1225951][TMA.NA    ]: scb_waw_violation peId=0 scalar=0 private=0 younger_bid=215 younger_rid=215 older_bid=206 older_rid=206 younger_slot=15 older_slot=3
[C:1225979][TMA.NA    ]: scb_waw_violation peId=0 scalar=0 private=0 younger_bid=215 younger_rid=215 older_bid=206 older_rid=206 younger_slot=27 older_slot=26
[C:1226085][TMA.NA    ]: scb_waw_violation peId=0 scalar=0 private=0 younger_bid=218 younger_rid=218 older_bid=209 older_rid=209 younger_slot=4 older_slot=3
[C:1227142][TMA.NA    ]: scb_waw_violation peId=0 scalar=0 private=0 younger_bid=152 younger_rid=152 older_bid=143 older_rid=143 younger_slot=17 older_slot=15
[C:1227209][TMA.NA    ]: scb_waw_violation peId=0 scalar=0 private=0 younger_bid=158 younger_rid=158 older_bid=149 older_rid=149 younger_slot=10 older_slot=3
[C:1227235][TMA.NA    ]: scb_waw_violation peId=0 scalar=0 private=0 younger_bid=158 younger_rid=158 older_bid=149 older_rid=149 younger_slot=17 older_slot=15
[C:1227373][TMA.NA    ]: scb_waw_violation peId=0 scalar=0 private=0 younger_bid=161 younger_rid=161 older_bid=152 older_rid=152 younger_slot=10 older_slot=3
[C:1228367][TMA.NA    ]: scb_waw_violation peId=0 scalar=0 private=0 younger_bid=95 younger_rid=95 older_bid=86 older_rid=86 younger_slot=10 older_slot=9
[C:1228463][TMA.NA    ]: scb_waw_violation peId=0 scalar=0 private=0 younger_bid=101 younger_rid=101 older_bid=92 older_rid=92 younger_slot=9 older_slot=2
[C:1228491][TMA.NA    ]: scb_waw_violation peId=0 scalar=0 private=0 younger_bid=101 younger_rid=101 older_bid=92 older_rid=92 younger_slot=11 older_slot=10
[C:1228641][TMA.NA    ]: scb_waw_violation peId=0 scalar=0 private=0 younger_bid=104 younger_rid=104 older_bid=95 older_rid=95 younger_slot=12 older_slot=10
[C:1229666][TMA.NA    ]: scb_waw_violation peId=0 scalar=0 private=0 younger_bid=38 younger_rid=38 older_bid=29 older_rid=29 younger_slot=22 older_slot=17
[C:1229721][TMA.NA    ]: scb_waw_violation peId=0 scalar=0 private=0 younger_bid=44 younger_rid=44 older_bid=35 older_rid=35 younger_slot=10 older_slot=3
[C:1229749][TMA.NA    ]: scb_waw_violation peId=0 scalar=0 private=0 younger_bid=44 younger_rid=44 older_bid=35 older_rid=35 younger_slot=19 older_slot=17
[C:1229887][TMA.NA    ]: scb_waw_violation peId=0 scalar=0 private=0 younger_bid=47 younger_rid=47 older_bid=38 older_rid=38 younger_slot=10 older_slot=3
[C:1230879][TMA.NA    ]: scb_waw_violation peId=0 scalar=0 private=0 younger_bid=237 younger_rid=237 older_bid=228 older_rid=228 younger_slot=10 older_slot=9
[C:1230977][TMA.NA    ]: scb_waw_violation peId=0 scalar=0 private=0 younger_bid=243 younger_rid=243 older_bid=234 older_rid=234 younger_slot=9 older_slot=2
[C:1231005][TMA.NA    ]: scb_waw_violation peId=0 scalar=0 private=0 younger_bid=243 younger_rid=243 older_bid=234 older_rid=234 younger_slot=11 older_slot=10
[C:1231155][TMA.NA    ]: scb_waw_violation peId=0 scalar=0 private=0 younger_bid=246 younger_rid=246 older_bid=237 older_rid=237 younger_slot=26 older_slot=10
[C:1232137][TMA.NA    ]: scb_waw_violation peId=0 scalar=0 private=0 younger_bid=180 younger_rid=180 older_bid=171 older_rid=171 younger_slot=10 older_slot=9
[C:1232233][TMA.NA    ]: scb_waw_violation peId=0 scalar=0 private=0 younger_bid=186 younger_rid=186 older_bid=177 older_rid=177 younger_slot=9 older_slot=2
[C:1232261][TMA.NA    ]: scb_waw_violation peId=0 scalar=0 private=0 younger_bid=186 younger_rid=186 older_bid=177 older_rid=177 younger_slot=11 older_slot=10
[C:1232411][TMA.NA    ]: scb_waw_violation peId=0 scalar=0 private=0 younger_bid=189 younger_rid=189 older_bid=180 older_rid=180 younger_slot=26 older_slot=10
[C:1233393][TMA.NA    ]: scb_waw_violation peId=0 scalar=0 private=0 younger_bid=123 younger_rid=123 older_bid=114 older_rid=114 younger_slot=10 older_slot=9
[C:1233491][TMA.NA    ]: scb_waw_violation peId=0 scalar=0 private=0 younger_bid=129 younger_rid=129 older_bid=120 older_rid=120 younger_slot=9 older_slot=2
[C:1233519][TMA.NA    ]: scb_waw_violation peId=0 scalar=0 private=0 younger_bid=129 younger_rid=129 older_bid=120 older_rid=120 younger_slot=11 older_slot=10
[C:1233669][TMA.NA    ]: scb_waw_violation peId=0 scalar=0 private=0 younger_bid=132 younger_rid=132 older_bid=123 older_rid=123 younger_slot=26 older_slot=10
[C:1234651][TMA.NA    ]: scb_waw_violation peId=0 scalar=0 private=0 younger_bid=66 younger_rid=66 older_bid=57 older_rid=57 younger_slot=10 older_slot=9
[C:1234747][TMA.NA    ]: scb_waw_violation peId=0 scalar=0 private=0 younger_bid=72 younger_rid=72 older_bid=63 older_rid=63 younger_slot=9 older_slot=2
[C:1234775][TMA.NA    ]: scb_waw_violation peId=0 scalar=0 private=0 younger_bid=72 younger_rid=72 older_bid=63 older_rid=63 younger_slot=11 older_slot=10
[C:1234925][TMA.NA    ]: scb_waw_violation peId=0 scalar=0 private=0 younger_bid=75 younger_rid=75 older_bid=66 older_rid=66 younger_slot=12 older_slot=10
[C:1235909][TMA.NA    ]: scb_waw_violation peId=0 scalar=0 private=0 younger_bid=9 younger_rid=9 older_bid=0 older_rid=0 younger_slot=10 older_slot=9
[C:1236005][TMA.NA    ]: scb_waw_violation peId=0 scalar=0 private=0 younger_bid=15 younger_rid=15 older_bid=6 older_rid=6 younger_slot=9 older_slot=2
[C:1236033][TMA.NA    ]: scb_waw_violation peId=0 scalar=0 private=0 younger_bid=15 younger_rid=15 older_bid=6 older_rid=6 younger_slot=11 older_slot=10
[C:1236183][TMA.NA    ]: scb_waw_violation peId=0 scalar=0 private=0 younger_bid=18 younger_rid=18 older_bid=9 older_rid=9 younger_slot=12 older_slot=10
[C:1237167][TMA.NA    ]: scb_waw_violation peId=0 scalar=0 private=0 younger_bid=208 younger_rid=208 older_bid=199 older_rid=199 younger_slot=10 older_slot=9
[C:1237263][TMA.NA    ]: scb_waw_violation peId=0 scalar=0 private=0 younger_bid=214 younger_rid=214 older_bid=205 older_rid=205 younger_slot=9 older_slot=2
[C:1237291][TMA.NA    ]: scb_waw_violation peId=0 scalar=0 private=0 younger_bid=214 younger_rid=214 older_bid=205 older_rid=205 younger_slot=11 older_slot=10
[C:1237441][TMA.NA    ]: scb_waw_violation peId=0 scalar=0 private=0 younger_bid=217 younger_rid=217 older_bid=208 older_rid=208 younger_slot=26 older_slot=10
[C:1238423][TMA.NA    ]: scb_waw_violation peId=0 scalar=0 private=0 younger_bid=151 younger_rid=151 older_bid=142 older_rid=142 younger_slot=10 older_slot=9
[C:1238519][TMA.NA    ]: scb_waw_violation peId=0 scalar=0 private=0 younger_bid=157 younger_rid=157 older_bid=148 older_rid=148 younger_slot=9 older_slot=2
[C:1238549][TMA.NA    ]: scb_waw_violation peId=0 scalar=0 private=0 younger_bid=157 younger_rid=157 older_bid=148 older_rid=148 younger_slot=11 older_slot=10
[C:1238697][TMA.NA    ]: scb_waw_violation peId=0 scalar=0 private=0 younger_bid=160 younger_rid=160 older_bid=151 older_rid=151 younger_slot=26 older_slot=10
[C:1239681][TMA.NA    ]: scb_waw_violation peId=0 scalar=0 private=0 younger_bid=94 younger_rid=94 older_bid=85 older_rid=85 younger_slot=10 older_slot=9
[C:1239777][TMA.NA    ]: scb_waw_violation peId=0 scalar=0 private=0 younger_bid=100 younger_rid=100 older_bid=91 older_rid=91 younger_slot=9 older_slot=2
[C:1239805][TMA.NA    ]: scb_waw_violation peId=0 scalar=0 private=0 younger_bid=100 younger_rid=100 older_bid=91 older_rid=91 younger_slot=11 older_slot=10
[C:1239945][TMA.NA    ]: scb_waw_violation peId=0 scalar=0 private=0 younger_bid=103 younger_rid=103 older_bid=94 older_rid=94 younger_slot=26 older_slot=12
[C:1240939][TMA.NA    ]: scb_waw_violation peId=0 scalar=0 private=0 younger_bid=37 younger_rid=37 older_bid=28 older_rid=28 younger_slot=10 older_slot=9
[C:1241034][TMA.NA    ]: scb_waw_violation peId=0 scalar=0 private=0 younger_bid=43 younger_rid=43 older_bid=34 older_rid=34 younger_slot=9 older_slot=2
[C:1241061][TMA.NA    ]: scb_waw_violation peId=0 scalar=0 private=0 younger_bid=43 younger_rid=43 older_bid=34 older_rid=34 younger_slot=11 older_slot=10
[C:1241211][TMA.NA    ]: scb_waw_violation peId=0 scalar=0 private=0 younger_bid=46 younger_rid=46 older_bid=37 older_rid=37 younger_slot=12 older_slot=10
[C:1242195][TMA.NA    ]: scb_waw_violation peId=0 scalar=0 private=0 younger_bid=236 younger_rid=236 older_bid=227 older_rid=227 younger_slot=10 older_slot=9
[C:1242291][TMA.NA    ]: scb_waw_violation peId=0 scalar=0 private=0 younger_bid=242 younger_rid=242 older_bid=233 older_rid=233 younger_slot=9 older_slot=2
[C:1242319][TMA.NA    ]: scb_waw_violation peId=0 scalar=0 private=0 younger_bid=242 younger_rid=242 older_bid=233 older_rid=233 younger_slot=11 older_slot=10
[C:1242459][TMA.NA    ]: scb_waw_violation peId=0 scalar=0 private=0 younger_bid=245 younger_rid=245 older_bid=236 older_rid=236 younger_slot=26 older_slot=12
[C:1243451][TMA.NA    ]: scb_waw_violation peId=0 scalar=0 private=0 younger_bid=179 younger_rid=179 older_bid=170 older_rid=170 younger_slot=10 older_slot=9
[C:1243549][TMA.NA    ]: scb_waw_violation peId=0 scalar=0 private=0 younger_bid=185 younger_rid=185 older_bid=176 older_rid=176 younger_slot=9 older_slot=2
[C:1243575][TMA.NA    ]: scb_waw_violation peId=0 scalar=0 private=0 younger_bid=185 younger_rid=185 older_bid=176 older_rid=176 younger_slot=11 older_slot=10
[C:1243725][TMA.NA    ]: scb_waw_violation peId=0 scalar=0 private=0 younger_bid=188 younger_rid=188 older_bid=179 older_rid=179 younger_slot=12 older_slot=10
[C:1244707][TMA.NA    ]: scb_waw_violation peId=0 scalar=0 private=0 younger_bid=122 younger_rid=122 older_bid=113 older_rid=113 younger_slot=10 older_slot=9
[C:1244805][TMA.NA    ]: scb_waw_violation peId=0 scalar=0 private=0 younger_bid=128 younger_rid=128 older_bid=119 older_rid=119 younger_slot=9 older_slot=2
[C:1244833][TMA.NA    ]: scb_waw_violation peId=0 scalar=0 private=0 younger_bid=128 younger_rid=128 older_bid=119 older_rid=119 younger_slot=11 older_slot=10
[C:1244983][TMA.NA    ]: scb_waw_violation peId=0 scalar=0 private=0 younger_bid=131 younger_rid=131 older_bid=122 older_rid=122 younger_slot=26 older_slot=10
[C:1245965][TMA.NA    ]: scb_waw_violation peId=0 scalar=0 private=0 younger_bid=65 younger_rid=65 older_bid=56 older_rid=56 younger_slot=10 older_slot=9
[C:1246063][TMA.NA    ]: scb_waw_violation peId=0 scalar=0 private=0 younger_bid=71 younger_rid=71 older_bid=62 older_rid=62 younger_slot=9 older_slot=2
[C:1246091][TMA.NA    ]: scb_waw_violation peId=0 scalar=0 private=0 younger_bid=71 younger_rid=71 older_bid=62 older_rid=62 younger_slot=11 older_slot=10
[C:1246241][TMA.NA    ]: scb_waw_violation peId=0 scalar=0 private=0 younger_bid=74 younger_rid=74 older_bid=65 older_rid=65 younger_slot=26 older_slot=10
[C:1247253][TMA.NA    ]: scb_waw_violation peId=0 scalar=0 private=0 younger_bid=8 younger_rid=8 older_bid=255 older_rid=255 younger_slot=17 older_slot=16
[C:1247319][TMA.NA    ]: scb_waw_violation peId=0 scalar=0 private=0 younger_bid=14 younger_rid=14 older_bid=5 older_rid=5 younger_slot=10 older_slot=2
[C:1247347][TMA.NA    ]: scb_waw_violation peId=0 scalar=0 private=0 younger_bid=14 younger_rid=14 older_bid=5 older_rid=5 younger_slot=17 older_slot=16
[C:1247485][TMA.NA    ]: scb_waw_violation peId=0 scalar=0 private=0 younger_bid=17 younger_rid=17 older_bid=8 older_rid=8 younger_slot=10 older_slot=9
[C:1248503][TMA.NA    ]: scb_waw_violation peId=0 scalar=0 private=0 younger_bid=207 younger_rid=207 older_bid=198 older_rid=198 younger_slot=14 older_slot=15
[C:1248577][TMA.NA    ]: scb_waw_violation peId=0 scalar=0 private=0 younger_bid=213 younger_rid=213 older_bid=204 older_rid=204 younger_slot=9 older_slot=2
[C:1248603][TMA.NA    ]: scb_waw_violation peId=0 scalar=0 private=0 younger_bid=213 younger_rid=213 older_bid=204 older_rid=204 younger_slot=15 older_slot=14
[C:1248741][TMA.NA    ]: scb_waw_violation peId=0 scalar=0 private=0 younger_bid=216 younger_rid=216 older_bid=207 older_rid=207 younger_slot=26 older_slot=10
[C:1249791][TMA.NA    ]: scb_waw_violation peId=0 scalar=0 private=0 younger_bid=150 younger_rid=150 older_bid=141 older_rid=141 younger_slot=23 older_slot=22
[C:1249833][TMA.NA    ]: scb_waw_violation peId=0 scalar=0 private=0 younger_bid=156 younger_rid=156 older_bid=147 older_rid=147 younger_slot=25 older_slot=16
[C:1249861][TMA.NA    ]: scb_waw_violation peId=0 scalar=0 private=0 younger_bid=156 younger_rid=156 older_bid=147 older_rid=147 younger_slot=27 older_slot=26
[C:1249969][TMA.NA    ]: scb_waw_violation peId=0 scalar=0 private=0 younger_bid=159 younger_rid=159 older_bid=150 older_rid=150 younger_slot=9 older_slot=2
[C:1250993][TMA.NA    ]: scb_waw_violation peId=0 scalar=0 private=0 younger_bid=93 younger_rid=93 older_bid=84 older_rid=84 younger_slot=10 older_slot=9
[C:1251089][TMA.NA    ]: scb_waw_violation peId=0 scalar=0 private=0 younger_bid=99 younger_rid=99 older_bid=90 older_rid=90 younger_slot=9 older_slot=2
[C:1251117][TMA.NA    ]: scb_waw_violation peId=0 scalar=0 private=0 younger_bid=99 younger_rid=99 older_bid=90 older_rid=90 younger_slot=11 older_slot=10
[C:1251267][TMA.NA    ]: scb_waw_violation peId=0 scalar=0 private=0 younger_bid=102 younger_rid=102 older_bid=93 older_rid=93 younger_slot=12 older_slot=10
[C:1252281][TMA.NA    ]: scb_waw_violation peId=0 scalar=0 private=0 younger_bid=36 younger_rid=36 older_bid=27 older_rid=27 younger_slot=18 older_slot=17
[C:1252345][TMA.NA    ]: scb_waw_violation peId=0 scalar=0 private=0 younger_bid=42 younger_rid=42 older_bid=33 older_rid=33 younger_slot=9 older_slot=2
[C:1252373][TMA.NA    ]: scb_waw_violation peId=0 scalar=0 private=0 younger_bid=42 younger_rid=42 older_bid=33 older_rid=33 younger_slot=18 older_slot=17
[C:1252511][TMA.NA    ]: scb_waw_violation peId=0 scalar=0 private=0 younger_bid=45 younger_rid=45 older_bid=36 older_rid=36 younger_slot=26 older_slot=10
[C:1268278][TMA.NA    ]: scb_waw_violation peId=0 scalar=0 private=0 younger_bid=183 younger_rid=183 older_bid=170 older_rid=170 younger_slot=1 older_slot=0
Simulation time: 716s 
+-------------------------+--------------+
| Block Control Config Name | Value        |
+-------------------------+--------------+
| inst_decode_bw          | 4            |
| block_rob_depth         | 256          |
| BISQ:cube_isq_depth     | 32           |
| BISQ:vector_isq_depth   | 32           |
+-------------------------+--------------+
+-------------------+--------------+
| CUBE Config Name  | Value        |
+-------------------+--------------+
| uop_isq_depth     | 32           |
| tcvt_isq_depth    | 16           |
| L0A_size          | 32           |
| L0B_size          | 32           |
| L0C_size          | 32           |
+-------------------+--------------+
===================SuperScalar NPU Stats====================
Total Cycles.....................................:   1282647
================SuperScalar Unified Top-Down================
Retiring.........................................:     45.48%
Bad Speculation..................................:      2.92%
Frontend Bound...................................:      0.01%
CMD Bound........................................:      0.17%
Backend Bound....................................:     51.42%
=============Top-Down Normalization Diagnostics=============
Bad Speculation Clipped Slots....................:         0
Frontend Bound Clipped Slots.....................:         0
  |-- LD Retiring................................:      3.04%
  |-- ST Retiring................................:      1.60%
  |-- BR Retiring................................:      0.00%
  |-- ALU Retiring...............................:     40.84%
  |-- Other Retiring.............................:      0.00%
  |-- Misprediction..............................:      0.09%
  |-- Machine Clear..............................:      2.83%
  |-- Fetch Latency..............................:      0.00%
  |-- Fetch Bandwidth............................:      0.01%
    |-- Branch Resteering........................:      0.00%
    |-- ITLB/BTLB miss...........................:      0.00%
    |-- BHC miss penalty.........................:      0.00%
    |-- Other fetch lat..........................:      0.00%
    |-- Decode Stall.............................:      0.00%
    |-- Rename Stall.............................:      0.00%
    |-- BROB Stall...............................:      0.00%
    |-- SYS Block Stall..........................:      0.00%
  |-- CMD queue backpressure.....................:      0.17%
    |-- Operand not ready........................:      0.08%
    |-- BIQ capacity full........................:      0.09%
      |-- CUBE BIQ full..........................:      0.00%
      |-- VECTOR BIQ full........................:      0.09%
      |-- TLSU BIQ full..........................:      0.00%
      |-- GROUP/SHU BIQ full.....................:      0.00%
      |-- Other BIQ full.........................:      0.00%
    |-- TileReg capacity full....................:      0.00%
    |-- GPR LPV/no-cancel gate...................:      0.00%
    |-- Other CMD queue block....................:      0.00%
  |-- CMDPipe tile backpressure..................:      0.00%
    |-- TileReg resource unavailable.............:      0.00%
    |-- Other CMDPipe stall......................:      0.00%
  |-- Other CMD control..........................:      0.00%
  |-- Memory Bound...............................:      0.00%
  |-- Core Bound.................................:     51.42%
    |-- L1 Bound.................................:      0.00%
    |-- L2 Bound.................................:      0.00%
    |-- L3/DRAM Bound............................:      0.00%
    |-- Store Bound..............................:      0.00%
    |-- Scalar ALU...............................:     22.18%
    |-- Cube.....................................:      0.00%
    |-- Vector...................................:      2.41%
    |-- TLSU Tload...............................:     13.86%
    |-- TLSU Tstore..............................:     12.97%
    |-- TLSU TMOV................................:      0.00%
    |-- Idle.....................................:      0.00%
    |-- Other Core...............................:      0.00%
      |-- Simple ALU pipe full...................:      0.00%
      |-- Complex INT busy.......................:      2.49%
      |-- Branch port busy.......................:     11.12%
===============Top-Down Boundary Attribution================
IFU-OEX boundary observations (slots)............:   5130588
  |-- Frontend supply bubble (F5)................:      1.47%
  |-- Backend backpressure (F5)..................:      4.96%
  |-- Delivered to OEX (F5)......................:     93.57%
CMD queue/Pipe boundary observations (cycles)....:   1282647
  |-- CMD queue supply bubble....................:     92.82%
  |-- CMD queue backpressure.....................:      0.17%
  |-- CMD blocked union cycles...................:      2176
  |-- CMD issued slots...........................:    195343
  |-- CMD IQ TileOp issue count..................:     28352
  |-- CMD IQ non-empty cycles....................:     92089
  |-- CMD IQ TileOp issue rate (tileops/cycle)...:0.30787608
  |-- CMDPipe tile backpressure events...........:         0
=======Core-Cycles Oldest-Block Top-Down (diagnostic)=======
Core cycles......................................:   1282647
L1 Retiring......................................:      0.01%
L1 Recovery......................................:      0.00%
L1 Frontend Bound................................:     91.44%
L1 CMD Bound.....................................:      0.00%
L1 Backend Bound.................................:      8.54%
L1 Idle/Other....................................:      0.01%
  |-- L2 Memory Bound............................:      0.08%
  |-- L2 Group Sync Bound........................:      0.00%
  |-- L2 Core Bound..............................:      8.46%
    |-- L3 Cube..................................:      0.00%
    |-- L3 Vector................................:      1.44%
    |-- L3 TLSU..................................:      7.02%
    |-- L3 Scalar ALU............................:      0.00%
      |-- L4 Cube execution/queue owner..........:      0.00%
      |-- L4 Vector execution owner..............:      1.44%
      |-- L4 TLSU Tload owner....................:      1.66%
      |-- L4 TLSU Tstore owner...................:      5.36%
      |-- L4 Scalar ALU owner....................:      0.00%
Core-cycle attribution sum.......................:   1282647
STID0 oldest observations........................:   1282647
STID1 oldest observations........................:   1282647
STID2 oldest observations........................:   1282647
STID3 oldest observations........................:   1282647
  |-- RETIRING representative STID...............:         0
  |-- RETIRING representative BID................:         0
  |-- RETIRING participant mask..................:        15
  |-- FRONTEND_BOUND representative STID.........:         0
  |-- FRONTEND_BOUND representative BID..........:         0
  |-- FRONTEND_BOUND participant mask............:        15
  |-- CMD_BOUND representative STID..............:         0
  |-- CMD_BOUND representative BID...............:       247
  |-- CMD_BOUND participant mask.................:         1
  |-- MEMORY_BOUND representative STID...........:         0
  |-- MEMORY_BOUND representative BID............:         6
  |-- MEMORY_BOUND participant mask..............:        15
  |-- TLSU_TLOAD representative STID.............:         3
  |-- TLSU_TLOAD representative BID..............:         0
  |-- TLSU_TLOAD participant mask................:        15
  |-- TLSU_TSTORE representative STID............:         3
  |-- TLSU_TSTORE representative BID.............:         0
  |-- TLSU_TSTORE participant mask...............:        15
  |-- VECTOR representative STID.................:         0
  |-- VECTOR representative BID..................:         0
  |-- VECTOR participant mask....................:        15
  |-- FLUSH_RECOVERY representative STID.........:         0
  |-- FLUSH_RECOVERY representative BID..........:       247
  |-- FLUSH_RECOVERY participant mask............:         1
  |-- IDLE_NO_OLDEST representative STID.........:         0
  |-- IDLE_NO_OLDEST representative BID..........:18446744073709551615
  |-- IDLE_NO_OLDEST participant mask............:        15
===================superScalar Key Stats====================
superScalar Tileop Total Cycles..................:   5130588
  |--Cube Tileop Total Cycles....................:         0
  |--Vector Tileop Total Cycles..................:     69554
  |--TLSU Tileop Total Cycles....................:    295057
superScalar Total Tileop Counter.................:     28352
  |--Cube Execute Tileop Counter.................:         0
  |--Vector Execute Tileop Counter...............:     19200
  |--TLSU Execute Tileop Counter.................:      9152
    |--AccountExpTlsuCellReads...................:       256
    |--AccountExpTlsuCellWrites..................:         0
superScalar Run Tileop Wall Cycles...............:   1060936
  |--Cube Busy Resource-Cycles (PE-summed).......:         0
  |--Vector Busy Resource-Cycles (PE-summed).....:    262708
  |--TLSU Busy Resource-Cycles (PE-summed).......:   1057632
  |--Cube Active Wall Cycles (union).............:         0
  |--Vector Active Wall Cycles (union)...........:     85991
  |--TLSU Active Wall Cycles (union).............:   1057632
    |--TLSU Tload Resource-Cycles (PE-summed)....:    787015
      |--write Blocked By Ring Cycles............:         0
    |--TLSU Tstore Resource-Cycles (PE-summed)...:    736359
    |--TLSU Tmov Resource-Cycles (PE-summed).....:         0
    |--TLSU Mgather Resource-Cycles (PE-summed)..:         0
    |--TLSU Mscatter Resource-Cycles (PE-summed).:         0
    |--TLSU Vgather Resource-Cycles (PE-summed)..:         0
    |--TLSU Vscatter Resource-Cycles (PE-summed).:         0
  |--All Cores Idle Wall Cycles..................:    221711
  |--Vector-Cube Concurrent Wall Cycles (union)..:         0
  |--Vector-Cube Active Wall Cycles (union)......:     85991
  |--Cube-TLSU Concurrent Wall Cycles (union)....:         0
  |--Cube-TLSU Active Wall Cycles (union)........:   1057632
  |--Vector-TLSU Concurrent Wall Cycles (union)..:     82687
  |--Vector-TLSU Active Wall Cycles (union)......:   1060936
=============TileOp Efficiency (explicit units)=============
PE0 CUBE ExecCycles/TileOp.......................:      0.00
PE0 CUBE TileOpRate (ops/cycle)..................:0.00000000
PE0 CUBE TileOp Occupancy (%)....................:      0.00
PE1 CUBE ExecCycles/TileOp.......................:      0.00
PE1 CUBE TileOpRate (ops/cycle)..................:0.00000000
PE1 CUBE TileOp Occupancy (%)....................:      0.00
PE2 CUBE ExecCycles/TileOp.......................:      0.00
PE2 CUBE TileOpRate (ops/cycle)..................:0.00000000
PE2 CUBE TileOp Occupancy (%)....................:      0.00
PE3 CUBE ExecCycles/TileOp.......................:      0.00
PE3 CUBE TileOpRate (ops/cycle)..................:0.00000000
PE3 CUBE TileOp Occupancy (%)....................:      0.00
PE0 VECTOR ReadLatency (cycles/op)...............:      5.96
PE0 VECTOR TileOpRate (ops/cycle)................:      0.01
PE0 VECTOR Utilization...........................:      0.04
PE0 VECTOR Utilization (issue-events)............:      0.00
PE1 VECTOR ReadLatency (cycles/op)...............:      5.06
PE1 VECTOR TileOpRate (ops/cycle)................:      0.00
PE1 VECTOR Utilization...........................:      0.02
PE1 VECTOR Utilization (issue-events)............:      0.00
PE2 VECTOR ReadLatency (cycles/op)...............:      5.02
PE2 VECTOR TileOpRate (ops/cycle)................:      0.00
PE2 VECTOR Utilization...........................:      0.02
PE2 VECTOR Utilization (issue-events)............:      0.00
PE3 VECTOR ReadLatency (cycles/op)...............:      5.00
PE3 VECTOR TileOpRate (ops/cycle)................:      0.00
PE3 VECTOR Utilization...........................:      0.02
PE3 VECTOR Utilization (issue-events)............:      0.00
PE0 TLSU Occupancy/Issue (cycles/event)..........:     61.08
PE0 TLSU IssueRate (events/cycle)................:      0.38
PE0 TLSU Utilization (%).........................:     82.47
Vector-Cube overlap ratio........................:      0.00
Vector-TLSU overlap ratio........................:      0.08
============PROB Status Occupancy (entry-cycles)============
  |--free........................................:         0
  |--alloc.......................................:  57654244
  |--renamed.....................................:         0
  |--dispatched..................................:   3371842
  |--in_queue....................................:  60883367
  |--issued......................................:  13953352
  |--executing...................................:   3330415
  |--writeback...................................:   2445427
  |--completed...................................: 130566155
  |--retired.....................................:   6247912
  |--fault.......................................:         0
  |--need_flush..................................:         0
===============Block Control Key Stats total================
Average Outstanding Block Number.................:      2.47
  |--Average Outstanding Cube Block Number.......:      0.00
  |--Average Outstanding Vector Block Number.....:      0.23
  |--Average Outstanding TLoad Number............:      1.66
  |--Average Outstanding TStore Number...........:      0.58
=============Block Control Key Stats SThread 0==============
Average Outstanding Block Number.................:      0.64
  |--Average Outstanding Cube Block Number.......:      0.00
  |--Average Outstanding Vector Block Number.....:      0.09
  |--Average Outstanding TLoad Number............:      0.41
  |--Average Outstanding TStore Number...........:      0.14
=============Block Control Key Stats SThread 1==============
Average Outstanding Block Number.................:      0.60
  |--Average Outstanding Cube Block Number.......:      0.00
  |--Average Outstanding Vector Block Number.....:      0.05
  |--Average Outstanding TLoad Number............:      0.41
  |--Average Outstanding TStore Number...........:      0.14
=============Block Control Key Stats SThread 2==============
Average Outstanding Block Number.................:      0.59
  |--Average Outstanding Cube Block Number.......:      0.00
  |--Average Outstanding Vector Block Number.....:      0.05
  |--Average Outstanding TLoad Number............:      0.40
  |--Average Outstanding TStore Number...........:      0.14
=============Block Control Key Stats SThread 3==============
Average Outstanding Block Number.................:      0.64
  |--Average Outstanding Cube Block Number.......:      0.00
  |--Average Outstanding Vector Block Number.....:      0.05
  |--Average Outstanding TLoad Number............:      0.44
  |--Average Outstanding TStore Number...........:      0.15
===================CubeCore 0 Statistics====================
Cube Total Cycles................................:   1282647
Cube MAC Exec Occupancy..........................:         0    0.00%
Cube MAC Utilization.............................:      0.00    0.00%
Cube Logical MAC Count...........................:         0
Cube Equivalent MAC Count........................:      0.00
Cube Equivalent MAC Rate (MAC/cycle).............:      0.00
Cube core workload units (dtype-normalized)......:      0.00
Cube core workload rate (units/cycle)............:0.00000000
Cube Achieved TFLOPS (equivalent MACs, 1.65GHz)..:  0.000000
Cube core exe tileop count.......................:         0
L0A Tag Hits (A resident)........................:         0
L0A Tag Misses (A resident)......................:         0
L0A Tag Flushes (A resident).....................:         0
Cube Uop Generated Count.........................:         0
Cube core retired uop count......................:         0
Cube core total load count.......................:         0
Cube core total store count (CellReg TileC writes):         0
==================InternalAcc Feature PMU===================
internal_acc_entry_alloc_count...................:         0
internal_acc_entry_read_count....................:         0
internal_acc_entry_write_count...................:         0
internal_acc_entry_peak_occupancy................:         0
internal_acc_active_cycles.......................:         0
internal_acc_entry_unavailable_stall_cycles......:         0
internal_acc_entry_lookup_wait_stall_cycles......:         0
internal_acc_entry_not_ready_stall_cycles........:         0
internal_acc_stale_reference_count...............:         0
Cube FP16 Logical MAC Count......................:         0
Cube FP16 Equivalent MAC Count...................:      0.00
Cube FP8 Logical MAC Count.......................:         0
Cube FP8 Equivalent MAC Count....................:      0.00
Cube FP4 Logical MAC Count.......................:         0
Cube FP4 Equivalent MAC Count....................:      0.00
Cube TileOp Occupancy............................:         0    0.00%
Cube Load Outstanding............................:         0    0.00%
Cube FixPipe/Store Occupancy.....................:         0    0.00%
Cube core average acc slot use...................:       N/A
Cube core average l0a entry use..................:       N/A
Cube core average l0b entry use..................:       N/A
Cube core average l0a entry use busy.............:       N/A
Cube core average l0b entry use busy.............:       N/A
Cube core average acc slot use busy..............:       N/A
Cube MAC Range...................................:         0
Cube Load Range..................................:         0
Cube Store Range.................................:         0
Cube Load-MAC Range Overlap......................:         0     N/A
accSlotAllocCount................................:         0
accSlotFreeCount.................................:         0
accSlotPeakInUse.................................:         0
accSlotWaitCount.................................:         0
bandPairMapPeakSize..............................:         0
bandPairMapFinalSize.............................:         0
batchDistributeCount.............................:         0
batchFallbackCount...............................:         0
m0TileCReadCount.................................:         0
m1TileCReadCount.................................:         0
tileCReadRequestCount............................:         0
tileCReadBytes...................................:         0
batchMissedDistributeCount.......................:         0
uniqueTileCSourceAddresses.......................:         0
Cube core exe uop count..........................:         0
Cube core retired uop count......................:         0
Cube core total load count.......................:         0
Cube core total store count (CellReg TileC writes):         0
  |--CellReg Load Count..........................:         0
    |--CellReg TileA Count.......................:         0
    |--CellReg TileB Count.......................:         0
    |--CellReg TileC Count.......................:         0
    |--CellReg LeftScale Count...................:         0
    |--CellReg RightScale Count..................:         0
  |--CellReg Load Bytes..........................:         0
    |--CellReg TileA Bytes.......................:         0
    |--CellReg TileB Bytes.......................:         0
    |--CellReg TileC Bytes.......................:         0
    |--CellReg LeftScale Bytes...................:         0
    |--CellReg RightScale Bytes..................:         0
  |--CellReg Store Count.........................:         0
    |--CellReg TileC Count.......................:         0
  |--CellReg Store Bytes.........................:         0
    |--CellReg TileC Bytes.......................:         0
  |--ShareTReg Load Count........................:         0
    |--ShareTReg TileA Count.....................:         0
    |--ShareTReg TileB Count.....................:         0
  |--ShareTReg Load Bytes........................:         0
    |--ShareTReg TileA Bytes.....................:         0
    |--ShareTReg TileB Bytes.....................:         0
  |--Exp CellReg Load Count......................:         0
    |--Exp CellReg TileA Count...................:         0
    |--Exp CellReg TileB Count...................:         0
    |--Exp CellReg TileC Count...................:         0
    |--Exp CellReg LeftScale Count...............:         0
    |--Exp CellReg RightScale Count..............:         0
  |--Exp CellReg Load Delta......................:      0.00
  |--Exp CellReg Store Count.....................:         0
  |--Exp CellReg Store Delta.....................:      0.00
  |--Exp ShareTReg Load Count....................:         0
  |--Exp ShareTReg Load Cache Skip...............:         0
  |--Exp ShareTReg Load Delta....................:      0.00
Cube core cannot pick main chain uop ratio.......:         0     N/A
Cube core pick cub chain uop ratio...............:         0     N/A
Cube busy cycle..................................:         0
Cube core mmad busy cycle........................:         0     N/A
Cube core load busy cycle........................:         0     N/A
Cube core store busy cycle.......................:         0     N/A
  UtilMacW (array exec)..........................:         0
    |--UtilMacWMad (systolic MAC phase)..........:         0
    |--UtilMacWRamp (staging/fill-drain).........:         0
  UtilMacO (operand in-flight)...................:         0
  UtilMacA (exec/writeback struct)...............:         0
  UtilMacD (dependency chain)....................:         0
  UtilMacI (issue/rename struct).................:         0
  UtilMacS (no tile).............................:   1282647
  UtilMacUnaccounted.............................:         0
  UtilMacCycles..................................:   1282647
    |--UtilMacSub_O_L0InFlight...................:         0
    |--UtilMacSub_O_ScaleInFlight................:         0
    |--UtilMacSub_O_LoadPath.....................:         0
    |--UtilMacSub_O_LdUopBuf.....................:         0
    |--UtilMacSub_A_AllocBackpressure............:         0
    |--UtilMacSub_A_StoreInFlight................:         0
    |--UtilMacSub_A_FixPipeAnnounce..............:         0
    |--UtilMacSub_A_UopBufQueue..................:         0
    |--UtilMacSub_A_TileBoundary.................:         0
    |--UtilMacSub_A_AccPoolFull..................:         0
    |--UtilMacSub_A_AccEntryRelease..............:         0
    |--UtilMacSub_D_KLoopChain...................:         0
    |--UtilMacSub_D_AccEntryNotReady.............:         0
    |--UtilMacSubO_Reconcile.....................:      0.00
    |--UtilMacSubA_Reconcile.....................:      0.00
    |--UtilMacSubD_Reconcile.....................:      0.00
    |--UtilMacSub_O_L0InFlight_A.................:         0
    |--UtilMacSub_O_L0InFlight_B.................:         0
    |--UtilMacSub_O_L0InFlight_C.................:         0
    |--UtilMacSub_O_L0InFlight_Other.............:         0
    |--UtilMacSubO_L0Split_Reconcile.............:      0.00
  UtilMacIssue_Issued............................:         0
  UtilMacIssue_CStreamWait.......................:         0
  UtilMacIssue_L0InFlight........................:         0
  UtilMacIssue_ScaleInFlight.....................:         0
  UtilMacIssue_AllocBackpressure.................:         0
  UtilMacIssue_KLoopChain........................:         0
  UtilMacIssue_UopBufQueue.......................:         0
  UtilMacIssue_LdUopBufQueue.....................:         0
  UtilMacIssue_NoTile............................:   1282647
  UtilMacIssue_TileBoundary......................:         0
  UtilMacIssue_Unaccounted.......................:         0
  UtilMacIssue_Reconcile.........................:      0.00
  UtilMacIssue_L0InFlight_A......................:         0
  UtilMacIssue_L0InFlight_B......................:         0
  UtilMacIssue_L0InFlight_C......................:         0
  UtilMacIssue_L0InFlight_Other..................:         0
  UtilMacIssue_L0Split_Reconcile.................:      0.00
  UtilMacStageOcc................................:         0
  RenameAllocAFailCycles.........................:         0
  RenameAllocBFailCycles.........................:         0
  RenameFifoFullCycles...........................:         0
  UtilMacStageIdle...............................:         0
  UtilMacStage_Reconcile.........................:      0.00
  UtilMacFillWeightedUtil........................:      0.00
  UtilMacShadow_CwaitCycles......................:         0
  UtilMacShadow_L0WithCwait......................:         0
  UtilMacStageIdleByCause_Reconcile..............:      0.00
===================CubeCore 1 Statistics====================
Cube Total Cycles................................:   1282647
Cube MAC Exec Occupancy..........................:         0    0.00%
Cube MAC Utilization.............................:      0.00    0.00%
Cube Logical MAC Count...........................:         0
Cube Equivalent MAC Count........................:      0.00
Cube Equivalent MAC Rate (MAC/cycle).............:      0.00
Cube core workload units (dtype-normalized)......:      0.00
Cube core workload rate (units/cycle)............:0.00000000
Cube Achieved TFLOPS (equivalent MACs, 1.65GHz)..:  0.000000
Cube core exe tileop count.......................:         0
L0A Tag Hits (A resident)........................:         0
L0A Tag Misses (A resident)......................:         0
L0A Tag Flushes (A resident).....................:         0
Cube Uop Generated Count.........................:         0
Cube core retired uop count......................:         0
Cube core total load count.......................:         0
Cube core total store count (CellReg TileC writes):         0
==================InternalAcc Feature PMU===================
internal_acc_entry_alloc_count...................:         0
internal_acc_entry_read_count....................:         0
internal_acc_entry_write_count...................:         0
internal_acc_entry_peak_occupancy................:         0
internal_acc_active_cycles.......................:         0
internal_acc_entry_unavailable_stall_cycles......:         0
internal_acc_entry_lookup_wait_stall_cycles......:         0
internal_acc_entry_not_ready_stall_cycles........:         0
internal_acc_stale_reference_count...............:         0
Cube FP16 Logical MAC Count......................:         0
Cube FP16 Equivalent MAC Count...................:      0.00
Cube FP8 Logical MAC Count.......................:         0
Cube FP8 Equivalent MAC Count....................:      0.00
Cube FP4 Logical MAC Count.......................:         0
Cube FP4 Equivalent MAC Count....................:      0.00
Cube TileOp Occupancy............................:         0    0.00%
Cube Load Outstanding............................:         0    0.00%
Cube FixPipe/Store Occupancy.....................:         0    0.00%
Cube core average acc slot use...................:       N/A
Cube core average l0a entry use..................:       N/A
Cube core average l0b entry use..................:       N/A
Cube core average l0a entry use busy.............:       N/A
Cube core average l0b entry use busy.............:       N/A
Cube core average acc slot use busy..............:       N/A
Cube MAC Range...................................:         0
Cube Load Range..................................:         0
Cube Store Range.................................:         0
Cube Load-MAC Range Overlap......................:         0     N/A
accSlotAllocCount................................:         0
accSlotFreeCount.................................:         0
accSlotPeakInUse.................................:         0
accSlotWaitCount.................................:         0
bandPairMapPeakSize..............................:         0
bandPairMapFinalSize.............................:         0
batchDistributeCount.............................:         0
batchFallbackCount...............................:         0
m0TileCReadCount.................................:         0
m1TileCReadCount.................................:         0
tileCReadRequestCount............................:         0
tileCReadBytes...................................:         0
batchMissedDistributeCount.......................:         0
uniqueTileCSourceAddresses.......................:         0
Cube core exe uop count..........................:         0
Cube core retired uop count......................:         0
Cube core total load count.......................:         0
Cube core total store count (CellReg TileC writes):         0
  |--CellReg Load Count..........................:         0
    |--CellReg TileA Count.......................:         0
    |--CellReg TileB Count.......................:         0
    |--CellReg TileC Count.......................:         0
    |--CellReg LeftScale Count...................:         0
    |--CellReg RightScale Count..................:         0
  |--CellReg Load Bytes..........................:         0
    |--CellReg TileA Bytes.......................:         0
    |--CellReg TileB Bytes.......................:         0
    |--CellReg TileC Bytes.......................:         0
    |--CellReg LeftScale Bytes...................:         0
    |--CellReg RightScale Bytes..................:         0
  |--CellReg Store Count.........................:         0
    |--CellReg TileC Count.......................:         0
  |--CellReg Store Bytes.........................:         0
    |--CellReg TileC Bytes.......................:         0
  |--ShareTReg Load Count........................:         0
    |--ShareTReg TileA Count.....................:         0
    |--ShareTReg TileB Count.....................:         0
  |--ShareTReg Load Bytes........................:         0
    |--ShareTReg TileA Bytes.....................:         0
    |--ShareTReg TileB Bytes.....................:         0
  |--Exp CellReg Load Count......................:         0
    |--Exp CellReg TileA Count...................:         0
    |--Exp CellReg TileB Count...................:         0
    |--Exp CellReg TileC Count...................:         0
    |--Exp CellReg LeftScale Count...............:         0
    |--Exp CellReg RightScale Count..............:         0
  |--Exp CellReg Load Delta......................:      0.00
  |--Exp CellReg Store Count.....................:         0
  |--Exp CellReg Store Delta.....................:      0.00
  |--Exp ShareTReg Load Count....................:         0
  |--Exp ShareTReg Load Cache Skip...............:         0
  |--Exp ShareTReg Load Delta....................:      0.00
Cube core cannot pick main chain uop ratio.......:         0     N/A
Cube core pick cub chain uop ratio...............:         0     N/A
Cube busy cycle..................................:         0
Cube core mmad busy cycle........................:         0     N/A
Cube core load busy cycle........................:         0     N/A
Cube core store busy cycle.......................:         0     N/A
  UtilMacW (array exec)..........................:         0
    |--UtilMacWMad (systolic MAC phase)..........:         0
    |--UtilMacWRamp (staging/fill-drain).........:         0
  UtilMacO (operand in-flight)...................:         0
  UtilMacA (exec/writeback struct)...............:         0
  UtilMacD (dependency chain)....................:         0
  UtilMacI (issue/rename struct).................:         0
  UtilMacS (no tile).............................:   1282647
  UtilMacUnaccounted.............................:         0
  UtilMacCycles..................................:   1282647
    |--UtilMacSub_O_L0InFlight...................:         0
    |--UtilMacSub_O_ScaleInFlight................:         0
    |--UtilMacSub_O_LoadPath.....................:         0
    |--UtilMacSub_O_LdUopBuf.....................:         0
    |--UtilMacSub_A_AllocBackpressure............:         0
    |--UtilMacSub_A_StoreInFlight................:         0
    |--UtilMacSub_A_FixPipeAnnounce..............:         0
    |--UtilMacSub_A_UopBufQueue..................:         0
    |--UtilMacSub_A_TileBoundary.................:         0
    |--UtilMacSub_A_AccPoolFull..................:         0
    |--UtilMacSub_A_AccEntryRelease..............:         0
    |--UtilMacSub_D_KLoopChain...................:         0
    |--UtilMacSub_D_AccEntryNotReady.............:         0
    |--UtilMacSubO_Reconcile.....................:      0.00
    |--UtilMacSubA_Reconcile.....................:      0.00
    |--UtilMacSubD_Reconcile.....................:      0.00
    |--UtilMacSub_O_L0InFlight_A.................:         0
    |--UtilMacSub_O_L0InFlight_B.................:         0
    |--UtilMacSub_O_L0InFlight_C.................:         0
    |--UtilMacSub_O_L0InFlight_Other.............:         0
    |--UtilMacSubO_L0Split_Reconcile.............:      0.00
  UtilMacIssue_Issued............................:         0
  UtilMacIssue_CStreamWait.......................:         0
  UtilMacIssue_L0InFlight........................:         0
  UtilMacIssue_ScaleInFlight.....................:         0
  UtilMacIssue_AllocBackpressure.................:         0
  UtilMacIssue_KLoopChain........................:         0
  UtilMacIssue_UopBufQueue.......................:         0
  UtilMacIssue_LdUopBufQueue.....................:         0
  UtilMacIssue_NoTile............................:   1282647
  UtilMacIssue_TileBoundary......................:         0
  UtilMacIssue_Unaccounted.......................:         0
  UtilMacIssue_Reconcile.........................:      0.00
  UtilMacIssue_L0InFlight_A......................:         0
  UtilMacIssue_L0InFlight_B......................:         0
  UtilMacIssue_L0InFlight_C......................:         0
  UtilMacIssue_L0InFlight_Other..................:         0
  UtilMacIssue_L0Split_Reconcile.................:      0.00
  UtilMacStageOcc................................:         0
  RenameAllocAFailCycles.........................:         0
  RenameAllocBFailCycles.........................:         0
  RenameFifoFullCycles...........................:         0
  UtilMacStageIdle...............................:         0
  UtilMacStage_Reconcile.........................:      0.00
  UtilMacFillWeightedUtil........................:      0.00
  UtilMacShadow_CwaitCycles......................:         0
  UtilMacShadow_L0WithCwait......................:         0
  UtilMacStageIdleByCause_Reconcile..............:      0.00
===================CubeCore 2 Statistics====================
Cube Total Cycles................................:   1282647
Cube MAC Exec Occupancy..........................:         0    0.00%
Cube MAC Utilization.............................:      0.00    0.00%
Cube Logical MAC Count...........................:         0
Cube Equivalent MAC Count........................:      0.00
Cube Equivalent MAC Rate (MAC/cycle).............:      0.00
Cube core workload units (dtype-normalized)......:      0.00
Cube core workload rate (units/cycle)............:0.00000000
Cube Achieved TFLOPS (equivalent MACs, 1.65GHz)..:  0.000000
Cube core exe tileop count.......................:         0
L0A Tag Hits (A resident)........................:         0
L0A Tag Misses (A resident)......................:         0
L0A Tag Flushes (A resident).....................:         0
Cube Uop Generated Count.........................:         0
Cube core retired uop count......................:         0
Cube core total load count.......................:         0
Cube core total store count (CellReg TileC writes):         0
==================InternalAcc Feature PMU===================
internal_acc_entry_alloc_count...................:         0
internal_acc_entry_read_count....................:         0
internal_acc_entry_write_count...................:         0
internal_acc_entry_peak_occupancy................:         0
internal_acc_active_cycles.......................:         0
internal_acc_entry_unavailable_stall_cycles......:         0
internal_acc_entry_lookup_wait_stall_cycles......:         0
internal_acc_entry_not_ready_stall_cycles........:         0
internal_acc_stale_reference_count...............:         0
Cube FP16 Logical MAC Count......................:         0
Cube FP16 Equivalent MAC Count...................:      0.00
Cube FP8 Logical MAC Count.......................:         0
Cube FP8 Equivalent MAC Count....................:      0.00
Cube FP4 Logical MAC Count.......................:         0
Cube FP4 Equivalent MAC Count....................:      0.00
Cube TileOp Occupancy............................:         0    0.00%
Cube Load Outstanding............................:         0    0.00%
Cube FixPipe/Store Occupancy.....................:         0    0.00%
Cube core average acc slot use...................:       N/A
Cube core average l0a entry use..................:       N/A
Cube core average l0b entry use..................:       N/A
Cube core average l0a entry use busy.............:       N/A
Cube core average l0b entry use busy.............:       N/A
Cube core average acc slot use busy..............:       N/A
Cube MAC Range...................................:         0
Cube Load Range..................................:         0
Cube Store Range.................................:         0
Cube Load-MAC Range Overlap......................:         0     N/A
accSlotAllocCount................................:         0
accSlotFreeCount.................................:         0
accSlotPeakInUse.................................:         0
accSlotWaitCount.................................:         0
bandPairMapPeakSize..............................:         0
bandPairMapFinalSize.............................:         0
batchDistributeCount.............................:         0
batchFallbackCount...............................:         0
m0TileCReadCount.................................:         0
m1TileCReadCount.................................:         0
tileCReadRequestCount............................:         0
tileCReadBytes...................................:         0
batchMissedDistributeCount.......................:         0
uniqueTileCSourceAddresses.......................:         0
Cube core exe uop count..........................:         0
Cube core retired uop count......................:         0
Cube core total load count.......................:         0
Cube core total store count (CellReg TileC writes):         0
  |--CellReg Load Count..........................:         0
    |--CellReg TileA Count.......................:         0
    |--CellReg TileB Count.......................:         0
    |--CellReg TileC Count.......................:         0
    |--CellReg LeftScale Count...................:         0
    |--CellReg RightScale Count..................:         0
  |--CellReg Load Bytes..........................:         0
    |--CellReg TileA Bytes.......................:         0
    |--CellReg TileB Bytes.......................:         0
    |--CellReg TileC Bytes.......................:         0
    |--CellReg LeftScale Bytes...................:         0
    |--CellReg RightScale Bytes..................:         0
  |--CellReg Store Count.........................:         0
    |--CellReg TileC Count.......................:         0
  |--CellReg Store Bytes.........................:         0
    |--CellReg TileC Bytes.......................:         0
  |--ShareTReg Load Count........................:         0
    |--ShareTReg TileA Count.....................:         0
    |--ShareTReg TileB Count.....................:         0
  |--ShareTReg Load Bytes........................:         0
    |--ShareTReg TileA Bytes.....................:         0
    |--ShareTReg TileB Bytes.....................:         0
  |--Exp CellReg Load Count......................:         0
    |--Exp CellReg TileA Count...................:         0
    |--Exp CellReg TileB Count...................:         0
    |--Exp CellReg TileC Count...................:         0
    |--Exp CellReg LeftScale Count...............:         0
    |--Exp CellReg RightScale Count..............:         0
  |--Exp CellReg Load Delta......................:      0.00
  |--Exp CellReg Store Count.....................:         0
  |--Exp CellReg Store Delta.....................:      0.00
  |--Exp ShareTReg Load Count....................:         0
  |--Exp ShareTReg Load Cache Skip...............:         0
  |--Exp ShareTReg Load Delta....................:      0.00
Cube core cannot pick main chain uop ratio.......:         0     N/A
Cube core pick cub chain uop ratio...............:         0     N/A
Cube busy cycle..................................:         0
Cube core mmad busy cycle........................:         0     N/A
Cube core load busy cycle........................:         0     N/A
Cube core store busy cycle.......................:         0     N/A
  UtilMacW (array exec)..........................:         0
    |--UtilMacWMad (systolic MAC phase)..........:         0
    |--UtilMacWRamp (staging/fill-drain).........:         0
  UtilMacO (operand in-flight)...................:         0
  UtilMacA (exec/writeback struct)...............:         0
  UtilMacD (dependency chain)....................:         0
  UtilMacI (issue/rename struct).................:         0
  UtilMacS (no tile).............................:   1282647
  UtilMacUnaccounted.............................:         0
  UtilMacCycles..................................:   1282647
    |--UtilMacSub_O_L0InFlight...................:         0
    |--UtilMacSub_O_ScaleInFlight................:         0
    |--UtilMacSub_O_LoadPath.....................:         0
    |--UtilMacSub_O_LdUopBuf.....................:         0
    |--UtilMacSub_A_AllocBackpressure............:         0
    |--UtilMacSub_A_StoreInFlight................:         0
    |--UtilMacSub_A_FixPipeAnnounce..............:         0
    |--UtilMacSub_A_UopBufQueue..................:         0
    |--UtilMacSub_A_TileBoundary.................:         0
    |--UtilMacSub_A_AccPoolFull..................:         0
    |--UtilMacSub_A_AccEntryRelease..............:         0
    |--UtilMacSub_D_KLoopChain...................:         0
    |--UtilMacSub_D_AccEntryNotReady.............:         0
    |--UtilMacSubO_Reconcile.....................:      0.00
    |--UtilMacSubA_Reconcile.....................:      0.00
    |--UtilMacSubD_Reconcile.....................:      0.00
    |--UtilMacSub_O_L0InFlight_A.................:         0
    |--UtilMacSub_O_L0InFlight_B.................:         0
    |--UtilMacSub_O_L0InFlight_C.................:         0
    |--UtilMacSub_O_L0InFlight_Other.............:         0
    |--UtilMacSubO_L0Split_Reconcile.............:      0.00
  UtilMacIssue_Issued............................:         0
  UtilMacIssue_CStreamWait.......................:         0
  UtilMacIssue_L0InFlight........................:         0
  UtilMacIssue_ScaleInFlight.....................:         0
  UtilMacIssue_AllocBackpressure.................:         0
  UtilMacIssue_KLoopChain........................:         0
  UtilMacIssue_UopBufQueue.......................:         0
  UtilMacIssue_LdUopBufQueue.....................:         0
  UtilMacIssue_NoTile............................:   1282647
  UtilMacIssue_TileBoundary......................:         0
  UtilMacIssue_Unaccounted.......................:         0
  UtilMacIssue_Reconcile.........................:      0.00
  UtilMacIssue_L0InFlight_A......................:         0
  UtilMacIssue_L0InFlight_B......................:         0
  UtilMacIssue_L0InFlight_C......................:         0
  UtilMacIssue_L0InFlight_Other..................:         0
  UtilMacIssue_L0Split_Reconcile.................:      0.00
  UtilMacStageOcc................................:         0
  RenameAllocAFailCycles.........................:         0
  RenameAllocBFailCycles.........................:         0
  RenameFifoFullCycles...........................:         0
  UtilMacStageIdle...............................:         0
  UtilMacStage_Reconcile.........................:      0.00
  UtilMacFillWeightedUtil........................:      0.00
  UtilMacShadow_CwaitCycles......................:         0
  UtilMacShadow_L0WithCwait......................:         0
  UtilMacStageIdleByCause_Reconcile..............:      0.00
===================CubeCore 3 Statistics====================
Cube Total Cycles................................:   1282647
Cube MAC Exec Occupancy..........................:         0    0.00%
Cube MAC Utilization.............................:      0.00    0.00%
Cube Logical MAC Count...........................:         0
Cube Equivalent MAC Count........................:      0.00
Cube Equivalent MAC Rate (MAC/cycle).............:      0.00
Cube core workload units (dtype-normalized)......:      0.00
Cube core workload rate (units/cycle)............:0.00000000
Cube Achieved TFLOPS (equivalent MACs, 1.65GHz)..:  0.000000
Cube core exe tileop count.......................:         0
L0A Tag Hits (A resident)........................:         0
L0A Tag Misses (A resident)......................:         0
L0A Tag Flushes (A resident).....................:         0
Cube Uop Generated Count.........................:         0
Cube core retired uop count......................:         0
Cube core total load count.......................:         0
Cube core total store count (CellReg TileC writes):         0
==================InternalAcc Feature PMU===================
internal_acc_entry_alloc_count...................:         0
internal_acc_entry_read_count....................:         0
internal_acc_entry_write_count...................:         0
internal_acc_entry_peak_occupancy................:         0
internal_acc_active_cycles.......................:         0
internal_acc_entry_unavailable_stall_cycles......:         0
internal_acc_entry_lookup_wait_stall_cycles......:         0
internal_acc_entry_not_ready_stall_cycles........:         0
internal_acc_stale_reference_count...............:         0
Cube FP16 Logical MAC Count......................:         0
Cube FP16 Equivalent MAC Count...................:      0.00
Cube FP8 Logical MAC Count.......................:         0
Cube FP8 Equivalent MAC Count....................:      0.00
Cube FP4 Logical MAC Count.......................:         0
Cube FP4 Equivalent MAC Count....................:      0.00
Cube TileOp Occupancy............................:         0    0.00%
Cube Load Outstanding............................:         0    0.00%
Cube FixPipe/Store Occupancy.....................:         0    0.00%
Cube core average acc slot use...................:       N/A
Cube core average l0a entry use..................:       N/A
Cube core average l0b entry use..................:       N/A
Cube core average l0a entry use busy.............:       N/A
Cube core average l0b entry use busy.............:       N/A
Cube core average acc slot use busy..............:       N/A
Cube MAC Range...................................:         0
Cube Load Range..................................:         0
Cube Store Range.................................:         0
Cube Load-MAC Range Overlap......................:         0     N/A
accSlotAllocCount................................:         0
accSlotFreeCount.................................:         0
accSlotPeakInUse.................................:         0
accSlotWaitCount.................................:         0
bandPairMapPeakSize..............................:         0
bandPairMapFinalSize.............................:         0
batchDistributeCount.............................:         0
batchFallbackCount...............................:         0
m0TileCReadCount.................................:         0
m1TileCReadCount.................................:         0
tileCReadRequestCount............................:         0
tileCReadBytes...................................:         0
batchMissedDistributeCount.......................:         0
uniqueTileCSourceAddresses.......................:         0
Cube core exe uop count..........................:         0
Cube core retired uop count......................:         0
Cube core total load count.......................:         0
Cube core total store count (CellReg TileC writes):         0
  |--CellReg Load Count..........................:         0
    |--CellReg TileA Count.......................:         0
    |--CellReg TileB Count.......................:         0
    |--CellReg TileC Count.......................:         0
    |--CellReg LeftScale Count...................:         0
    |--CellReg RightScale Count..................:         0
  |--CellReg Load Bytes..........................:         0
    |--CellReg TileA Bytes.......................:         0
    |--CellReg TileB Bytes.......................:         0
    |--CellReg TileC Bytes.......................:         0
    |--CellReg LeftScale Bytes...................:         0
    |--CellReg RightScale Bytes..................:         0
  |--CellReg Store Count.........................:         0
    |--CellReg TileC Count.......................:         0
  |--CellReg Store Bytes.........................:         0
    |--CellReg TileC Bytes.......................:         0
  |--ShareTReg Load Count........................:         0
    |--ShareTReg TileA Count.....................:         0
    |--ShareTReg TileB Count.....................:         0
  |--ShareTReg Load Bytes........................:         0
    |--ShareTReg TileA Bytes.....................:         0
    |--ShareTReg TileB Bytes.....................:         0
  |--Exp CellReg Load Count......................:         0
    |--Exp CellReg TileA Count...................:         0
    |--Exp CellReg TileB Count...................:         0
    |--Exp CellReg TileC Count...................:         0
    |--Exp CellReg LeftScale Count...............:         0
    |--Exp CellReg RightScale Count..............:         0
  |--Exp CellReg Load Delta......................:      0.00
  |--Exp CellReg Store Count.....................:         0
  |--Exp CellReg Store Delta.....................:      0.00
  |--Exp ShareTReg Load Count....................:         0
  |--Exp ShareTReg Load Cache Skip...............:         0
  |--Exp ShareTReg Load Delta....................:      0.00
Cube core cannot pick main chain uop ratio.......:         0     N/A
Cube core pick cub chain uop ratio...............:         0     N/A
Cube busy cycle..................................:         0
Cube core mmad busy cycle........................:         0     N/A
Cube core load busy cycle........................:         0     N/A
Cube core store busy cycle.......................:         0     N/A
  UtilMacW (array exec)..........................:         0
    |--UtilMacWMad (systolic MAC phase)..........:         0
    |--UtilMacWRamp (staging/fill-drain).........:         0
  UtilMacO (operand in-flight)...................:         0
  UtilMacA (exec/writeback struct)...............:         0
  UtilMacD (dependency chain)....................:         0
  UtilMacI (issue/rename struct).................:         0
  UtilMacS (no tile).............................:   1282647
  UtilMacUnaccounted.............................:         0
  UtilMacCycles..................................:   1282647
    |--UtilMacSub_O_L0InFlight...................:         0
    |--UtilMacSub_O_ScaleInFlight................:         0
    |--UtilMacSub_O_LoadPath.....................:         0
    |--UtilMacSub_O_LdUopBuf.....................:         0
    |--UtilMacSub_A_AllocBackpressure............:         0
    |--UtilMacSub_A_StoreInFlight................:         0
    |--UtilMacSub_A_FixPipeAnnounce..............:         0
    |--UtilMacSub_A_UopBufQueue..................:         0
    |--UtilMacSub_A_TileBoundary.................:         0
    |--UtilMacSub_A_AccPoolFull..................:         0
    |--UtilMacSub_A_AccEntryRelease..............:         0
    |--UtilMacSub_D_KLoopChain...................:         0
    |--UtilMacSub_D_AccEntryNotReady.............:         0
    |--UtilMacSubO_Reconcile.....................:      0.00
    |--UtilMacSubA_Reconcile.....................:      0.00
    |--UtilMacSubD_Reconcile.....................:      0.00
    |--UtilMacSub_O_L0InFlight_A.................:         0
    |--UtilMacSub_O_L0InFlight_B.................:         0
    |--UtilMacSub_O_L0InFlight_C.................:         0
    |--UtilMacSub_O_L0InFlight_Other.............:         0
    |--UtilMacSubO_L0Split_Reconcile.............:      0.00
  UtilMacIssue_Issued............................:         0
  UtilMacIssue_CStreamWait.......................:         0
  UtilMacIssue_L0InFlight........................:         0
  UtilMacIssue_ScaleInFlight.....................:         0
  UtilMacIssue_AllocBackpressure.................:         0
  UtilMacIssue_KLoopChain........................:         0
  UtilMacIssue_UopBufQueue.......................:         0
  UtilMacIssue_LdUopBufQueue.....................:         0
  UtilMacIssue_NoTile............................:   1282647
  UtilMacIssue_TileBoundary......................:         0
  UtilMacIssue_Unaccounted.......................:         0
  UtilMacIssue_Reconcile.........................:      0.00
  UtilMacIssue_L0InFlight_A......................:         0
  UtilMacIssue_L0InFlight_B......................:         0
  UtilMacIssue_L0InFlight_C......................:         0
  UtilMacIssue_L0InFlight_Other..................:         0
  UtilMacIssue_L0Split_Reconcile.................:      0.00
  UtilMacStageOcc................................:         0
  RenameAllocAFailCycles.........................:         0
  RenameAllocBFailCycles.........................:         0
  RenameFifoFullCycles...........................:         0
  UtilMacStageIdle...............................:         0
  UtilMacStage_Reconcile.........................:      0.00
  UtilMacFillWeightedUtil........................:      0.00
  UtilMacShadow_CwaitCycles......................:         0
  UtilMacShadow_L0WithCwait......................:         0
  UtilMacStageIdleByCause_Reconcile..............:      0.00
=============== TLSU tile-store STQ residency peId=0 ===============
  resident entry-cycles ....................: 1898627
  |-- addr/interval not resolved ...........: 0  (0.00%)
  |-- tile data (rename) not ready .........: 1894067  (99.76%)
  |-- BLOCKED BY NON-FLUSH POINTER .........: 244  (0.01%)
  |-- older store still in STQ .............: 28  (0.00%)
  |-- SCB full ............................: 0  (0.00%)
  store_issue=168405 scb_enter=168405 stq_peak=85 scb_peak=63
  private_l1_handoff: fragments=164117 acks=164117 wait_entry_cycles=164161 balanced=yes
  invariants: stq_conservation=OK (created=164184 destroyed=164184) a3_tile_violation=0 scb_flush_hit=0 scb_waw_scalar=0 scb_waw_tile=259 nuke=1
=============== TLOAD Sub-path peId=0 ===============
  occupancy entry-cycles ..................: 14405037 (48.57%)
  issue events ............................: 317145
=============== TSTORE Sub-path peId=0 ===============
  occupancy entry-cycles ..................: 15253531 (51.43%)
  issue events ............................: 168405
=============== TMOV Sub-path peId=0 ===============
  occupancy entry-cycles ..................: 0 (0.00%)
  issue events ............................: 0
========================Streaming L2========================
l2_tr_read_sent..................................:      6304
l2_tr_read_response..............................:      6304
l2_tr_read_wait_cycles...........................:     23200
l2_tr_read_queue_full_cycles.....................:         0
l2_tr_write_sent.................................:      5127
l2_tr_write_response.............................:      5127
l2_tr_write_wait_cycles..........................:     30998
l2_tr_write_queue_full_cycles....................:         0
l2_rwdb_entry_full_cycles........................:         0
l2_prior_read_raw_renames........................:         3
l2_starvation_bypass_cycles......................:         0
=====================Retired block Type=====================
Retired Block Num................................:    597361
  |--Retired STD Block Num.......................:    569009
  |--Retired PARALLEL Block Num..................:     28352
    |--Retired CUBE Block Num....................:         0    0.00%
    |--Retired VCALL Block Num...................:     19200   67.72%
    |--Retired TLSU Block Num....................:      9152   32.28%
  |--Retired SYS Block Num.......................:         0
  |--Retired FP Block Num........................:         0
  |--Retired OTHER Block Num.....................:         0
==================Retired Template Opcode===================
FENTRY...........................................:         5
FEXIT............................................:         0
FRET.............................................:         5
MEMSET...........................................:         9
MEMCOPY..........................................:         1
Retired Instruction Number.......................:   4666391
  |--Retired Scalar Inst Number..................:   4666391
  |--Retired Vec Inst Number.....................:         0
Retired Cube TileOp Number.......................:         0
Blocks Per Cycle.................................:  0.465725
IPC..............................................:  3.638095
Average BROB occupancy...........................:    155.08
  |--STID0 Average BROB occupancy................: 54.473897
  |--STID1 Average BROB occupancy................: 35.740092
  |--STID2 Average BROB occupancy................: 32.181133
  |--STID3 Average BROB occupancy................: 32.684870
Effective window size............................:    221.12
MPKB.............................................:     16.09
MPKI.............................................:      2.06
Simulation speed (Kilo Insts Per Second).........:      6.52
Discontinuous BPC Count..........................:    282416
Average Continuous BPC Length....................:  2.115181
Average fetch minsts/header per cycle............:     13.94
==========Block Control Detail Stats(Tile rename)===========
Tile capacity sample cycles......................:   1282647
Tile virtual tag capacity T/U/M/N (all threads)..:      4096
Tile virtual peak live tags T/U/M/N (all threads):       556
Tile physical CellReg capacity per PE(B).........:    262144
Tile physical CellReg capacity all PEs(B)........:   1048576
Tile lazy physical allocation enabled............:         0
Tile TLOAD first-data-ready bind enabled.........:         0
Tile physical bind requests......................:         0
Tile physical bind grants........................:         0
Tile physical bind failures......................:         0
Tile rename-to-bind average cycles...............:       N/A
Tile average virtual-only live tags..............:      0.00
Tile stale cell wakeup events....................:         0
Tile register average tag num....................:    202.10
  |--T...........................................:     52.54
  |--U...........................................:     51.43
  |--M...........................................:     50.24
  |--N...........................................:     47.89
  |--ACC.........................................:      0.00
  |--STK.........................................:      0.00
  |--DEP.........................................:      0.00
  |--MCALL_GPR...................................:      0.00
  |--MCALL_STK...................................:      0.00
Tile virtual average requested bytes (all threads):  88870.14
Tile virtual sum of per-hand peak requested bytes:    138368
Tile virtual simultaneous peak requested bytes (all threads):    164480
Tile physical simultaneous peak occupied bytes (all PEs):     38272
Tile physical simultaneous peak occupied cells (all PEs):       299
  |--T virtual requested bytes...................:  11141.42
  |--T virtual peak requested bytes..............:     11008
  |--U virtual requested bytes...................:  14774.51
  |--U virtual peak requested bytes..............:     26752
  |--M virtual requested bytes...................:  12351.60
  |--M virtual peak requested bytes..............:     26880
  |--N virtual requested bytes...................:  50602.61
  |--N virtual peak requested bytes..............:     73728
  |--ACC virtual requested bytes.................:      0.00
  |--ACC virtual peak requested bytes............:         0
  |--STK virtual requested bytes.................:      0.00
  |--STK virtual peak requested bytes............:         0
  |--DEP virtual requested bytes.................:      0.00
  |--DEP virtual peak requested bytes............:         0
  |--MCALL_GPR virtual requested bytes...........:      0.00
  |--MCALL_GPR virtual peak requested bytes......:         0
  |--MCALL_STK virtual requested bytes...........:      0.00
  |--MCALL_STK virtual peak requested bytes......:         0
Tile register average occupied bytes (all threads):   1540.14
Tile register average utilization (%)............:    0.1469
  |--T occupied bytes............................:       250   16.23%
  |--U occupied bytes............................:       513   33.31%
  |--M occupied bytes............................:       301   19.55%
  |--N occupied bytes............................:       473   30.71%
  |--ACC occupied bytes..........................:         0    0.00%
  |--STK occupied bytes..........................:         0    0.00%
  |--DEP occupied bytes..........................:         0    0.00%
  |--MCALL_GPR occupied bytes....................:         0    0.00%
  |--MCALL_STK occupied bytes....................:         0    0.00%
Tile physical configured hand size of T..........:     65536
  |-- physical peak utilization..................:18446744073709551488 28147497671065600.00%
Tile physical configured hand size of U..........:     65536
  |-- physical peak utilization..................:     12800   19.53%
Tile physical configured hand size of M..........:     65536
  |-- physical peak utilization..................:      8704   13.28%
Tile physical configured hand size of N..........:     65536
  |-- physical peak utilization..................:      8448   12.89%
STID0 TileReg average occupied bytes.............:    485.30
STID0 TileReg average utilization (%)............:    0.1851
STID0 virtual Tile average requested bytes.......:  62089.00
STID0 virtual Tile peak requested bytes..........:    129920
STID0 physical Tile peak occupied bytes..........:     30080
STID1 TileReg average occupied bytes.............:    340.59
STID1 TileReg average utilization (%)............:    0.1299
STID1 virtual Tile average requested bytes.......:   8917.72
STID1 virtual Tile peak requested bytes..........:     21888
STID1 physical Tile peak occupied bytes..........:      9984
STID2 TileReg average occupied bytes.............:    334.68
STID2 TileReg average utilization (%)............:    0.1277
STID2 virtual Tile average requested bytes.......:   8911.48
STID2 virtual Tile peak requested bytes..........:     21888
STID2 physical Tile peak occupied bytes..........:      9984
STID3 TileReg average occupied bytes.............:    379.58
STID3 TileReg average utilization (%)............:    0.1448
STID3 virtual Tile average requested bytes.......:   8951.95
STID3 virtual Tile peak requested bytes..........:     22272
STID3 physical Tile peak occupied bytes..........:      9984
Tile size-class allocator enabled................:         1
Tile allocator unit size(B)......................:       128
Tile allocator requests..........................:     23808
Tile allocator failures..........................:         0
Tile allocator successful requested units........:     35104
Tile allocator granted units.....................:     35104
Tile allocator class waste units.................:         0
Tile allocator split events......................:     16277
Tile allocator merge events......................:     16470
Tile allocator sum of per-thread peak(B).........:     60032
==============Block Control Stall Stats Total===============
BRob Full Stall..................................:         0
RENAME Stall.....................................:         0
Block Rename Get Stall...........................:         0
Block Rename Set Stall...........................:         0
BIsq Full Stall .................................:     26326
TileReg Full Stall ..............................:         0
============Block Control Stall Stats SThread 0=============
BRob Full Stall..................................:         0
RENAME Stall.....................................:         0
Block Rename Get Stall...........................:         0
Block Rename Set Stall...........................:         0
BIsq Full Stall .................................:      5390
TileReg Full Stall ..............................:         0
InternalAcc Credit Wait..........................:         0
internal_acc_chain_allocated.....................:         0
internal_acc_chain_completed.....................:         0
internal_acc_chain_flush_released................:         0
internal_acc_block_head..........................:         0
internal_acc_block_mid...........................:         0
internal_acc_block_tail..........................:         0
internal_acc_chain_order_wait_stall_cycles.......:         0
internal_acc_dispatch_queue_full_wait_cycles.....:         0
============Block Control Stall Stats SThread 1=============
BRob Full Stall..................................:         0
RENAME Stall.....................................:         0
Block Rename Get Stall...........................:         0
Block Rename Set Stall...........................:         0
BIsq Full Stall .................................:      5687
TileReg Full Stall ..............................:         0
InternalAcc Credit Wait..........................:         0
internal_acc_chain_allocated.....................:         0
internal_acc_chain_completed.....................:         0
internal_acc_chain_flush_released................:         0
internal_acc_block_head..........................:         0
internal_acc_block_mid...........................:         0
internal_acc_block_tail..........................:         0
internal_acc_chain_order_wait_stall_cycles.......:         0
internal_acc_dispatch_queue_full_wait_cycles.....:         0
============Block Control Stall Stats SThread 2=============
BRob Full Stall..................................:         0
RENAME Stall.....................................:         0
Block Rename Get Stall...........................:         0
Block Rename Set Stall...........................:         0
BIsq Full Stall .................................:      4672
TileReg Full Stall ..............................:         0
InternalAcc Credit Wait..........................:         0
internal_acc_chain_allocated.....................:         0
internal_acc_chain_completed.....................:         0
internal_acc_chain_flush_released................:         0
internal_acc_block_head..........................:         0
internal_acc_block_mid...........................:         0
internal_acc_block_tail..........................:         0
internal_acc_chain_order_wait_stall_cycles.......:         0
internal_acc_dispatch_queue_full_wait_cycles.....:         0
============Block Control Stall Stats SThread 3=============
BRob Full Stall..................................:         0
RENAME Stall.....................................:         0
Block Rename Get Stall...........................:         0
Block Rename Set Stall...........................:         0
BIsq Full Stall .................................:     10577
TileReg Full Stall ..............................:         0
InternalAcc Credit Wait..........................:         0
internal_acc_chain_allocated.....................:         0
internal_acc_chain_completed.....................:         0
internal_acc_chain_flush_released................:         0
internal_acc_block_head..........................:         0
internal_acc_block_mid...........................:         0
internal_acc_block_tail..........................:         0
internal_acc_chain_order_wait_stall_cycles.......:         0
internal_acc_dispatch_queue_full_wait_cycles.....:         0
============CtlStack (BISQ park head, per-stid)=============
  CtlStackG_S0...................................:     65843
  CtlStackBIQFull_S0.............................:         0
  CtlStackPortBudget_S0..........................:         0
  CtlStackCellRename_S0..........................:         0
  CtlStackGroupGate_S0...........................:         0
  CtlStackTlsuBusy_S0............................:         4
  CtlStackPeCluster_S0...........................:         0
  CtlStackEmpty_S0...............................:   1216800
  CtlStackUnaccounted_S0.........................:         0
  CtlStackSyscallGate_S0.........................:         0
  CtlStackResidual_S0............................:         0
  CtlStackG_S1...................................:     43145
  CtlStackBIQFull_S1.............................:         0
  CtlStackPortBudget_S1..........................:         0
  CtlStackCellRename_S1..........................:         0
  CtlStackGroupGate_S1...........................:         0
  CtlStackTlsuBusy_S1............................:         0
  CtlStackPeCluster_S1...........................:         0
  CtlStackEmpty_S1...............................:   1239502
  CtlStackUnaccounted_S1.........................:         0
  CtlStackSyscallGate_S1.........................:         0
  CtlStackResidual_S1............................:         0
  CtlStackG_S2...................................:     43145
  CtlStackBIQFull_S2.............................:         0
  CtlStackPortBudget_S2..........................:         0
  CtlStackCellRename_S2..........................:         0
  CtlStackGroupGate_S2...........................:         0
  CtlStackTlsuBusy_S2............................:         0
  CtlStackPeCluster_S2...........................:         0
  CtlStackEmpty_S2...............................:   1239502
  CtlStackUnaccounted_S2.........................:         0
  CtlStackSyscallGate_S2.........................:         0
  CtlStackResidual_S2............................:         0
  CtlStackG_S3...................................:     43148
  CtlStackBIQFull_S3.............................:         0
  CtlStackPortBudget_S3..........................:         0
  CtlStackCellRename_S3..........................:         0
  CtlStackGroupGate_S3...........................:         0
  CtlStackTlsuBusy_S3............................:         0
  CtlStackPeCluster_S3...........................:         0
  CtlStackEmpty_S3...............................:   1239499
  CtlStackUnaccounted_S3.........................:         0
  CtlStackSyscallGate_S3.........................:         0
  CtlStackResidual_S3............................:         0
==============CtlStack0 (fetch slot, per-stid)==============
  CtlStack0G0_S0.................................:     65843
  CtlStack0Empty0_S0.............................:   1216804
  CtlStack0Held0_S0..............................:         0
  CtlStack0Residual_S0...........................:         0
  CtlStack0G0_S1.................................:     43145
  CtlStack0Empty0_S1.............................:   1239502
  CtlStack0Held0_S1..............................:         0
  CtlStack0Residual_S1...........................:         0
  CtlStack0G0_S2.................................:     43145
  CtlStack0Empty0_S2.............................:   1239502
  CtlStack0Held0_S2..............................:         0
  CtlStack0Residual_S2...........................:         0
  CtlStack0G0_S3.................................:     43148
  CtlStack0Empty0_S3.............................:   1239499
  CtlStack0Held0_S3..............................:         0
  CtlStack0Residual_S3...........................:         0
==============CtlStack2 (BIQ dispatch, per-IQ)==============
  CtlStack2G_CUBE................................:         0
  CtlStack2Empty_CUBE............................:   1282647
  CtlStack2ReadyWait_CUBE........................:         0
  CtlStack2DispQFull_CUBE........................:         0
  CtlStack2Unaccounted_CUBE......................:         0
  CtlStack2Residual_CUBE.........................:         0
  CtlStack2G_VEC_PE0.............................:      6528
  CtlStack2Empty_VEC_PE0.........................:   1181268
  CtlStack2ReadyWait_VEC_PE0.....................:     94851
  CtlStack2DispQFull_VEC_PE0.....................:         0
  CtlStack2Unaccounted_VEC_PE0...................:         0
  CtlStack2Residual_VEC_PE0......................:         0
  CtlStack2G_VEC_PE1.............................:      4224
  CtlStack2Empty_VEC_PE1.........................:   1206996
  CtlStack2ReadyWait_VEC_PE1.....................:     71427
  CtlStack2DispQFull_VEC_PE1.....................:         0
  CtlStack2Unaccounted_VEC_PE1...................:         0
  CtlStack2Residual_VEC_PE1......................:         0
  CtlStack2G_VEC_PE2.............................:      4224
  CtlStack2Empty_VEC_PE2.........................:   1206891
  CtlStack2ReadyWait_VEC_PE2.....................:     71532
  CtlStack2DispQFull_VEC_PE2.....................:         0
  CtlStack2Unaccounted_VEC_PE2...................:         0
  CtlStack2Residual_VEC_PE2......................:         0
  CtlStack2G_VEC_PE3.............................:      4224
  CtlStack2Empty_VEC_PE3.........................:   1206430
  CtlStack2ReadyWait_VEC_PE3.....................:     71993
  CtlStack2DispQFull_VEC_PE3.....................:         0
  CtlStack2Unaccounted_VEC_PE3...................:         0
  CtlStack2Residual_VEC_PE3......................:         0
============TileCell lifetime by producer module============
  TileCell OccCellCycles_CUBE....................:         0
  TileCell FreedCells_CUBE.......................:         0
  TileCell AvgLifeCycles_CUBE....................:      0.00
  TileCell MaxLifeCycles_CUBE....................:         0
  TileCell OccCellCycles_VEC.....................:  16632644
  TileCell FreedCells_VEC........................:     29980
  TileCell AvgLifeCycles_VEC.....................:    554.79
  TileCell MaxLifeCycles_VEC.....................:      1757
  TileCell OccCellCycles_TLSU....................:  19447756
  TileCell FreedCells_TLSU.......................:      5086
  TileCell AvgLifeCycles_TLSU....................:   3823.78
  TileCell MaxLifeCycles_TLSU....................:    855971
  TileCell OccCellCycles_Other...................:         0
  TileCell FreedCells_Other......................:         0
  TileCell AvgLifeCycles_Other...................:      0.00
  TileCell MaxLifeCycles_Other...................:         0
==========GmmaGenSpread (lockstep 4-PE divergence)==========
  GenCount (4-PE complete).......................:         0
  IssueSpreadMean................................:       N/A
  IssueSpreadMax.................................:         0
  CompleteSpreadMean.............................:       N/A
  CompleteSpreadMax..............................:         0
  CompleteSpreadBucket_le4.......................:         0
  CompleteSpreadBucket_5to16.....................:         0
  CompleteSpreadBucket_17to64....................:         0
  CompleteSpreadBucket_gt64......................:         0
  FirstDivergenceGen (completeSpread>8)..........:         0
  FirstDivergenceCycle...........................:         0
  FirstDivergenceSpread..........................:         0
=====Block Control Detail Stats(Flush Statistics) Total=====
intra-block ld-st conflict.......................:         0
inter-block ld-st conflict.......................:         1
intra-block misp.................................:         0
inter-block misp.................................:      9842
===Block Control Detail Stats(Flush Statistics) SThread 0===
intra-block ld-st conflict.......................:         0
inter-block ld-st conflict.......................:         1
intra-block misp.................................:         0
inter-block misp.................................:      3065
===Block Control Detail Stats(Flush Statistics) SThread 1===
intra-block ld-st conflict.......................:         0
inter-block ld-st conflict.......................:         0
intra-block misp.................................:         0
inter-block misp.................................:      2248
===Block Control Detail Stats(Flush Statistics) SThread 2===
intra-block ld-st conflict.......................:         0
inter-block ld-st conflict.......................:         0
intra-block misp.................................:         0
inter-block misp.................................:      2285
===Block Control Detail Stats(Flush Statistics) SThread 3===
intra-block ld-st conflict.......................:         0
inter-block ld-st conflict.......................:         0
intra-block misp.................................:         0
inter-block misp.................................:      2244
=====================SPE OOO&IEX stats======================
decode inst bubble...............................:   5487245
average decode bundle............................:      0.00
Thread0 Pick Cnt.................................:   1169335
Thread1 Pick Cnt.................................:   1199456
Thread2 Pick Cnt.................................:   1202092
Thread3 Pick Cnt.................................:   1202096
Thread0 rob stall cnt............................:     70304
Thread1 rob stall cnt............................:     39506
Thread2 rob stall cnt............................:     37122
Thread3 rob stall cnt............................:     37352
decode pe rob stall..............................:         0
decode local gpr stall...........................:         0
inst buffer stall................................:         0
predicate reg stall..............................:         0
vector reg ptag stall............................:         0
vector local scalar reg stall....................:         0
retired ld inst..................................:    311977
retired st inst..................................:    163983
retired scalar inst..............................:   4666391
retired vector inst..............................:         0
retired div/sqrt inst............................:         0
MAPQ lg0 stall...................................:      2271
MAPQ lg1 stall...................................:      4028
MAPQ lg2 stall...................................:      2305
MAPQ lg3 stall...................................:      6811
ROB lg0 stall....................................:     70304
ROB lg1 stall....................................:     39506
ROB lg2 stall....................................:     37122
ROB lg3 stall....................................:     37352
Thread0 decode cycle.............................:    318818
Thread1 decode cycle.............................:    320968
Thread2 decode cycle.............................:    321238
Thread3 decode cycle.............................:    321166
Thread0 alloc cycle..............................:    243870
Thread1 alloc cycle..............................:    276629
Thread2 alloc cycle..............................:    278936
Thread3 alloc cycle..............................:    278777
Thread0 rename cycle.............................:    241274
Thread1 rename cycle.............................:    274913
Thread2 rename cycle.............................:    276565
Thread3 rename cycle.............................:    277393
Thread0 d2_s1 dispatch cnt.......................:    206230
Thread1 d2_s1 dispatch cnt.......................:    205293
Thread2 d2_s1 dispatch cnt.......................:    262774
Thread3 d2_s1 dispatch cnt.......................:    267058
Thread0 slots_total..............................:   2550544
Thread1 slots_total..............................:   2567744
Thread2 slots_total..............................:   2569904
Thread3 slots_total..............................:   2569328
Thread0 slots_rob_allocated......................:   1169335
Thread1 slots_rob_allocated......................:   1199456
Thread2 slots_rob_allocated......................:   1202092
Thread3 slots_rob_allocated......................:   1202096
Thread0 slots_fe_bubble..........................:   1381209
Thread1 slots_fe_bubble..........................:   1368288
Thread2 slots_fe_bubble..........................:   1367812
Thread3 slots_fe_bubble..........................:   1367232
Thread0 slots_idle...............................:         0
Thread1 slots_idle...............................:         0
Thread2 slots_idle...............................:         0
Thread3 slots_idle...............................:         0
Thread0 robStall.................................:    562432
Thread1 robStall.................................:    316048
Thread2 robStall.................................:    296976
Thread3 robStall.................................:    298816
Thread0 retired_load.............................:     81745
Thread1 retired_load.............................:     76660
Thread2 retired_load.............................:     76790
Thread3 retired_load.............................:     76782
Thread0 retired_store............................:     49894
Thread1 retired_store............................:     38041
Thread2 retired_store............................:     38024
Thread3 retired_store............................:     38024
Thread0 retired_innerJump........................:         0
Thread1 retired_innerJump........................:         0
Thread2 retired_innerJump........................:         0
Thread3 retired_innerJump........................:         0
Thread0 retiredAluInst...........................:   1002210
Thread1 retiredAluInst...........................:   1061375
Thread2 retiredAluInst...........................:   1063469
Thread3 retiredAluInst...........................:   1063377
Thread0 retiredSAluInst..........................:   1002210
Thread1 retiredSAluInst..........................:   1061375
Thread2 retiredSAluInst..........................:   1063469
Thread3 retiredSAluInst..........................:   1063377
Thread0 retiredVAluInst..........................:         0
Thread1 retiredVAluInst..........................:         0
Thread2 retiredVAluInst..........................:         0
Thread3 retiredVAluInst..........................:         0
Thread0 retiredScalar............................:   1133849
Thread1 retiredScalar............................:   1176076
Thread2 retiredScalar............................:   1178283
Thread3 retiredScalar............................:   1178183
Thread0 retiredVector............................:         0
Thread1 retiredVector............................:         0
Thread2 retiredVector............................:         0
Thread3 retiredVector............................:         0
Thread0 retiredDivSqrt...........................:         0
Thread1 retiredDivSqrt...........................:         0
Thread2 retiredDivSqrt...........................:         0
Thread3 retiredDivSqrt...........................:         0
====================Vector PMU Stats PE0====================
PEId.............................................:         0
TileopNum........................................:      6528
TCMPPackedTileNum................................:        96
TCMPFragmentExpected.............................:      1088
TCMPFragmentCompleted............................:      1088
TCMPFragmentCanceled.............................:         0
TCMPPackedCellWrites.............................:        96
TCMPPackWriteWaitCycles..........................:        96
TCMPFlushedTileNum...............................:         0
UopNum...........................................:     14144
SplitCellCountMismatch...........................:         0
SplitPartialCellUopCount.........................:         0
SplitUopAvgPayloadBytes..........................:       N/A
UopQDispatch_INT.................................:      2272
UopQReadyBypass_INT..............................:       261
UopQDispatchSrcBufFullCycles_INT.................:      1678
UopQDispatchSrcBufFullBlockedCycles_INT..........:      1678
VecSrcCellNotReadyCycles_INT.....................:      3485
SharedReadPortWaitCycles_INT.....................:         0
UopQDispatch_FMA.................................:         0
UopQReadyBypass_FMA..............................:         0
UopQDispatchSrcBufFullCycles_FMA.................:         0
UopQDispatchSrcBufFullBlockedCycles_FMA..........:         0
VecSrcCellNotReadyCycles_FMA.....................:        51
SharedReadPortWaitCycles_FMA.....................:         0
UopQDispatch_LNEXP...............................:         0
UopQReadyBypass_LNEXP............................:         0
UopQDispatchSrcBufFullCycles_LNEXP...............:         0
UopQDispatchSrcBufFullBlockedCycles_LNEXP........:         0
VecSrcCellNotReadyCycles_LNEXP...................:      2388
SharedReadPortWaitCycles_LNEXP...................:         0
CellReadMergedUops...............................:         0
StaticUopsIssued.................................:     11872
StaticBoardBlockCycles...........................:         1
StaticWritebacks.................................:     11872
EarlyWakeupFired.................................:      5952
StaticDynPipeBlockCycles.........................:      3024
DynStaticChainBlockCycles........................:      2580
ExpandTagHits_INT................................:       646
ExpandTagMisses_INT..............................:        63
ExpandBankFills_INT..............................:        63
ExpandTempFills_INT..............................:         0
ExpandEvicts_INT.................................:         5
ExpandTagHits_FMA................................:         0
ExpandTagMisses_FMA..............................:         0
ExpandBankFills_FMA..............................:         0
ExpandTempFills_FMA..............................:         0
ExpandEvicts_FMA.................................:         0
ExpandTagHits_LNEXP..............................:         0
ExpandTagMisses_LNEXP............................:         0
ExpandBankFills_LNEXP............................:         0
ExpandTempFills_LNEXP............................:         0
ExpandEvicts_LNEXP...............................:         0
ExpandFillDrops..................................:         0
ExpandReadStaleFallbacks cls0....................:         0
ExpandReadStaleFallbacks cls1....................:         0
ExpandReadStaleFallbacks cls2....................:         0
LeSharedPortBlockCycles..........................:         0
LeSrc1CarrySkips.................................:         0
=======Static Path Bank Access / Conflict Attribution=======
  StaticBankReads Bank[0]........................:      1138
  StaticBankReads Bank[1]........................:      1157
  StaticBankReads Bank[2]........................:      1071
  StaticBankReads Bank[3]........................:      1071
  StaticBankReads Bank[4]........................:      1000
  StaticBankReads Bank[5]........................:       999
  StaticBankReads Bank[6]........................:      1026
  StaticBankReads Bank[7]........................:       997
  StaticDetectReadBlocks Bank[0].................:       148
  StaticDetectReadBlocks Bank[1].................:       245
  StaticDetectReadBlocks Bank[2].................:        24
  StaticDetectReadBlocks Bank[3].................:        31
  StaticDetectReadBlocks Bank[4].................:       136
  StaticDetectReadBlocks Bank[5].................:       133
  StaticDetectReadBlocks Bank[6].................:        34
  StaticDetectReadBlocks Bank[7].................:        12
  StaticDetectWriteBlocks Bank[0]................:         0
  StaticDetectWriteBlocks Bank[1]................:         0
  StaticDetectWriteBlocks Bank[2]................:         0
  StaticDetectWriteBlocks Bank[3]................:         0
  StaticDetectWriteBlocks Bank[4]................:         0
  StaticDetectWriteBlocks Bank[5]................:         0
  StaticDetectWriteBlocks Bank[6]................:         0
  StaticDetectWriteBlocks Bank[7]................:         0
  StaticIntYieldBlocks Bank[0]...................:         0
  StaticIntYieldBlocks Bank[1]...................:         0
  StaticIntYieldBlocks Bank[2]...................:         0
  StaticIntYieldBlocks Bank[3]...................:         0
  StaticIntYieldBlocks Bank[4]...................:         0
  StaticIntYieldBlocks Bank[5]...................:         0
  StaticIntYieldBlocks Bank[6]...................:         0
  StaticIntYieldBlocks Bank[7]...................:         0
  StaticBoardOccSum Bank[0]......................:     22119
  StaticBoardOccSum Bank[1]......................:     21872
  StaticBoardOccSum Bank[2]......................:     22182
  StaticBoardOccSum Bank[3]......................:     20618
  StaticBoardOccSum Bank[4]......................:     21196
  StaticBoardOccSum Bank[5]......................:     16833
  StaticBoardOccSum Bank[6]......................:     17456
  StaticBoardOccSum Bank[7]......................:     16378
  StaticBoardOccColSum Col[0]....................:     18859
  StaticBoardOccColSum Col[1]....................:     18859
  StaticBoardOccColSum Col[2]....................:     18859
  StaticBoardOccColSum Col[3]....................:     15847
  StaticBoardOccColSum Col[4]....................:     13430
  StaticBoardOccColSum Col[5]....................:     10400
  StaticBoardOccColSum Col[6]....................:     10400
  StaticBoardOccColSum Col[7]....................:     10400
  StaticBoardOccColSum Col[8]....................:     10400
  StaticBoardOccColSum Col[9]....................:     10400
  StaticBoardOccColSum Col[10]...................:     10400
  StaticBoardOccColSum Col[11]...................:     10400
  StaticBoardOccColSum Col[12]...................:         0
  StaticBoardOccColSum Col[13]...................:         0
  StaticBoardOccColSum Col[14]...................:         0
  StaticBoardOccColSum Col[15]...................:         0
VecAluAcceptCycles_FMA...........................:       192
VecAluAcceptCycles_INT...........................:     12480
VecAluAcceptCycles_LNEXP.........................:      1472
VecTripleIssueCycles.............................:         0
VecDualIssueCycles...............................:       898
VecSingleIssueCycles.............................:     12348
VecIdleIssueCycles...............................:   1269401
CellReadMergeSaved...............................:         0
SrcBufBypassIssue................................:         0
SplitRawGateBlocked..............................:         0
SplitNoFreeSlotCycles............................:         0
IPC(UOP).........................................:  0.011027
RowExpandTileNum.................................:         0
RowReduceTileNum.................................:      1120
RowReduceLayerNum................................:         0
RowReduceUopSplit................................:      2080
RowReduceUopDone.................................:      2080
RowReduceRootWriteNum............................:      1120
RowReduceFlushedTileNum..........................:         0
RowReduceEntryUnavailableCycles..................:         0
RowReduceSplitBandwidthWaitTileCycles............:         0
RowReduceSrcBufFullTileCycles....................:         0
RowReduceLayerWaitTileCycles.....................:         0
RowReduceLayerPublishWaitTileCycles..............:         0
RowReduceReadPortWaitUopCycles...................:         0
RowReduceSourceResponseWaitUopCycles.............:         0
RowReduceIssueIntervalWaitUopCycles..............:         0
RowReduceSameGroupWaitUopCycles..................:         0
RowReduceExecPipeFullUopCycles...................:         0
RowReduceRootDstBufWaitTileCycles................:         0
RowReduceRootWritePortWaitCycles.................:         0
RowReduceRootWriteResponseWaitCycles.............:         0
RowReduceSrcNotReadyCycles.......................:      1040
RowReduceTEMPForwardHits.........................:      2034
RowReduceCellFallbackReads.......................:      1294
RedTempMacroNum..................................:         0
HybridCountGatedTiles............................:         0
ReadNum..........................................:      1088
CellReadAccessTotal..............................:     10635
CellReadAccess_INT...............................:      9038
CellReadAccess_FMA...............................:       170
CellReadAccess_LNEXP.............................:      1427
ReadLat..........................................:      5.96
  |--LatLE5......................................:        60
  |--LatLE10.....................................:      1028
  |--LatLE15.....................................:         0
  |--LatGT15.....................................:         0
WriteNum.........................................:      2752
CellWriteAccessTotal.............................:     13152
CellWriteAccess_INT..............................:     11488
CellWriteAccess_FMA..............................:       192
CellWriteAccess_LNEXP............................:      1472
TempForwardHits_INT..............................:      5196
TempForwardHits_FMA..............................:        22
TempForwardHits_LNEXP............................:        45
TempForwardMisses_INT............................:      7508
TempForwardMisses_FMA............................:       170
TempForwardMisses_LNEXP..........................:      1427
ExpandTagHits_INT................................:       646
ExpandTagHits_FMA................................:         0
ExpandTagHits_LNEXP..............................:         0
ExpandTagMisses_INT..............................:        63
ExpandTagMisses_FMA..............................:         0
ExpandTagMisses_LNEXP............................:         0
ExpandBankFills_INT..............................:        63
ExpandBankFills_FMA..............................:         0
ExpandBankFills_LNEXP............................:         0
ExpandTempFills_INT..............................:         0
ExpandTempFills_FMA..............................:         0
ExpandTempFills_LNEXP............................:         0
ExpandEvicts_INT.................................:         5
ExpandEvicts_FMA.................................:         0
ExpandEvicts_LNEXP...............................:         0
LeSharedPortBlockCycles..........................:         0
WriteLat.........................................:      1.07
  |--LatLE5......................................:      2752
  |--LatLE10.....................................:         0
  |--LatLE15.....................................:         0
  |--LatGT15.....................................:         0
AccountExpCellReads_INT..........................:     14880
AccountExpCellReads_FMA..........................:       192
AccountExpCellReads_LNEXP........................:      1472
AccountExpRedTempReads...........................:         0
AccountRedTempReads..............................:         0
AccountExpCellWrites_INT.........................:     12480
AccountExpCellWrites_FMA.........................:       192
AccountExpCellWrites_LNEXP.......................:      1472
AccountExpRedTempWrites..........................:         0
AccountExpReadsTotal.............................:     16544
AccountActReadsTotal.............................:     16544
AccountReadDelta.................................:      0.00
AccountExpWritesTotal............................:     14144
AccountActWritesTotal............................:     13152
AccountWriteDelta................................:    992.00
========================VecUtilStack========================
UtilStackW_INT...................................:     12480
UtilStackO_INT...................................:        75
UtilStackA_INT...................................:         0
UtilStackD_INT...................................:       656
UtilStackI_INT...................................:      1820
UtilStackS_INT...................................:   1267616
UtilStackUnaccounted_INT.........................:         0
UtilStackW_FMA...................................:       192
UtilStackO_FMA...................................:        51
UtilStackA_FMA...................................:         0
UtilStackD_FMA...................................:         0
UtilStackI_FMA...................................:         0
UtilStackS_FMA...................................:   1282404
UtilStackUnaccounted_FMA.........................:         0
UtilStackW_LNEXP.................................:      1472
UtilStackO_LNEXP.................................:        20
UtilStackA_LNEXP.................................:      1513
UtilStackD_LNEXP.................................:         0
UtilStackI_LNEXP.................................:         0
UtilStackS_LNEXP.................................:   1279642
UtilStackUnaccounted_LNEXP.......................:         0
UtilStackW_SHARED................................:         0
UtilStackO_SHARED................................:         0
UtilStackA_SHARED................................:         0
UtilStackD_SHARED................................:         0
UtilStackI_SHARED................................:         0
UtilStackS_SHARED................................:   1282647
UtilStackUnaccounted_SHARED......................:         0
UtilStackCycles..................................:   1282647
UtilStackVecBusy.................................:     48211
UtilStackVecExposed..............................:     48211
  UtilStackSub_O_DstWriteCfl_INT.................:         0
  UtilStackSub_O_BankCfl_INT.....................:        74
  UtilStackSub_O_SharedPort_INT..................:         0
  UtilStackSub_O_YieldFma_INT....................:         1
  UtilStackSub_O_LePort_INT......................:         0
  UtilStackSub_A_RedTempMacro_INT................:         0
  UtilStackSub_A_LeThrottle_INT..................:         0
  UtilStackSub_A_LeFifoFull_INT..................:         0
  UtilStackSub_A_IiCool_INT......................:         0
  UtilStackSub_A_DstbufFull_INT..................:         0
  UtilStackSub_A_PipeFull_INT....................:         0
  UtilStackSub_D_StaticSrc_INT...................:         0
  UtilStackSub_D_RedTempCount_INT................:         0
  UtilStackSub_D_DynSrcbuf_INT...................:       656
  UtilStackSubO_Reconcile_INT....................:      0.00
  UtilStackSubA_Reconcile_INT....................:      0.00
  UtilStackSubD_Reconcile_INT....................:      0.00
  UtilStackSub_O_DstWriteCfl_FMA.................:         0
  UtilStackSub_O_BankCfl_FMA.....................:        51
  UtilStackSub_O_SharedPort_FMA..................:         0
  UtilStackSub_O_YieldFma_FMA....................:         0
  UtilStackSub_O_LePort_FMA......................:         0
  UtilStackSub_A_RedTempMacro_FMA................:         0
  UtilStackSub_A_LeThrottle_FMA..................:         0
  UtilStackSub_A_LeFifoFull_FMA..................:         0
  UtilStackSub_A_IiCool_FMA......................:         0
  UtilStackSub_A_DstbufFull_FMA..................:         0
  UtilStackSub_A_PipeFull_FMA....................:         0
  UtilStackSub_D_StaticSrc_FMA...................:         0
  UtilStackSub_D_RedTempCount_FMA................:         0
  UtilStackSub_D_DynSrcbuf_FMA...................:         0
  UtilStackSubO_Reconcile_FMA....................:      0.00
  UtilStackSubA_Reconcile_FMA....................:      0.00
  UtilStackSubD_Reconcile_FMA....................:      0.00
  UtilStackSub_O_DstWriteCfl_LNEXP...............:         0
  UtilStackSub_O_BankCfl_LNEXP...................:         8
  UtilStackSub_O_SharedPort_LNEXP................:         0
  UtilStackSub_O_YieldFma_LNEXP..................:         0
  UtilStackSub_O_LePort_LNEXP....................:        12
  UtilStackSub_A_RedTempMacro_LNEXP..............:         0
  UtilStackSub_A_LeThrottle_LNEXP................:      1330
  UtilStackSub_A_LeFifoFull_LNEXP................:       183
  UtilStackSub_A_IiCool_LNEXP....................:         0
  UtilStackSub_A_DstbufFull_LNEXP................:         0
  UtilStackSub_A_PipeFull_LNEXP..................:         0
  UtilStackSub_D_StaticSrc_LNEXP.................:         0
  UtilStackSub_D_RedTempCount_LNEXP..............:         0
  UtilStackSub_D_DynSrcbuf_LNEXP.................:         0
  UtilStackSubO_Reconcile_LNEXP..................:      0.00
  UtilStackSubA_Reconcile_LNEXP..................:      0.00
  UtilStackSubD_Reconcile_LNEXP..................:      0.00
  UtilStackSub_O_DstWriteCfl_SHARED..............:         0
  UtilStackSub_O_BankCfl_SHARED..................:         0
  UtilStackSub_O_SharedPort_SHARED...............:         0
  UtilStackSub_O_YieldFma_SHARED.................:         0
  UtilStackSub_O_LePort_SHARED...................:         0
  UtilStackSub_A_RedTempMacro_SHARED.............:         0
  UtilStackSub_A_LeThrottle_SHARED...............:         0
  UtilStackSub_A_LeFifoFull_SHARED...............:         0
  UtilStackSub_A_IiCool_SHARED...................:         0
  UtilStackSub_A_DstbufFull_SHARED...............:         0
  UtilStackSub_A_PipeFull_SHARED.................:         0
  UtilStackSub_D_StaticSrc_SHARED................:         0
  UtilStackSub_D_RedTempCount_SHARED.............:         0
  UtilStackSub_D_DynSrcbuf_SHARED................:         0
  UtilStackSubO_Reconcile_SHARED.................:      0.00
  UtilStackSubA_Reconcile_SHARED.................:      0.00
  UtilStackSubD_Reconcile_SHARED.................:      0.00
  UtilStackOBlocker_None_INT.....................:         0
  UtilStackOBlocker_FmaRead_INT..................:         0
  UtilStackOBlocker_IntRead_INT..................:        24
  UtilStackOBlocker_LeRead_INT...................:         0
  UtilStackOBlocker_FmaWrite_INT.................:         1
  UtilStackOBlocker_IntWrite_INT.................:        50
  UtilStackOBlocker_CubeRead_INT.................:         0
  UtilStackOBlocker_CubeWrite_INT................:         0
  UtilStackOBlocker_LeWrite_INT..................:         0
  UtilStackOBlocker_Reconcile_INT................:      0.00
  UtilStackOBlocker_None_FMA.....................:         0
  UtilStackOBlocker_FmaRead_FMA..................:         0
  UtilStackOBlocker_IntRead_FMA..................:         0
  UtilStackOBlocker_LeRead_FMA...................:        50
  UtilStackOBlocker_FmaWrite_FMA.................:         0
  UtilStackOBlocker_IntWrite_FMA.................:         1
  UtilStackOBlocker_CubeRead_FMA.................:         0
  UtilStackOBlocker_CubeWrite_FMA................:         0
  UtilStackOBlocker_LeWrite_FMA..................:         0
  UtilStackOBlocker_Reconcile_FMA................:      0.00
  UtilStackOBlocker_None_LNEXP...................:         0
  UtilStackOBlocker_FmaRead_LNEXP................:         0
  UtilStackOBlocker_IntRead_LNEXP................:        12
  UtilStackOBlocker_LeRead_LNEXP.................:         0
  UtilStackOBlocker_FmaWrite_LNEXP...............:         0
  UtilStackOBlocker_IntWrite_LNEXP...............:         8
  UtilStackOBlocker_CubeRead_LNEXP...............:         0
  UtilStackOBlocker_CubeWrite_LNEXP..............:         0
  UtilStackOBlocker_LeWrite_LNEXP................:         0
  UtilStackOBlocker_Reconcile_LNEXP..............:      0.00
  UtilStackOBlocker_None_SHARED..................:         0
  UtilStackOBlocker_FmaRead_SHARED...............:         0
  UtilStackOBlocker_IntRead_SHARED...............:         0
  UtilStackOBlocker_LeRead_SHARED................:         0
  UtilStackOBlocker_FmaWrite_SHARED..............:         0
  UtilStackOBlocker_IntWrite_SHARED..............:         0
  UtilStackOBlocker_CubeRead_SHARED..............:         0
  UtilStackOBlocker_CubeWrite_SHARED.............:         0
  UtilStackOBlocker_LeWrite_SHARED...............:         0
  UtilStackOBlocker_Reconcile_SHARED.............:      0.00
YieldFmaReadCycles...............................:         0
YieldFmaWriteCycles..............................:         1
UtilStackHideRatio...............................:      0.00
UtilStackHideRatioStrict.........................:      0.00
  UtilStackIssueCombo_None.......................:   1269401
  UtilStackIssueCombo_INT........................:     11582
  UtilStackIssueCombo_FMA........................:       189
  UtilStackIssueCombo_INT+FMA....................:         3
  UtilStackIssueCombo_LE.........................:       577
  UtilStackIssueCombo_INT+LE.....................:       895
  UtilStackIssueCombo_FMA+LE.....................:         0
  UtilStackIssueCombo_INT+FMA+LE.................:         0
  UtilStackIssueCombo_SH.........................:         0
  UtilStackIssueCombo_INT+SH.....................:         0
  UtilStackIssueCombo_FMA+SH.....................:         0
  UtilStackIssueCombo_INT+FMA+SH.................:         0
  UtilStackIssueCombo_LE+SH......................:         0
  UtilStackIssueCombo_INT+LE+SH..................:         0
  UtilStackIssueCombo_FMA+LE+SH..................:         0
  UtilStackIssueCombo_INT+FMA+LE+SH..............:         0
  UtilStackIssueCombo_Reconcile..................:      0.00
  UtilStackIssueEvent_Reconcile..................:      0.00
UtilStackMultiIssueProb..........................:      0.07
UtilStackAvgIssueRate............................:      0.01
UtilStackIssueWidthUtil..........................:      0.00
====================Vector PMU Stats PE1====================
PEId.............................................:         1
TileopNum........................................:      4224
TCMPPackedTileNum................................:        64
TCMPFragmentExpected.............................:        64
TCMPFragmentCompleted............................:        64
TCMPFragmentCanceled.............................:         0
TCMPPackedCellWrites.............................:        64
TCMPPackWriteWaitCycles..........................:        64
TCMPFlushedTileNum...............................:         0
UopNum...........................................:      4928
SplitCellCountMismatch...........................:         0
SplitPartialCellUopCount.........................:         0
SplitUopAvgPayloadBytes..........................:       N/A
UopQDispatch_INT.................................:       192
UopQReadyBypass_INT..............................:         0
UopQDispatchSrcBufFullCycles_INT.................:         0
UopQDispatchSrcBufFullBlockedCycles_INT..........:         0
VecSrcCellNotReadyCycles_INT.....................:       854
SharedReadPortWaitCycles_INT.....................:         0
UopQDispatch_FMA.................................:         0
UopQReadyBypass_FMA..............................:         0
UopQDispatchSrcBufFullCycles_FMA.................:         0
UopQDispatchSrcBufFullBlockedCycles_FMA..........:         0
VecSrcCellNotReadyCycles_FMA.....................:        56
SharedReadPortWaitCycles_FMA.....................:         0
UopQDispatch_LNEXP...............................:         0
UopQReadyBypass_LNEXP............................:         0
UopQDispatchSrcBufFullCycles_LNEXP...............:         0
UopQDispatchSrcBufFullBlockedCycles_LNEXP........:         0
VecSrcCellNotReadyCycles_LNEXP...................:       417
SharedReadPortWaitCycles_LNEXP...................:         0
CellReadMergedUops...............................:         0
StaticUopsIssued.................................:      4736
StaticBoardBlockCycles...........................:         0
StaticWritebacks.................................:      4736
EarlyWakeupFired.................................:      3776
StaticDynPipeBlockCycles.........................:       830
DynStaticChainBlockCycles........................:       786
ExpandTagHits_INT................................:         4
ExpandTagMisses_INT..............................:        52
ExpandBankFills_INT..............................:        52
ExpandTempFills_INT..............................:         0
ExpandEvicts_INT.................................:         2
ExpandTagHits_FMA................................:         0
ExpandTagMisses_FMA..............................:         0
ExpandBankFills_FMA..............................:         0
ExpandTempFills_FMA..............................:         0
ExpandEvicts_FMA.................................:         0
ExpandTagHits_LNEXP..............................:         0
ExpandTagMisses_LNEXP............................:         0
ExpandBankFills_LNEXP............................:         0
ExpandTempFills_LNEXP............................:         0
ExpandEvicts_LNEXP...............................:         0
ExpandFillDrops..................................:         0
ExpandReadStaleFallbacks cls0....................:         0
ExpandReadStaleFallbacks cls1....................:         0
ExpandReadStaleFallbacks cls2....................:         0
LeSharedPortBlockCycles..........................:         0
LeSrc1CarrySkips.................................:         0
=======Static Path Bank Access / Conflict Attribution=======
  StaticBankReads Bank[0]........................:       399
  StaticBankReads Bank[1]........................:       466
  StaticBankReads Bank[2]........................:       413
  StaticBankReads Bank[3]........................:       404
  StaticBankReads Bank[4]........................:       389
  StaticBankReads Bank[5]........................:       353
  StaticBankReads Bank[6]........................:       370
  StaticBankReads Bank[7]........................:       353
  StaticDetectReadBlocks Bank[0].................:        15
  StaticDetectReadBlocks Bank[1].................:        34
  StaticDetectReadBlocks Bank[2].................:        14
  StaticDetectReadBlocks Bank[3].................:        33
  StaticDetectReadBlocks Bank[4].................:        25
  StaticDetectReadBlocks Bank[5].................:        14
  StaticDetectReadBlocks Bank[6].................:        17
  StaticDetectReadBlocks Bank[7].................:        10
  StaticDetectWriteBlocks Bank[0]................:         0
  StaticDetectWriteBlocks Bank[1]................:         0
  StaticDetectWriteBlocks Bank[2]................:         0
  StaticDetectWriteBlocks Bank[3]................:         0
  StaticDetectWriteBlocks Bank[4]................:         0
  StaticDetectWriteBlocks Bank[5]................:         0
  StaticDetectWriteBlocks Bank[6]................:         0
  StaticDetectWriteBlocks Bank[7]................:         0
  StaticIntYieldBlocks Bank[0]...................:         0
  StaticIntYieldBlocks Bank[1]...................:         0
  StaticIntYieldBlocks Bank[2]...................:         0
  StaticIntYieldBlocks Bank[3]...................:         0
  StaticIntYieldBlocks Bank[4]...................:         0
  StaticIntYieldBlocks Bank[5]...................:         0
  StaticIntYieldBlocks Bank[6]...................:         0
  StaticIntYieldBlocks Bank[7]...................:         0
  StaticBoardOccSum Bank[0]......................:      9013
  StaticBoardOccSum Bank[1]......................:      8187
  StaticBoardOccSum Bank[2]......................:      8729
  StaticBoardOccSum Bank[3]......................:      7781
  StaticBoardOccSum Bank[4]......................:      7985
  StaticBoardOccSum Bank[5]......................:      7128
  StaticBoardOccSum Bank[6]......................:      7649
  StaticBoardOccSum Bank[7]......................:      7315
  StaticBoardOccColSum Col[0]....................:      7435
  StaticBoardOccColSum Col[1]....................:      7435
  StaticBoardOccColSum Col[2]....................:      7435
  StaticBoardOccColSum Col[3]....................:      6171
  StaticBoardOccColSum Col[4]....................:      5295
  StaticBoardOccColSum Col[5]....................:      4288
  StaticBoardOccColSum Col[6]....................:      4288
  StaticBoardOccColSum Col[7]....................:      4288
  StaticBoardOccColSum Col[8]....................:      4288
  StaticBoardOccColSum Col[9]....................:      4288
  StaticBoardOccColSum Col[10]...................:      4288
  StaticBoardOccColSum Col[11]...................:      4288
  StaticBoardOccColSum Col[12]...................:         0
  StaticBoardOccColSum Col[13]...................:         0
  StaticBoardOccColSum Col[14]...................:         0
  StaticBoardOccColSum Col[15]...................:         0
VecAluAcceptCycles_FMA...........................:       192
VecAluAcceptCycles_INT...........................:      4288
VecAluAcceptCycles_LNEXP.........................:       448
VecTripleIssueCycles.............................:         0
VecDualIssueCycles...............................:        22
VecSingleIssueCycles.............................:      4884
VecIdleIssueCycles...............................:   1277741
CellReadMergeSaved...............................:         0
SrcBufBypassIssue................................:         0
SplitRawGateBlocked..............................:         0
SplitNoFreeSlotCycles............................:         0
IPC(UOP).........................................:  0.003842
RowExpandTileNum.................................:         0
RowReduceTileNum.................................:       704
RowReduceLayerNum................................:         0
RowReduceUopSplit................................:       704
RowReduceUopDone.................................:       704
RowReduceRootWriteNum............................:       704
RowReduceFlushedTileNum..........................:         0
RowReduceEntryUnavailableCycles..................:         0
RowReduceSplitBandwidthWaitTileCycles............:         0
RowReduceSrcBufFullTileCycles....................:         0
RowReduceLayerWaitTileCycles.....................:         0
RowReduceLayerPublishWaitTileCycles..............:         0
RowReduceReadPortWaitUopCycles...................:         0
RowReduceSourceResponseWaitUopCycles.............:         0
RowReduceIssueIntervalWaitUopCycles..............:         0
RowReduceSameGroupWaitUopCycles..................:         0
RowReduceExecPipeFullUopCycles...................:         0
RowReduceRootDstBufWaitTileCycles................:         0
RowReduceRootWritePortWaitCycles.................:         0
RowReduceRootWriteResponseWaitCycles.............:         0
RowReduceSrcNotReadyCycles.......................:        77
RowReduceTEMPForwardHits.........................:       739
RowReduceCellFallbackReads.......................:       221
RedTempMacroNum..................................:         0
HybridCountGatedTiles............................:         0
ReadNum..........................................:        64
CellReadAccessTotal..............................:      3275
CellReadAccess_INT...............................:      2696
CellReadAccess_FMA...............................:       177
CellReadAccess_LNEXP.............................:       402
ReadLat..........................................:      5.06
  |--LatLE5......................................:        60
  |--LatLE10.....................................:         4
  |--LatLE15.....................................:         0
  |--LatGT15.....................................:         0
WriteNum.........................................:       640
CellWriteAccessTotal.............................:      4928
CellWriteAccess_INT..............................:      4288
CellWriteAccess_FMA..............................:       192
CellWriteAccess_LNEXP............................:       448
TempForwardHits_INT..............................:      1972
TempForwardHits_FMA..............................:        15
TempForwardHits_LNEXP............................:        46
TempForwardMisses_INT............................:      2572
TempForwardMisses_FMA............................:       177
TempForwardMisses_LNEXP..........................:       402
ExpandTagHits_INT................................:         4
ExpandTagHits_FMA................................:         0
ExpandTagHits_LNEXP..............................:         0
ExpandTagMisses_INT..............................:        52
ExpandTagMisses_FMA..............................:         0
ExpandTagMisses_LNEXP............................:         0
ExpandBankFills_INT..............................:        52
ExpandBankFills_FMA..............................:         0
ExpandBankFills_LNEXP............................:         0
ExpandTempFills_INT..............................:         0
ExpandTempFills_FMA..............................:         0
ExpandTempFills_LNEXP............................:         0
ExpandEvicts_INT.................................:         2
ExpandEvicts_FMA.................................:         0
ExpandEvicts_LNEXP...............................:         0
LeSharedPortBlockCycles..........................:         0
WriteLat.........................................:      1.02
  |--LatLE5......................................:       640
  |--LatLE10.....................................:         0
  |--LatLE15.....................................:         0
  |--LatGT15.....................................:         0
AccountExpCellReads_INT..........................:      4672
AccountExpCellReads_FMA..........................:       192
AccountExpCellReads_LNEXP........................:       448
AccountExpRedTempReads...........................:         0
AccountRedTempReads..............................:         0
AccountExpCellWrites_INT.........................:      4288
AccountExpCellWrites_FMA.........................:       192
AccountExpCellWrites_LNEXP.......................:       448
AccountExpRedTempWrites..........................:         0
AccountExpReadsTotal.............................:      5312
AccountActReadsTotal.............................:      5312
AccountReadDelta.................................:      0.00
AccountExpWritesTotal............................:      4928
AccountActWritesTotal............................:      4928
AccountWriteDelta................................:      0.00
========================VecUtilStack========================
UtilStackW_INT...................................:      4288
UtilStackO_INT...................................:        80
UtilStackA_INT...................................:         0
UtilStackD_INT...................................:       667
UtilStackI_INT...................................:      1304
UtilStackS_INT...................................:   1276308
UtilStackUnaccounted_INT.........................:         0
UtilStackW_FMA...................................:       192
UtilStackO_FMA...................................:        56
UtilStackA_FMA...................................:         0
UtilStackD_FMA...................................:         0
UtilStackI_FMA...................................:         0
UtilStackS_FMA...................................:   1282399
UtilStackUnaccounted_FMA.........................:         0
UtilStackW_LNEXP.................................:       448
UtilStackO_LNEXP.................................:        11
UtilStackA_LNEXP.................................:       458
UtilStackD_LNEXP.................................:         0
UtilStackI_LNEXP.................................:         0
UtilStackS_LNEXP.................................:   1281730
UtilStackUnaccounted_LNEXP.......................:         0
UtilStackW_SHARED................................:         0
UtilStackO_SHARED................................:         0
UtilStackA_SHARED................................:         0
UtilStackD_SHARED................................:         0
UtilStackI_SHARED................................:         0
UtilStackS_SHARED................................:   1282647
UtilStackUnaccounted_SHARED......................:         0
UtilStackCycles..................................:   1282647
UtilStackVecBusy.................................:     26927
UtilStackVecExposed..............................:     26927
  UtilStackSub_O_DstWriteCfl_INT.................:         0
  UtilStackSub_O_BankCfl_INT.....................:        80
  UtilStackSub_O_SharedPort_INT..................:         0
  UtilStackSub_O_YieldFma_INT....................:         0
  UtilStackSub_O_LePort_INT......................:         0
  UtilStackSub_A_RedTempMacro_INT................:         0
  UtilStackSub_A_LeThrottle_INT..................:         0
  UtilStackSub_A_LeFifoFull_INT..................:         0
  UtilStackSub_A_IiCool_INT......................:         0
  UtilStackSub_A_DstbufFull_INT..................:         0
  UtilStackSub_A_PipeFull_INT....................:         0
  UtilStackSub_D_StaticSrc_INT...................:         0
  UtilStackSub_D_RedTempCount_INT................:         0
  UtilStackSub_D_DynSrcbuf_INT...................:       667
  UtilStackSubO_Reconcile_INT....................:      0.00
  UtilStackSubA_Reconcile_INT....................:      0.00
  UtilStackSubD_Reconcile_INT....................:      0.00
  UtilStackSub_O_DstWriteCfl_FMA.................:         0
  UtilStackSub_O_BankCfl_FMA.....................:        56
  UtilStackSub_O_SharedPort_FMA..................:         0
  UtilStackSub_O_YieldFma_FMA....................:         0
  UtilStackSub_O_LePort_FMA......................:         0
  UtilStackSub_A_RedTempMacro_FMA................:         0
  UtilStackSub_A_LeThrottle_FMA..................:         0
  UtilStackSub_A_LeFifoFull_FMA..................:         0
  UtilStackSub_A_IiCool_FMA......................:         0
  UtilStackSub_A_DstbufFull_FMA..................:         0
  UtilStackSub_A_PipeFull_FMA....................:         0
  UtilStackSub_D_StaticSrc_FMA...................:         0
  UtilStackSub_D_RedTempCount_FMA................:         0
  UtilStackSub_D_DynSrcbuf_FMA...................:         0
  UtilStackSubO_Reconcile_FMA....................:      0.00
  UtilStackSubA_Reconcile_FMA....................:      0.00
  UtilStackSubD_Reconcile_FMA....................:      0.00
  UtilStackSub_O_DstWriteCfl_LNEXP...............:         0
  UtilStackSub_O_BankCfl_LNEXP...................:         2
  UtilStackSub_O_SharedPort_LNEXP................:         0
  UtilStackSub_O_YieldFma_LNEXP..................:         0
  UtilStackSub_O_LePort_LNEXP....................:         9
  UtilStackSub_A_RedTempMacro_LNEXP..............:         0
  UtilStackSub_A_LeThrottle_LNEXP................:       333
  UtilStackSub_A_LeFifoFull_LNEXP................:       125
  UtilStackSub_A_IiCool_LNEXP....................:         0
  UtilStackSub_A_DstbufFull_LNEXP................:         0
  UtilStackSub_A_PipeFull_LNEXP..................:         0
  UtilStackSub_D_StaticSrc_LNEXP.................:         0
  UtilStackSub_D_RedTempCount_LNEXP..............:         0
  UtilStackSub_D_DynSrcbuf_LNEXP.................:         0
  UtilStackSubO_Reconcile_LNEXP..................:      0.00
  UtilStackSubA_Reconcile_LNEXP..................:      0.00
  UtilStackSubD_Reconcile_LNEXP..................:      0.00
  UtilStackSub_O_DstWriteCfl_SHARED..............:         0
  UtilStackSub_O_BankCfl_SHARED..................:         0
  UtilStackSub_O_SharedPort_SHARED...............:         0
  UtilStackSub_O_YieldFma_SHARED.................:         0
  UtilStackSub_O_LePort_SHARED...................:         0
  UtilStackSub_A_RedTempMacro_SHARED.............:         0
  UtilStackSub_A_LeThrottle_SHARED...............:         0
  UtilStackSub_A_LeFifoFull_SHARED...............:         0
  UtilStackSub_A_IiCool_SHARED...................:         0
  UtilStackSub_A_DstbufFull_SHARED...............:         0
  UtilStackSub_A_PipeFull_SHARED.................:         0
  UtilStackSub_D_StaticSrc_SHARED................:         0
  UtilStackSub_D_RedTempCount_SHARED.............:         0
  UtilStackSub_D_DynSrcbuf_SHARED................:         0
  UtilStackSubO_Reconcile_SHARED.................:      0.00
  UtilStackSubA_Reconcile_SHARED.................:      0.00
  UtilStackSubD_Reconcile_SHARED.................:      0.00
  UtilStackOBlocker_None_INT.....................:         0
  UtilStackOBlocker_FmaRead_INT..................:         0
  UtilStackOBlocker_IntRead_INT..................:        29
  UtilStackOBlocker_LeRead_INT...................:         1
  UtilStackOBlocker_FmaWrite_INT.................:         2
  UtilStackOBlocker_IntWrite_INT.................:        48
  UtilStackOBlocker_CubeRead_INT.................:         0
  UtilStackOBlocker_CubeWrite_INT................:         0
  UtilStackOBlocker_LeWrite_INT..................:         0
  UtilStackOBlocker_Reconcile_INT................:      0.00
  UtilStackOBlocker_None_FMA.....................:         0
  UtilStackOBlocker_FmaRead_FMA..................:         0
  UtilStackOBlocker_IntRead_FMA..................:         0
  UtilStackOBlocker_LeRead_FMA...................:        56
  UtilStackOBlocker_FmaWrite_FMA.................:         0
  UtilStackOBlocker_IntWrite_FMA.................:         0
  UtilStackOBlocker_CubeRead_FMA.................:         0
  UtilStackOBlocker_CubeWrite_FMA................:         0
  UtilStackOBlocker_LeWrite_FMA..................:         0
  UtilStackOBlocker_Reconcile_FMA................:      0.00
  UtilStackOBlocker_None_LNEXP...................:         0
  UtilStackOBlocker_FmaRead_LNEXP................:         0
  UtilStackOBlocker_IntRead_LNEXP................:        11
  UtilStackOBlocker_LeRead_LNEXP.................:         0
  UtilStackOBlocker_FmaWrite_LNEXP...............:         0
  UtilStackOBlocker_IntWrite_LNEXP...............:         0
  UtilStackOBlocker_CubeRead_LNEXP...............:         0
  UtilStackOBlocker_CubeWrite_LNEXP..............:         0
  UtilStackOBlocker_LeWrite_LNEXP................:         0
  UtilStackOBlocker_Reconcile_LNEXP..............:      0.00
  UtilStackOBlocker_None_SHARED..................:         0
  UtilStackOBlocker_FmaRead_SHARED...............:         0
  UtilStackOBlocker_IntRead_SHARED...............:         0
  UtilStackOBlocker_LeRead_SHARED................:         0
  UtilStackOBlocker_FmaWrite_SHARED..............:         0
  UtilStackOBlocker_IntWrite_SHARED..............:         0
  UtilStackOBlocker_CubeRead_SHARED..............:         0
  UtilStackOBlocker_CubeWrite_SHARED.............:         0
  UtilStackOBlocker_LeWrite_SHARED...............:         0
  UtilStackOBlocker_Reconcile_SHARED.............:      0.00
YieldFmaReadCycles...............................:         0
YieldFmaWriteCycles..............................:         0
UtilStackHideRatio...............................:      0.00
UtilStackHideRatioStrict.........................:      0.00
  UtilStackIssueCombo_None.......................:   1277741
  UtilStackIssueCombo_INT........................:      4266
  UtilStackIssueCombo_FMA........................:       192
  UtilStackIssueCombo_INT+FMA....................:         0
  UtilStackIssueCombo_LE.........................:       426
  UtilStackIssueCombo_INT+LE.....................:        22
  UtilStackIssueCombo_FMA+LE.....................:         0
  UtilStackIssueCombo_INT+FMA+LE.................:         0
  UtilStackIssueCombo_SH.........................:         0
  UtilStackIssueCombo_INT+SH.....................:         0
  UtilStackIssueCombo_FMA+SH.....................:         0
  UtilStackIssueCombo_INT+FMA+SH.................:         0
  UtilStackIssueCombo_LE+SH......................:         0
  UtilStackIssueCombo_INT+LE+SH..................:         0
  UtilStackIssueCombo_FMA+LE+SH..................:         0
  UtilStackIssueCombo_INT+FMA+LE+SH..............:         0
  UtilStackIssueCombo_Reconcile..................:      0.00
  UtilStackIssueEvent_Reconcile..................:      0.00
UtilStackMultiIssueProb..........................:      0.00
UtilStackAvgIssueRate............................:      0.00
UtilStackIssueWidthUtil..........................:      0.00
====================Vector PMU Stats PE2====================
PEId.............................................:         2
TileopNum........................................:      4224
TCMPPackedTileNum................................:        64
TCMPFragmentExpected.............................:        64
TCMPFragmentCompleted............................:        64
TCMPFragmentCanceled.............................:         0
TCMPPackedCellWrites.............................:        64
TCMPPackWriteWaitCycles..........................:        64
TCMPFlushedTileNum...............................:         0
UopNum...........................................:      4928
SplitCellCountMismatch...........................:         0
SplitPartialCellUopCount.........................:         0
SplitUopAvgPayloadBytes..........................:       N/A
UopQDispatch_INT.................................:       192
UopQReadyBypass_INT..............................:         0
UopQDispatchSrcBufFullCycles_INT.................:         0
UopQDispatchSrcBufFullBlockedCycles_INT..........:         0
VecSrcCellNotReadyCycles_INT.....................:       809
SharedReadPortWaitCycles_INT.....................:         0
UopQDispatch_FMA.................................:         0
UopQReadyBypass_FMA..............................:         0
UopQDispatchSrcBufFullCycles_FMA.................:         0
UopQDispatchSrcBufFullBlockedCycles_FMA..........:         0
VecSrcCellNotReadyCycles_FMA.....................:        58
SharedReadPortWaitCycles_FMA.....................:         0
UopQDispatch_LNEXP...............................:         0
UopQReadyBypass_LNEXP............................:         0
UopQDispatchSrcBufFullCycles_LNEXP...............:         0
UopQDispatchSrcBufFullBlockedCycles_LNEXP........:         0
VecSrcCellNotReadyCycles_LNEXP...................:       423
SharedReadPortWaitCycles_LNEXP...................:         0
CellReadMergedUops...............................:         0
StaticUopsIssued.................................:      4736
StaticBoardBlockCycles...........................:         1
StaticWritebacks.................................:      4736
EarlyWakeupFired.................................:      3776
StaticDynPipeBlockCycles.........................:       830
DynStaticChainBlockCycles........................:       761
ExpandTagHits_INT................................:         4
ExpandTagMisses_INT..............................:        55
ExpandBankFills_INT..............................:        55
ExpandTempFills_INT..............................:         0
ExpandEvicts_INT.................................:         4
ExpandTagHits_FMA................................:         0
ExpandTagMisses_FMA..............................:         0
ExpandBankFills_FMA..............................:         0
ExpandTempFills_FMA..............................:         0
ExpandEvicts_FMA.................................:         0
ExpandTagHits_LNEXP..............................:         0
ExpandTagMisses_LNEXP............................:         0
ExpandBankFills_LNEXP............................:         0
ExpandTempFills_LNEXP............................:         0
ExpandEvicts_LNEXP...............................:         0
ExpandFillDrops..................................:         0
ExpandReadStaleFallbacks cls0....................:         0
ExpandReadStaleFallbacks cls1....................:         0
ExpandReadStaleFallbacks cls2....................:         0
LeSharedPortBlockCycles..........................:         0
LeSrc1CarrySkips.................................:         0
=======Static Path Bank Access / Conflict Attribution=======
  StaticBankReads Bank[0]........................:       439
  StaticBankReads Bank[1]........................:       443
  StaticBankReads Bank[2]........................:       400
  StaticBankReads Bank[3]........................:       390
  StaticBankReads Bank[4]........................:       401
  StaticBankReads Bank[5]........................:       349
  StaticBankReads Bank[6]........................:       395
  StaticBankReads Bank[7]........................:       363
  StaticDetectReadBlocks Bank[0].................:        21
  StaticDetectReadBlocks Bank[1].................:        20
  StaticDetectReadBlocks Bank[2].................:        16
  StaticDetectReadBlocks Bank[3].................:        11
  StaticDetectReadBlocks Bank[4].................:        19
  StaticDetectReadBlocks Bank[5].................:        11
  StaticDetectReadBlocks Bank[6].................:        16
  StaticDetectReadBlocks Bank[7].................:        14
  StaticDetectWriteBlocks Bank[0]................:         0
  StaticDetectWriteBlocks Bank[1]................:         0
  StaticDetectWriteBlocks Bank[2]................:         0
  StaticDetectWriteBlocks Bank[3]................:         0
  StaticDetectWriteBlocks Bank[4]................:         0
  StaticDetectWriteBlocks Bank[5]................:         0
  StaticDetectWriteBlocks Bank[6]................:         0
  StaticDetectWriteBlocks Bank[7]................:         0
  StaticIntYieldBlocks Bank[0]...................:         0
  StaticIntYieldBlocks Bank[1]...................:         0
  StaticIntYieldBlocks Bank[2]...................:         0
  StaticIntYieldBlocks Bank[3]...................:         0
  StaticIntYieldBlocks Bank[4]...................:         0
  StaticIntYieldBlocks Bank[5]...................:         0
  StaticIntYieldBlocks Bank[6]...................:         0
  StaticIntYieldBlocks Bank[7]...................:         0
  StaticBoardOccSum Bank[0]......................:      9123
  StaticBoardOccSum Bank[1]......................:      8410
  StaticBoardOccSum Bank[2]......................:      8368
  StaticBoardOccSum Bank[3]......................:      7543
  StaticBoardOccSum Bank[4]......................:      7833
  StaticBoardOccSum Bank[5]......................:      7188
  StaticBoardOccSum Bank[6]......................:      7862
  StaticBoardOccSum Bank[7]......................:      7606
  StaticBoardOccColSum Col[0]....................:      7468
  StaticBoardOccColSum Col[1]....................:      7468
  StaticBoardOccColSum Col[2]....................:      7468
  StaticBoardOccColSum Col[3]....................:      6199
  StaticBoardOccColSum Col[4]....................:      5314
  StaticBoardOccColSum Col[5]....................:      4288
  StaticBoardOccColSum Col[6]....................:      4288
  StaticBoardOccColSum Col[7]....................:      4288
  StaticBoardOccColSum Col[8]....................:      4288
  StaticBoardOccColSum Col[9]....................:      4288
  StaticBoardOccColSum Col[10]...................:      4288
  StaticBoardOccColSum Col[11]...................:      4288
  StaticBoardOccColSum Col[12]...................:         0
  StaticBoardOccColSum Col[13]...................:         0
  StaticBoardOccColSum Col[14]...................:         0
  StaticBoardOccColSum Col[15]...................:         0
VecAluAcceptCycles_FMA...........................:       192
VecAluAcceptCycles_INT...........................:      4288
VecAluAcceptCycles_LNEXP.........................:       448
VecTripleIssueCycles.............................:         0
VecDualIssueCycles...............................:        55
VecSingleIssueCycles.............................:      4818
VecIdleIssueCycles...............................:   1277774
CellReadMergeSaved...............................:         0
SrcBufBypassIssue................................:         0
SplitRawGateBlocked..............................:         0
SplitNoFreeSlotCycles............................:         0
IPC(UOP).........................................:  0.003842
RowExpandTileNum.................................:         0
RowReduceTileNum.................................:       704
RowReduceLayerNum................................:         0
RowReduceUopSplit................................:       704
RowReduceUopDone.................................:       704
RowReduceRootWriteNum............................:       704
RowReduceFlushedTileNum..........................:         0
RowReduceEntryUnavailableCycles..................:         0
RowReduceSplitBandwidthWaitTileCycles............:         0
RowReduceSrcBufFullTileCycles....................:         0
RowReduceLayerWaitTileCycles.....................:         0
RowReduceLayerPublishWaitTileCycles..............:         0
RowReduceReadPortWaitUopCycles...................:         0
RowReduceSourceResponseWaitUopCycles.............:         0
RowReduceIssueIntervalWaitUopCycles..............:         0
RowReduceSameGroupWaitUopCycles..................:         0
RowReduceExecPipeFullUopCycles...................:         0
RowReduceRootDstBufWaitTileCycles................:         0
RowReduceRootWritePortWaitCycles.................:         0
RowReduceRootWriteResponseWaitCycles.............:         0
RowReduceSrcNotReadyCycles.......................:        89
RowReduceTEMPForwardHits.........................:       747
RowReduceCellFallbackReads.......................:       213
RedTempMacroNum..................................:         0
HybridCountGatedTiles............................:         0
ReadNum..........................................:        64
CellReadAccessTotal..............................:      3308
CellReadAccess_INT...............................:      2710
CellReadAccess_FMA...............................:       182
CellReadAccess_LNEXP.............................:       416
ReadLat..........................................:      5.02
  |--LatLE5......................................:        63
  |--LatLE10.....................................:         1
  |--LatLE15.....................................:         0
  |--LatGT15.....................................:         0
WriteNum.........................................:       640
CellWriteAccessTotal.............................:      4928
CellWriteAccess_INT..............................:      4288
CellWriteAccess_FMA..............................:       192
CellWriteAccess_LNEXP............................:       448
TempForwardHits_INT..............................:      1958
TempForwardHits_FMA..............................:        10
TempForwardHits_LNEXP............................:        32
TempForwardMisses_INT............................:      2586
TempForwardMisses_FMA............................:       182
TempForwardMisses_LNEXP..........................:       416
ExpandTagHits_INT................................:         4
ExpandTagHits_FMA................................:         0
ExpandTagHits_LNEXP..............................:         0
ExpandTagMisses_INT..............................:        55
ExpandTagMisses_FMA..............................:         0
ExpandTagMisses_LNEXP............................:         0
ExpandBankFills_INT..............................:        55
ExpandBankFills_FMA..............................:         0
ExpandBankFills_LNEXP............................:         0
ExpandTempFills_INT..............................:         0
ExpandTempFills_FMA..............................:         0
ExpandTempFills_LNEXP............................:         0
ExpandEvicts_INT.................................:         4
ExpandEvicts_FMA.................................:         0
ExpandEvicts_LNEXP...............................:         0
LeSharedPortBlockCycles..........................:         0
WriteLat.........................................:      1.02
  |--LatLE5......................................:       640
  |--LatLE10.....................................:         0
  |--LatLE15.....................................:         0
  |--LatGT15.....................................:         0
AccountExpCellReads_INT..........................:      4672
AccountExpCellReads_FMA..........................:       192
AccountExpCellReads_LNEXP........................:       448
AccountExpRedTempReads...........................:         0
AccountRedTempReads..............................:         0
AccountExpCellWrites_INT.........................:      4288
AccountExpCellWrites_FMA.........................:       192
AccountExpCellWrites_LNEXP.......................:       448
AccountExpRedTempWrites..........................:         0
AccountExpReadsTotal.............................:      5312
AccountActReadsTotal.............................:      5312
AccountReadDelta.................................:      0.00
AccountExpWritesTotal............................:      4928
AccountActWritesTotal............................:      4928
AccountWriteDelta................................:      0.00
========================VecUtilStack========================
UtilStackW_INT...................................:      4288
UtilStackO_INT...................................:        56
UtilStackA_INT...................................:         0
UtilStackD_INT...................................:       656
UtilStackI_INT...................................:      1299
UtilStackS_INT...................................:   1276348
UtilStackUnaccounted_INT.........................:         0
UtilStackW_FMA...................................:       192
UtilStackO_FMA...................................:        58
UtilStackA_FMA...................................:         0
UtilStackD_FMA...................................:         0
UtilStackI_FMA...................................:         0
UtilStackS_FMA...................................:   1282397
UtilStackUnaccounted_FMA.........................:         0
UtilStackW_LNEXP.................................:       448
UtilStackO_LNEXP.................................:        20
UtilStackA_LNEXP.................................:       454
UtilStackD_LNEXP.................................:         0
UtilStackI_LNEXP.................................:         0
UtilStackS_LNEXP.................................:   1281725
UtilStackUnaccounted_LNEXP.......................:         0
UtilStackW_SHARED................................:         0
UtilStackO_SHARED................................:         0
UtilStackA_SHARED................................:         0
UtilStackD_SHARED................................:         0
UtilStackI_SHARED................................:         0
UtilStackS_SHARED................................:   1282647
UtilStackUnaccounted_SHARED......................:         0
UtilStackCycles..................................:   1282647
UtilStackVecBusy.................................:     26683
UtilStackVecExposed..............................:     26683
  UtilStackSub_O_DstWriteCfl_INT.................:         0
  UtilStackSub_O_BankCfl_INT.....................:        55
  UtilStackSub_O_SharedPort_INT..................:         0
  UtilStackSub_O_YieldFma_INT....................:         1
  UtilStackSub_O_LePort_INT......................:         0
  UtilStackSub_A_RedTempMacro_INT................:         0
  UtilStackSub_A_LeThrottle_INT..................:         0
  UtilStackSub_A_LeFifoFull_INT..................:         0
  UtilStackSub_A_IiCool_INT......................:         0
  UtilStackSub_A_DstbufFull_INT..................:         0
  UtilStackSub_A_PipeFull_INT....................:         0
  UtilStackSub_D_StaticSrc_INT...................:         0
  UtilStackSub_D_RedTempCount_INT................:         0
  UtilStackSub_D_DynSrcbuf_INT...................:       656
  UtilStackSubO_Reconcile_INT....................:      0.00
  UtilStackSubA_Reconcile_INT....................:      0.00
  UtilStackSubD_Reconcile_INT....................:      0.00
  UtilStackSub_O_DstWriteCfl_FMA.................:         0
  UtilStackSub_O_BankCfl_FMA.....................:        58
  UtilStackSub_O_SharedPort_FMA..................:         0
  UtilStackSub_O_YieldFma_FMA....................:         0
  UtilStackSub_O_LePort_FMA......................:         0
  UtilStackSub_A_RedTempMacro_FMA................:         0
  UtilStackSub_A_LeThrottle_FMA..................:         0
  UtilStackSub_A_LeFifoFull_FMA..................:         0
  UtilStackSub_A_IiCool_FMA......................:         0
  UtilStackSub_A_DstbufFull_FMA..................:         0
  UtilStackSub_A_PipeFull_FMA....................:         0
  UtilStackSub_D_StaticSrc_FMA...................:         0
  UtilStackSub_D_RedTempCount_FMA................:         0
  UtilStackSub_D_DynSrcbuf_FMA...................:         0
  UtilStackSubO_Reconcile_FMA....................:      0.00
  UtilStackSubA_Reconcile_FMA....................:      0.00
  UtilStackSubD_Reconcile_FMA....................:      0.00
  UtilStackSub_O_DstWriteCfl_LNEXP...............:         0
  UtilStackSub_O_BankCfl_LNEXP...................:         2
  UtilStackSub_O_SharedPort_LNEXP................:         0
  UtilStackSub_O_YieldFma_LNEXP..................:         0
  UtilStackSub_O_LePort_LNEXP....................:        18
  UtilStackSub_A_RedTempMacro_LNEXP..............:         0
  UtilStackSub_A_LeThrottle_LNEXP................:       335
  UtilStackSub_A_LeFifoFull_LNEXP................:       119
  UtilStackSub_A_IiCool_LNEXP....................:         0
  UtilStackSub_A_DstbufFull_LNEXP................:         0
  UtilStackSub_A_PipeFull_LNEXP..................:         0
  UtilStackSub_D_StaticSrc_LNEXP.................:         0
  UtilStackSub_D_RedTempCount_LNEXP..............:         0
  UtilStackSub_D_DynSrcbuf_LNEXP.................:         0
  UtilStackSubO_Reconcile_LNEXP..................:      0.00
  UtilStackSubA_Reconcile_LNEXP..................:      0.00
  UtilStackSubD_Reconcile_LNEXP..................:      0.00
  UtilStackSub_O_DstWriteCfl_SHARED..............:         0
  UtilStackSub_O_BankCfl_SHARED..................:         0
  UtilStackSub_O_SharedPort_SHARED...............:         0
  UtilStackSub_O_YieldFma_SHARED.................:         0
  UtilStackSub_O_LePort_SHARED...................:         0
  UtilStackSub_A_RedTempMacro_SHARED.............:         0
  UtilStackSub_A_LeThrottle_SHARED...............:         0
  UtilStackSub_A_LeFifoFull_SHARED...............:         0
  UtilStackSub_A_IiCool_SHARED...................:         0
  UtilStackSub_A_DstbufFull_SHARED...............:         0
  UtilStackSub_A_PipeFull_SHARED.................:         0
  UtilStackSub_D_StaticSrc_SHARED................:         0
  UtilStackSub_D_RedTempCount_SHARED.............:         0
  UtilStackSub_D_DynSrcbuf_SHARED................:         0
  UtilStackSubO_Reconcile_SHARED.................:      0.00
  UtilStackSubA_Reconcile_SHARED.................:      0.00
  UtilStackSubD_Reconcile_SHARED.................:      0.00
  UtilStackOBlocker_None_INT.....................:         0
  UtilStackOBlocker_FmaRead_INT..................:         0
  UtilStackOBlocker_IntRead_INT..................:        17
  UtilStackOBlocker_LeRead_INT...................:         2
  UtilStackOBlocker_FmaWrite_INT.................:         1
  UtilStackOBlocker_IntWrite_INT.................:        36
  UtilStackOBlocker_CubeRead_INT.................:         0
  UtilStackOBlocker_CubeWrite_INT................:         0
  UtilStackOBlocker_LeWrite_INT..................:         0
  UtilStackOBlocker_Reconcile_INT................:      0.00
  UtilStackOBlocker_None_FMA.....................:         0
  UtilStackOBlocker_FmaRead_FMA..................:         0
  UtilStackOBlocker_IntRead_FMA..................:         0
  UtilStackOBlocker_LeRead_FMA...................:        58
  UtilStackOBlocker_FmaWrite_FMA.................:         0
  UtilStackOBlocker_IntWrite_FMA.................:         0
  UtilStackOBlocker_CubeRead_FMA.................:         0
  UtilStackOBlocker_CubeWrite_FMA................:         0
  UtilStackOBlocker_LeWrite_FMA..................:         0
  UtilStackOBlocker_Reconcile_FMA................:      0.00
  UtilStackOBlocker_None_LNEXP...................:         0
  UtilStackOBlocker_FmaRead_LNEXP................:         0
  UtilStackOBlocker_IntRead_LNEXP................:        18
  UtilStackOBlocker_LeRead_LNEXP.................:         0
  UtilStackOBlocker_FmaWrite_LNEXP...............:         0
  UtilStackOBlocker_IntWrite_LNEXP...............:         2
  UtilStackOBlocker_CubeRead_LNEXP...............:         0
  UtilStackOBlocker_CubeWrite_LNEXP..............:         0
  UtilStackOBlocker_LeWrite_LNEXP................:         0
  UtilStackOBlocker_Reconcile_LNEXP..............:      0.00
  UtilStackOBlocker_None_SHARED..................:         0
  UtilStackOBlocker_FmaRead_SHARED...............:         0
  UtilStackOBlocker_IntRead_SHARED...............:         0
  UtilStackOBlocker_LeRead_SHARED................:         0
  UtilStackOBlocker_FmaWrite_SHARED..............:         0
  UtilStackOBlocker_IntWrite_SHARED..............:         0
  UtilStackOBlocker_CubeRead_SHARED..............:         0
  UtilStackOBlocker_CubeWrite_SHARED.............:         0
  UtilStackOBlocker_LeWrite_SHARED...............:         0
  UtilStackOBlocker_Reconcile_SHARED.............:      0.00
YieldFmaReadCycles...............................:         0
YieldFmaWriteCycles..............................:         1
UtilStackHideRatio...............................:      0.00
UtilStackHideRatioStrict.........................:      0.00
  UtilStackIssueCombo_None.......................:   1277774
  UtilStackIssueCombo_INT........................:      4233
  UtilStackIssueCombo_FMA........................:       190
  UtilStackIssueCombo_INT+FMA....................:         2
  UtilStackIssueCombo_LE.........................:       395
  UtilStackIssueCombo_INT+LE.....................:        53
  UtilStackIssueCombo_FMA+LE.....................:         0
  UtilStackIssueCombo_INT+FMA+LE.................:         0
  UtilStackIssueCombo_SH.........................:         0
  UtilStackIssueCombo_INT+SH.....................:         0
  UtilStackIssueCombo_FMA+SH.....................:         0
  UtilStackIssueCombo_INT+FMA+SH.................:         0
  UtilStackIssueCombo_LE+SH......................:         0
  UtilStackIssueCombo_INT+LE+SH..................:         0
  UtilStackIssueCombo_FMA+LE+SH..................:         0
  UtilStackIssueCombo_INT+FMA+LE+SH..............:         0
  UtilStackIssueCombo_Reconcile..................:      0.00
  UtilStackIssueEvent_Reconcile..................:      0.00
UtilStackMultiIssueProb..........................:      0.01
UtilStackAvgIssueRate............................:      0.00
UtilStackIssueWidthUtil..........................:      0.00
====================Vector PMU Stats PE3====================
PEId.............................................:         3
TileopNum........................................:      4224
TCMPPackedTileNum................................:        64
TCMPFragmentExpected.............................:        64
TCMPFragmentCompleted............................:        64
TCMPFragmentCanceled.............................:         0
TCMPPackedCellWrites.............................:        64
TCMPPackWriteWaitCycles..........................:        64
TCMPFlushedTileNum...............................:         0
UopNum...........................................:      4928
SplitCellCountMismatch...........................:         0
SplitPartialCellUopCount.........................:         0
SplitUopAvgPayloadBytes..........................:       N/A
UopQDispatch_INT.................................:       192
UopQReadyBypass_INT..............................:         0
UopQDispatchSrcBufFullCycles_INT.................:         0
UopQDispatchSrcBufFullBlockedCycles_INT..........:         0
VecSrcCellNotReadyCycles_INT.....................:       704
SharedReadPortWaitCycles_INT.....................:         0
UopQDispatch_FMA.................................:         0
UopQReadyBypass_FMA..............................:         0
UopQDispatchSrcBufFullCycles_FMA.................:         0
UopQDispatchSrcBufFullBlockedCycles_FMA..........:         0
VecSrcCellNotReadyCycles_FMA.....................:        59
SharedReadPortWaitCycles_FMA.....................:         0
UopQDispatch_LNEXP...............................:         0
UopQReadyBypass_LNEXP............................:         0
UopQDispatchSrcBufFullCycles_LNEXP...............:         0
UopQDispatchSrcBufFullBlockedCycles_LNEXP........:         0
VecSrcCellNotReadyCycles_LNEXP...................:       409
SharedReadPortWaitCycles_LNEXP...................:         0
CellReadMergedUops...............................:         0
StaticUopsIssued.................................:      4736
StaticBoardBlockCycles...........................:         1
StaticWritebacks.................................:      4736
EarlyWakeupFired.................................:      3776
StaticDynPipeBlockCycles.........................:       830
DynStaticChainBlockCycles........................:       610
ExpandTagHits_INT................................:         6
ExpandTagMisses_INT..............................:        56
ExpandBankFills_INT..............................:        56
ExpandTempFills_INT..............................:         0
ExpandEvicts_INT.................................:         1
ExpandTagHits_FMA................................:         0
ExpandTagMisses_FMA..............................:         0
ExpandBankFills_FMA..............................:         0
ExpandTempFills_FMA..............................:         0
ExpandEvicts_FMA.................................:         0
ExpandTagHits_LNEXP..............................:         0
ExpandTagMisses_LNEXP............................:         0
ExpandBankFills_LNEXP............................:         0
ExpandTempFills_LNEXP............................:         0
ExpandEvicts_LNEXP...............................:         0
ExpandFillDrops..................................:         0
ExpandReadStaleFallbacks cls0....................:         0
ExpandReadStaleFallbacks cls1....................:         0
ExpandReadStaleFallbacks cls2....................:         0
LeSharedPortBlockCycles..........................:         0
LeSrc1CarrySkips.................................:         0
=======Static Path Bank Access / Conflict Attribution=======
  StaticBankReads Bank[0]........................:       484
  StaticBankReads Bank[1]........................:       459
  StaticBankReads Bank[2]........................:       392
  StaticBankReads Bank[3]........................:       393
  StaticBankReads Bank[4]........................:       372
  StaticBankReads Bank[5]........................:       388
  StaticBankReads Bank[6]........................:       404
  StaticBankReads Bank[7]........................:       377
  StaticDetectReadBlocks Bank[0].................:        35
  StaticDetectReadBlocks Bank[1].................:        22
  StaticDetectReadBlocks Bank[2].................:        14
  StaticDetectReadBlocks Bank[3].................:        16
  StaticDetectReadBlocks Bank[4].................:        12
  StaticDetectReadBlocks Bank[5].................:         7
  StaticDetectReadBlocks Bank[6].................:        12
  StaticDetectReadBlocks Bank[7].................:        10
  StaticDetectWriteBlocks Bank[0]................:         0
  StaticDetectWriteBlocks Bank[1]................:         0
  StaticDetectWriteBlocks Bank[2]................:         0
  StaticDetectWriteBlocks Bank[3]................:         0
  StaticDetectWriteBlocks Bank[4]................:         0
  StaticDetectWriteBlocks Bank[5]................:         0
  StaticDetectWriteBlocks Bank[6]................:         0
  StaticDetectWriteBlocks Bank[7]................:         0
  StaticIntYieldBlocks Bank[0]...................:         0
  StaticIntYieldBlocks Bank[1]...................:         0
  StaticIntYieldBlocks Bank[2]...................:         0
  StaticIntYieldBlocks Bank[3]...................:         0
  StaticIntYieldBlocks Bank[4]...................:         0
  StaticIntYieldBlocks Bank[5]...................:         0
  StaticIntYieldBlocks Bank[6]...................:         0
  StaticIntYieldBlocks Bank[7]...................:         0
  StaticBoardOccSum Bank[0]......................:      8969
  StaticBoardOccSum Bank[1]......................:      8274
  StaticBoardOccSum Bank[2]......................:      8753
  StaticBoardOccSum Bank[3]......................:      7386
  StaticBoardOccSum Bank[4]......................:      8126
  StaticBoardOccSum Bank[5]......................:      7254
  StaticBoardOccSum Bank[6]......................:      8123
  StaticBoardOccSum Bank[7]......................:      7423
  StaticBoardOccColSum Col[0]....................:      7557
  StaticBoardOccColSum Col[1]....................:      7557
  StaticBoardOccColSum Col[2]....................:      7557
  StaticBoardOccColSum Col[3]....................:      6271
  StaticBoardOccColSum Col[4]....................:      5350
  StaticBoardOccColSum Col[5]....................:      4288
  StaticBoardOccColSum Col[6]....................:      4288
  StaticBoardOccColSum Col[7]....................:      4288
  StaticBoardOccColSum Col[8]....................:      4288
  StaticBoardOccColSum Col[9]....................:      4288
  StaticBoardOccColSum Col[10]...................:      4288
  StaticBoardOccColSum Col[11]...................:      4288
  StaticBoardOccColSum Col[12]...................:         0
  StaticBoardOccColSum Col[13]...................:         0
  StaticBoardOccColSum Col[14]...................:         0
  StaticBoardOccColSum Col[15]...................:         0
VecAluAcceptCycles_FMA...........................:       192
VecAluAcceptCycles_INT...........................:      4288
VecAluAcceptCycles_LNEXP.........................:       448
VecTripleIssueCycles.............................:         0
VecDualIssueCycles...............................:        41
VecSingleIssueCycles.............................:      4846
VecIdleIssueCycles...............................:   1277760
CellReadMergeSaved...............................:         0
SrcBufBypassIssue................................:         0
SplitRawGateBlocked..............................:         0
SplitNoFreeSlotCycles............................:         0
IPC(UOP).........................................:  0.003842
RowExpandTileNum.................................:         0
RowReduceTileNum.................................:       704
RowReduceLayerNum................................:         0
RowReduceUopSplit................................:       704
RowReduceUopDone.................................:       704
RowReduceRootWriteNum............................:       704
RowReduceFlushedTileNum..........................:         0
RowReduceEntryUnavailableCycles..................:         0
RowReduceSplitBandwidthWaitTileCycles............:         0
RowReduceSrcBufFullTileCycles....................:         0
RowReduceLayerWaitTileCycles.....................:         0
RowReduceLayerPublishWaitTileCycles..............:         0
RowReduceReadPortWaitUopCycles...................:         0
RowReduceSourceResponseWaitUopCycles.............:         0
RowReduceIssueIntervalWaitUopCycles..............:         0
RowReduceSameGroupWaitUopCycles..................:         0
RowReduceExecPipeFullUopCycles...................:         0
RowReduceRootDstBufWaitTileCycles................:         0
RowReduceRootWritePortWaitCycles.................:         0
RowReduceRootWriteResponseWaitCycles.............:         0
RowReduceSrcNotReadyCycles.......................:        26
RowReduceTEMPForwardHits.........................:       728
RowReduceCellFallbackReads.......................:       232
RedTempMacroNum..................................:         0
HybridCountGatedTiles............................:         0
ReadNum..........................................:        64
CellReadAccessTotal..............................:      3397
CellReadAccess_INT...............................:      2797
CellReadAccess_FMA...............................:       176
CellReadAccess_LNEXP.............................:       424
ReadLat..........................................:      5.00
  |--LatLE5......................................:        64
  |--LatLE10.....................................:         0
  |--LatLE15.....................................:         0
  |--LatGT15.....................................:         0
WriteNum.........................................:       640
CellWriteAccessTotal.............................:      4928
CellWriteAccess_INT..............................:      4288
CellWriteAccess_FMA..............................:       192
CellWriteAccess_LNEXP............................:       448
TempForwardHits_INT..............................:      1869
TempForwardHits_FMA..............................:        16
TempForwardHits_LNEXP............................:        24
TempForwardMisses_INT............................:      2675
TempForwardMisses_FMA............................:       176
TempForwardMisses_LNEXP..........................:       424
ExpandTagHits_INT................................:         6
ExpandTagHits_FMA................................:         0
ExpandTagHits_LNEXP..............................:         0
ExpandTagMisses_INT..............................:        56
ExpandTagMisses_FMA..............................:         0
ExpandTagMisses_LNEXP............................:         0
ExpandBankFills_INT..............................:        56
ExpandBankFills_FMA..............................:         0
ExpandBankFills_LNEXP............................:         0
ExpandTempFills_INT..............................:         0
ExpandTempFills_FMA..............................:         0
ExpandTempFills_LNEXP............................:         0
ExpandEvicts_INT.................................:         1
ExpandEvicts_FMA.................................:         0
ExpandEvicts_LNEXP...............................:         0
LeSharedPortBlockCycles..........................:         0
WriteLat.........................................:      1.02
  |--LatLE5......................................:       640
  |--LatLE10.....................................:         0
  |--LatLE15.....................................:         0
  |--LatGT15.....................................:         0
AccountExpCellReads_INT..........................:      4672
AccountExpCellReads_FMA..........................:       192
AccountExpCellReads_LNEXP........................:       448
AccountExpRedTempReads...........................:         0
AccountRedTempReads..............................:         0
AccountExpCellWrites_INT.........................:      4288
AccountExpCellWrites_FMA.........................:       192
AccountExpCellWrites_LNEXP.......................:       448
AccountExpRedTempWrites..........................:         0
AccountExpReadsTotal.............................:      5312
AccountActReadsTotal.............................:      5312
AccountReadDelta.................................:      0.00
AccountExpWritesTotal............................:      4928
AccountActWritesTotal............................:      4928
AccountWriteDelta................................:      0.00
========================VecUtilStack========================
UtilStackW_INT...................................:      4288
UtilStackO_INT...................................:        47
UtilStackA_INT...................................:         0
UtilStackD_INT...................................:       660
UtilStackI_INT...................................:      1171
UtilStackS_INT...................................:   1276481
UtilStackUnaccounted_INT.........................:         0
UtilStackW_FMA...................................:       192
UtilStackO_FMA...................................:        59
UtilStackA_FMA...................................:         0
UtilStackD_FMA...................................:         0
UtilStackI_FMA...................................:         0
UtilStackS_FMA...................................:   1282396
UtilStackUnaccounted_FMA.........................:         0
UtilStackW_LNEXP.................................:       448
UtilStackO_LNEXP.................................:         0
UtilStackA_LNEXP.................................:       465
UtilStackD_LNEXP.................................:         0
UtilStackI_LNEXP.................................:         0
UtilStackS_LNEXP.................................:   1281734
UtilStackUnaccounted_LNEXP.......................:         0
UtilStackW_SHARED................................:         0
UtilStackO_SHARED................................:         0
UtilStackA_SHARED................................:         0
UtilStackD_SHARED................................:         0
UtilStackI_SHARED................................:         0
UtilStackS_SHARED................................:   1282647
UtilStackUnaccounted_SHARED......................:         0
UtilStackCycles..................................:   1282647
UtilStackVecBusy.................................:     26943
UtilStackVecExposed..............................:     26943
  UtilStackSub_O_DstWriteCfl_INT.................:         0
  UtilStackSub_O_BankCfl_INT.....................:        46
  UtilStackSub_O_SharedPort_INT..................:         0
  UtilStackSub_O_YieldFma_INT....................:         1
  UtilStackSub_O_LePort_INT......................:         0
  UtilStackSub_A_RedTempMacro_INT................:         0
  UtilStackSub_A_LeThrottle_INT..................:         0
  UtilStackSub_A_LeFifoFull_INT..................:         0
  UtilStackSub_A_IiCool_INT......................:         0
  UtilStackSub_A_DstbufFull_INT..................:         0
  UtilStackSub_A_PipeFull_INT....................:         0
  UtilStackSub_D_StaticSrc_INT...................:         0
  UtilStackSub_D_RedTempCount_INT................:         0
  UtilStackSub_D_DynSrcbuf_INT...................:       660
  UtilStackSubO_Reconcile_INT....................:      0.00
  UtilStackSubA_Reconcile_INT....................:      0.00
  UtilStackSubD_Reconcile_INT....................:      0.00
  UtilStackSub_O_DstWriteCfl_FMA.................:         0
  UtilStackSub_O_BankCfl_FMA.....................:        59
  UtilStackSub_O_SharedPort_FMA..................:         0
  UtilStackSub_O_YieldFma_FMA....................:         0
  UtilStackSub_O_LePort_FMA......................:         0
  UtilStackSub_A_RedTempMacro_FMA................:         0
  UtilStackSub_A_LeThrottle_FMA..................:         0
  UtilStackSub_A_LeFifoFull_FMA..................:         0
  UtilStackSub_A_IiCool_FMA......................:         0
  UtilStackSub_A_DstbufFull_FMA..................:         0
  UtilStackSub_A_PipeFull_FMA....................:         0
  UtilStackSub_D_StaticSrc_FMA...................:         0
  UtilStackSub_D_RedTempCount_FMA................:         0
  UtilStackSub_D_DynSrcbuf_FMA...................:         0
  UtilStackSubO_Reconcile_FMA....................:      0.00
  UtilStackSubA_Reconcile_FMA....................:      0.00
  UtilStackSubD_Reconcile_FMA....................:      0.00
  UtilStackSub_O_DstWriteCfl_LNEXP...............:         0
  UtilStackSub_O_BankCfl_LNEXP...................:         0
  UtilStackSub_O_SharedPort_LNEXP................:         0
  UtilStackSub_O_YieldFma_LNEXP..................:         0
  UtilStackSub_O_LePort_LNEXP....................:         0
  UtilStackSub_A_RedTempMacro_LNEXP..............:         0
  UtilStackSub_A_LeThrottle_LNEXP................:       339
  UtilStackSub_A_LeFifoFull_LNEXP................:       126
  UtilStackSub_A_IiCool_LNEXP....................:         0
  UtilStackSub_A_DstbufFull_LNEXP................:         0
  UtilStackSub_A_PipeFull_LNEXP..................:         0
  UtilStackSub_D_StaticSrc_LNEXP.................:         0
  UtilStackSub_D_RedTempCount_LNEXP..............:         0
  UtilStackSub_D_DynSrcbuf_LNEXP.................:         0
  UtilStackSubO_Reconcile_LNEXP..................:      0.00
  UtilStackSubA_Reconcile_LNEXP..................:      0.00
  UtilStackSubD_Reconcile_LNEXP..................:      0.00
  UtilStackSub_O_DstWriteCfl_SHARED..............:         0
  UtilStackSub_O_BankCfl_SHARED..................:         0
  UtilStackSub_O_SharedPort_SHARED...............:         0
  UtilStackSub_O_YieldFma_SHARED.................:         0
  UtilStackSub_O_LePort_SHARED...................:         0
  UtilStackSub_A_RedTempMacro_SHARED.............:         0
  UtilStackSub_A_LeThrottle_SHARED...............:         0
  UtilStackSub_A_LeFifoFull_SHARED...............:         0
  UtilStackSub_A_IiCool_SHARED...................:         0
  UtilStackSub_A_DstbufFull_SHARED...............:         0
  UtilStackSub_A_PipeFull_SHARED.................:         0
  UtilStackSub_D_StaticSrc_SHARED................:         0
  UtilStackSub_D_RedTempCount_SHARED.............:         0
  UtilStackSub_D_DynSrcbuf_SHARED................:         0
  UtilStackSubO_Reconcile_SHARED.................:      0.00
  UtilStackSubA_Reconcile_SHARED.................:      0.00
  UtilStackSubD_Reconcile_SHARED.................:      0.00
  UtilStackOBlocker_None_INT.....................:         0
  UtilStackOBlocker_FmaRead_INT..................:         0
  UtilStackOBlocker_IntRead_INT..................:        11
  UtilStackOBlocker_LeRead_INT...................:         0
  UtilStackOBlocker_FmaWrite_INT.................:         2
  UtilStackOBlocker_IntWrite_INT.................:        34
  UtilStackOBlocker_CubeRead_INT.................:         0
  UtilStackOBlocker_CubeWrite_INT................:         0
  UtilStackOBlocker_LeWrite_INT..................:         0
  UtilStackOBlocker_Reconcile_INT................:      0.00
  UtilStackOBlocker_None_FMA.....................:         0
  UtilStackOBlocker_FmaRead_FMA..................:         0
  UtilStackOBlocker_IntRead_FMA..................:         0
  UtilStackOBlocker_LeRead_FMA...................:        59
  UtilStackOBlocker_FmaWrite_FMA.................:         0
  UtilStackOBlocker_IntWrite_FMA.................:         0
  UtilStackOBlocker_CubeRead_FMA.................:         0
  UtilStackOBlocker_CubeWrite_FMA................:         0
  UtilStackOBlocker_LeWrite_FMA..................:         0
  UtilStackOBlocker_Reconcile_FMA................:      0.00
  UtilStackOBlocker_None_LNEXP...................:         0
  UtilStackOBlocker_FmaRead_LNEXP................:         0
  UtilStackOBlocker_IntRead_LNEXP................:         0
  UtilStackOBlocker_LeRead_LNEXP.................:         0
  UtilStackOBlocker_FmaWrite_LNEXP...............:         0
  UtilStackOBlocker_IntWrite_LNEXP...............:         0
  UtilStackOBlocker_CubeRead_LNEXP...............:         0
  UtilStackOBlocker_CubeWrite_LNEXP..............:         0
  UtilStackOBlocker_LeWrite_LNEXP................:         0
  UtilStackOBlocker_Reconcile_LNEXP..............:      0.00
  UtilStackOBlocker_None_SHARED..................:         0
  UtilStackOBlocker_FmaRead_SHARED...............:         0
  UtilStackOBlocker_IntRead_SHARED...............:         0
  UtilStackOBlocker_LeRead_SHARED................:         0
  UtilStackOBlocker_FmaWrite_SHARED..............:         0
  UtilStackOBlocker_IntWrite_SHARED..............:         0
  UtilStackOBlocker_CubeRead_SHARED..............:         0
  UtilStackOBlocker_CubeWrite_SHARED.............:         0
  UtilStackOBlocker_LeWrite_SHARED...............:         0
  UtilStackOBlocker_Reconcile_SHARED.............:      0.00
YieldFmaReadCycles...............................:         0
YieldFmaWriteCycles..............................:         1
UtilStackHideRatio...............................:      0.00
UtilStackHideRatioStrict.........................:      0.00
  UtilStackIssueCombo_None.......................:   1277760
  UtilStackIssueCombo_INT........................:      4247
  UtilStackIssueCombo_FMA........................:       191
  UtilStackIssueCombo_INT+FMA....................:         1
  UtilStackIssueCombo_LE.........................:       408
  UtilStackIssueCombo_INT+LE.....................:        40
  UtilStackIssueCombo_FMA+LE.....................:         0
  UtilStackIssueCombo_INT+FMA+LE.................:         0
  UtilStackIssueCombo_SH.........................:         0
  UtilStackIssueCombo_INT+SH.....................:         0
  UtilStackIssueCombo_FMA+SH.....................:         0
  UtilStackIssueCombo_INT+FMA+SH.................:         0
  UtilStackIssueCombo_LE+SH......................:         0
  UtilStackIssueCombo_INT+LE+SH..................:         0
  UtilStackIssueCombo_FMA+LE+SH..................:         0
  UtilStackIssueCombo_INT+FMA+LE+SH..............:         0
  UtilStackIssueCombo_Reconcile..................:      0.00
  UtilStackIssueEvent_Reconcile..................:      0.00
UtilStackMultiIssueProb..........................:      0.01
UtilStackAvgIssueRate............................:      0.00
UtilStackIssueWidthUtil..........................:      0.00
===============CellReg Bank Arbitration Stats===============
Bank Active Cycles (>=1 pending).................:     19890
  |--Bank Conflict Cycles (>=2 pending)..........:        46    0.23%
  |--Bank Urgent(aged) Cycles....................:         0
Bank Grants (winners) Total......................:     19751
Bank Lose (non-winner waits) Total...............:       185
Bank Port-Yield (no free channel) Total..........:       139
Total Served Read Bytes..........................:   1073152
Total Served Write Bytes.........................:    893824
  |--RQ_CUBE Win.................................:         0
  |--RQ_CUBE Lose................................:         0     N/A
  |--RQ_CUBE PortYield...........................:         0
  |--RQ_CUBE Served Bytes........................:         0
  |--RQ_VEC Win..................................:      2560
  |--RQ_VEC Lose.................................:         0    0.00%
  |--RQ_VEC PortYield............................:         0
  |--RQ_VEC Served Bytes.........................:    327680
  |--RQ_TLSU Win.................................:      7392
  |--RQ_TLSU Lose................................:        49    0.66%
  |--RQ_TLSU PortYield...........................:        24
  |--RQ_TLSU Served Bytes........................:    745472
  |--WQ_CUBE Win.................................:         0
  |--WQ_CUBE Lose................................:         0     N/A
  |--WQ_CUBE PortYield...........................:         0
  |--WQ_CUBE Served Bytes........................:         0
  |--WQ_VEC Win..................................:      1856
  |--WQ_VEC Lose.................................:         0    0.00%
  |--WQ_VEC PortYield............................:         0
  |--WQ_VEC Served Bytes.........................:    237568
  |--WQ_VEC_LNEXP Win............................:      2816
  |--WQ_VEC_LNEXP Lose...........................:        22    0.78%
  |--WQ_VEC_LNEXP PortYield......................:         7
  |--WQ_VEC_LNEXP Served Bytes...................:    360448
  |--WQ_TLSU Win.................................:      5127
  |--WQ_TLSU Lose................................:       114    2.18%
  |--WQ_TLSU PortYield...........................:       108
  |--WQ_TLSU Served Bytes........................:    656256
==============CellReg CUBE Bank-Group Backlog===============
WQ_CUBE active cycles............................:         0
  |--WQ_CUBE cross-group cycles..................:         0     N/A
RQ_CUBE active cycles............................:         0
  |--RQ_CUBE cross-group cycles..................:         0     N/A
CUBE Rd+Wr concurrent cycles.....................:         0
  |--Rd/Wr different-group cycles................:         0     N/A
  |--Wr-starved-by-Rd cycles (each owns a group).:         0     N/A
Direct OOR access dropped (pool end).............:         0
===========CellReg Per-Bank Conflict Distribution===========
  Bank[0] conflict cycles........................:         8   17.39%
  Bank[1] conflict cycles........................:         4    8.70%
  Bank[2] conflict cycles........................:         7   15.22%
  Bank[3] conflict cycles........................:         3    6.52%
  Bank[4] conflict cycles........................:         3    6.52%
  Bank[5] conflict cycles........................:         6   13.04%
  Bank[6] conflict cycles........................:         6   13.04%
  Bank[7] conflict cycles........................:         9   19.57%
==================SuperScalar Report Stop===================
======================Syscall Barrier=======================
sb_requested.....................................:         4
sb_executed......................................:         1
sb_canceled......................................:         3
sb_stashed.......................................:         2
sb_stash_overflow................................:         0
sb_pending.......................................:         0
sb_phase_idle....................................:   1282430
sb_phase_pre_commit..............................:        18
sb_phase_quiet_wait..............................:         0
sb_phase_gate_all................................:         1
sb_phase_draining................................:       158
sb_phase_executing...............................:         1
syscall_owner_precommit_wait.....................:        18
syscall_worker_quiet_wait........................:         0
syscall_worker_quiet_cycles_total................:         0
syscall_worker_quiet_cycles_max..................:         0
syscall_commit_wait..............................:         0
syscall_l1_scb_drain_wait........................:       157
syscall_sl2_drain_wait...........................:         0
drain_wait.......................................:       157
syscall_drain_progress_timeout...................:         0
sb_T_complete....................................:      9998
sb_T_deadlock_effective..........................:      9999
sb_last_progress_cycle...........................:   1282646
sb_lockstep_enabled..............................:         1
sb_lockstep_registered...........................:         4
sb_lockstep_blocks...............................:         1
sb_lockstep_executes.............................:         1
sb_lockstep_withdraw_startup.....................:         0
sb_lockstep_withdraw_flush.......................:         0
sb_lockstep_overflow.............................:         0
sb_lockstep_and_timeout..........................:         0
sb_lockstep_hold_cycles..........................:       691
sb_lockstep_exit_parks...........................:         4
syscall_post_ecall_issue_rejects.................:     16605
syscall_bstop_admission_rejects..................:         0
sb_lockstep_held_now.............................:         0
sb_lockstep_ready_hist_0.........................:         0
sb_lockstep_ready_hist_1.........................:         0
sb_lockstep_ready_hist_2.........................:         0
sb_lockstep_ready_hist_3.........................:         0
sb_lockstep_ready_hist_4.........................:         1
