./bin/gfsim --conf fourpe --pto-v02 true -s tlsu.fake_l2_enable=false --test-finisher true -f /mnt/workspace/projects/0931_SuperNPUBench/SuperNPUBench/benchmark/one-level-arch/output/solution/group_token_vec/elf/solution_group_token_vec_group_token_vec_mt.elf 
[gfsim] explicit PE config present; skipping ELF auto-detection
Parse Config File:
Parse Config File:
Parse Config File:
Parse Config File:
Parse Config File:
Parse Config File:
Parse Config File:
Parse Config File:
Parse Config File:
Parse Config File:
Parse Config File:
Parse Config File:
Parse Config File:
Parse Config File:
Parse Config File:
Parse Config File:
Parse Config File:
Parse Config File:
Parse Config File:
Parse Config File:
Parse Config File:
Parse Config File:
Parse Config File:
Parse Config File:
Parse Config File:
Parse Config File:
Parse Config File:
Parse Config File:
Parse Config File:
Parse Config File:
Parse Config File:
Parse Config File:
Parse Config File:
Parse Config File:
Parse Config File:
Parse Config File:
Parse Config File:
Parse Config File:
Parse Config File:
Parse Config File:
Parse Config File:
Parse Config File:
Parse Config File:
Parse Config File:
Parse Config File:
Parse Config File:
Parse Config File:
Parse Config File:
Parse Config File:
Parse Config File:
Parse Config File:
Parse Config File:
Parse Config File:
Parse Config File:
Parse Config File:
Parse Config File:
Parse Config File:
Parse Config File:
Parse Config File:
Parse Config File:
Parse Config File:
Parse Config File:
Parse Config File:
Parse Config File:
Parse Config File:
Parse Config File:
Parse Config File:
Parse Config File:
Parse Config File:
Override configurations:
tlsu.fake_l2_enable=false
core.threadCount=4
core.stdPeCount=1
core.cube_core_num=4
core.cube_thread_num=1
core.vec_core_num=4
fourpe.pe_cluster_enable=true
fourpe.pe_cluster_count=4
fourpe.pe_cluster_frontend_thread_count=4
fourpe.pe_cluster_aggregate_decode_width=8
fourpe.pe_cluster_gpr_rename_partition_entries=128
fourpe.pe_cluster_scalar_rob_partition_entries=128
fourpe.pe_cluster_scalar_iq_partition_entries=128
fourpe.pe_cluster_block_rob_partition_entries=256
fourpe.pe_cluster_block_iq_partition_entries=88
fourpe.pe_cluster_local_reg_partition_entries=88
bfu.brq_depth=1024
fourpe.pe_cluster_partition_borrow_enable=false
fourpe.pe_cluster_eligible_rr_fairness_check=true
fourpe.pe_cluster_group_contract_fatal=false
dfx.swimCounterSampleInterval=8
Memory: 0x10200 - 0x10248 (Size=0KB) [.rodata]
Memory: 0x1024c - 0x10267 (Size=0KB) [.eh_frame_hdr]
Memory: 0x10268 - 0x102cb (Size=0KB) [.eh_frame]
Memory: 0x112cc - 0x12d2b (Size=6KB) [.text]
Memory: 0x13d30 - 0x13daf (Size=0KB) [.init_array]
Memory: 0x13db0 - 0x13dc7 (Size=0KB) [.data.rel.ro]
Memory: 0x18000 - 0x5017b (Size=224KB) [.bss]
Memory: 0x50180 - 0x50203 (Size=0KB) [.sbss]
Memory: 0x50210 - 0x8060210 (Size=131136KB) [stack mem]
Memory: 0x4000802000 - 0x4008803000 (Size=131076KB) [map mem]
tid: 0 Core@100000: Retired blocks 1788. BROB head info: B191 STID0 BPC 0x1131c [STD COND]
tid: 1 Core@100000: Retired blocks 1788. BROB head info: B191 STID1 BPC 0x1131c [STD COND]
tid: 2 Core@100000: Retired blocks 1788. BROB head info: B191 STID2 BPC 0x1131c [STD COND]
tid: 3 Core@100000: Retired blocks 1788. BROB head info: B191 STID3 BPC 0x1131c [STD COND]
tid: 0 Core@200000: Retired blocks 60554. BROB head info: B27 STID0 BPC 0x115b0 [TMA FALL] rdy:1  TSTORE, lb0:1, lb1:1, lb2:1 UINT32 DR, NORM.normal, UINT32, zero U#1 TileTag:57 generation:15 physValid:1 addr:0x480 regCat:0 accSrcCat:0 accDstCat:0 size:128 ready:1 isZero: 0 cellTracked: 0-> GMBase:0x35478 stride:4
tid: 1 Core@200000: Retired blocks 60554. BROB head info: B37 STID1 BPC 0x1159e [TEPL FALL] rdy:1  TROWSUM, lb0:16, lb1:1, lb2:16 UINT32 T0[U#1 TileTag:59 generation:15 physValid:1 addr:0x400 regCat:0 accSrcCat:0 accDstCat:0 size:128 ready:1 isZero: 0 cellTracked: 0], -> U TileTag:60 generation:15 physValid:1 addr:0x480 regCat:0 accSrcCat:0 accDstCat:0 size:128 ready:0 isZero: 0 cellTracked: 0
tid: 2 Core@200000: Retired blocks 60554. BROB head info: B37 STID2 BPC 0x1159e [TEPL FALL] rdy:1  TROWSUM, lb0:16, lb1:1, lb2:16 UINT32 T0[U#1 TileTag:59 generation:15 physValid:1 addr:0x0 regCat:0 accSrcCat:0 accDstCat:0 size:128 ready:1 isZero: 0 cellTracked: 0], -> U TileTag:60 generation:15 physValid:1 addr:0x80 regCat:0 accSrcCat:0 accDstCat:0 size:128 ready:0 isZero: 0 cellTracked: 0
tid: 3 Core@200000: Retired blocks 60554. BROB head info: B37 STID3 BPC 0x1159e [TEPL FALL] rdy:1  TROWSUM, lb0:16, lb1:1, lb2:16 UINT32 T0[U#1 TileTag:59 generation:15 physValid:1 addr:0x400 regCat:0 accSrcCat:0 accDstCat:0 size:128 ready:1 isZero: 0 cellTracked: 0], -> U TileTag:60 generation:15 physValid:1 addr:0x480 regCat:0 accSrcCat:0 accDstCat:0 size:128 ready:0 isZero: 0 cellTracked: 0
tid: 0 Core@300000: Retired blocks 129779. BROB head info: B187 STID0 BPC 0x115b0 [TMA FALL] rdy:1  TSTORE, lb0:1, lb1:1, lb2:1 UINT32 DR, NORM.normal, UINT32, zero U#1 TileTag:22 generation:32 physValid:1 addr:0x480 regCat:0 accSrcCat:0 accDstCat:0 size:128 ready:1 isZero: 0 cellTracked: 0-> GMBase:0x35478 stride:4
tid: 1 Core@300000: Retired blocks 129779. BROB head info: B187 STID1 BPC 0x115b0 [TMA FALL] rdy:1  TSTORE, lb0:1, lb1:1, lb2:1 UINT32 DR, NORM.normal, UINT32, zero U#1 TileTag:22 generation:32 physValid:1 addr:0x480 regCat:0 accSrcCat:0 accDstCat:0 size:128 ready:1 isZero: 0 cellTracked: 0-> GMBase:0x3547c stride:4
tid: 2 Core@300000: Retired blocks 129779. BROB head info: B187 STID2 BPC 0x115b0 [TMA FALL] rdy:1  TSTORE, lb0:1, lb1:1, lb2:1 UINT32 DR, NORM.normal, UINT32, zero U#1 TileTag:22 generation:32 physValid:1 addr:0x480 regCat:0 accSrcCat:0 accDstCat:0 size:128 ready:1 isZero: 0 cellTracked: 0-> GMBase:0x35480 stride:4
tid: 3 Core@300000: Retired blocks 129779. BROB head info: B194 STID3 BPC 0x1156c [TEPL FALL] rdy:1  TEXPANDS, lb0:16, lb1:4, lb2:16 UINT32  -> N TileTag:186 generation:21 physValid:1 addr:0x300 regCat:0 accSrcCat:0 accDstCat:0 size:256 ready:0 isZero: 0 cellTracked: 0
tid: 0 Core@400000: Retired blocks 199062. BROB head info: B101 STID0 BPC 0x1159e [TEPL FALL] rdy:1  TROWSUM, lb0:16, lb1:1, lb2:16 UINT32 T0[U#1 TileTag:245 generation:48 physValid:1 addr:0x400 regCat:0 accSrcCat:0 accDstCat:0 size:128 ready:1 isZero: 0 cellTracked: 0], -> U TileTag:246 generation:48 physValid:1 addr:0x480 regCat:0 accSrcCat:0 accDstCat:0 size:128 ready:0 isZero: 0 cellTracked: 0
tid: 1 Core@400000: Retired blocks 199062. BROB head info: B101 STID1 BPC 0x1159e [TEPL FALL] rdy:1  TROWSUM, lb0:16, lb1:1, lb2:16 UINT32 T0[U#1 TileTag:245 generation:48 physValid:1 addr:0x400 regCat:0 accSrcCat:0 accDstCat:0 size:128 ready:1 isZero: 0 cellTracked: 0], -> U TileTag:246 generation:48 physValid:1 addr:0x500 regCat:0 accSrcCat:0 accDstCat:0 size:128 ready:0 isZero: 0 cellTracked: 0
tid: 2 Core@400000: Retired blocks 199062. BROB head info: B101 STID2 BPC 0x1159e [TEPL FALL] rdy:1  TROWSUM, lb0:16, lb1:1, lb2:16 UINT32 T0[U#1 TileTag:245 generation:48 physValid:1 addr:0x400 regCat:0 accSrcCat:0 accDstCat:0 size:128 ready:1 isZero: 0 cellTracked: 0], -> U TileTag:246 generation:48 physValid:1 addr:0x480 regCat:0 accSrcCat:0 accDstCat:0 size:128 ready:0 isZero: 0 cellTracked: 0
tid: 3 Core@400000: Retired blocks 199062. BROB head info: B103 STID3 BPC 0x115b0 [TMA FALL] rdy:1  TSTORE, lb0:1, lb1:1, lb2:1 UINT32 DR, NORM.normal, UINT32, zero U#1 TileTag:246 generation:48 physValid:1 addr:0x480 regCat:0 accSrcCat:0 accDstCat:0 size:128 ready:1 isZero: 0 cellTracked: 0-> GMBase:0x35484 stride:4
[C:401636 ][TMA.NA    ]: scb_waw_violation peId=0 scalar=0 private=0 younger_bid=58 younger_rid=58 older_bid=51 older_rid=51 younger_slot=5 older_slot=0
[C:401640 ][TMA.NA    ]: scb_waw_violation peId=0 scalar=0 private=0 younger_bid=58 younger_rid=58 older_bid=51 older_rid=51 younger_slot=7 older_slot=4
[C:401643 ][TMA.NA    ]: scb_waw_violation peId=0 scalar=0 private=0 younger_bid=58 younger_rid=58 older_bid=51 older_rid=51 younger_slot=8 older_slot=6
[C:402355 ][TMA.NA    ]: scb_waw_violation peId=0 scalar=0 private=0 younger_bid=161 younger_rid=161 older_bid=154 older_rid=154 younger_slot=7 older_slot=2
[C:402375 ][TMA.NA    ]: scb_waw_violation peId=0 scalar=0 private=0 younger_bid=162 younger_rid=162 older_bid=155 older_rid=155 younger_slot=10 older_slot=9
[C:402469 ][TMA.NA    ]: scb_waw_violation peId=0 scalar=0 private=0 younger_bid=161 younger_rid=161 older_bid=154 older_rid=154 younger_slot=7 older_slot=15
[C:402527 ][TMA.NA    ]: scb_waw_violation peId=0 scalar=0 private=0 younger_bid=161 younger_rid=161 older_bid=154 older_rid=154 younger_slot=4 older_slot=3
[C:403227 ][TMA.NA    ]: scb_waw_violation peId=0 scalar=0 private=0 younger_bid=8 younger_rid=8 older_bid=1 older_rid=1 younger_slot=11 older_slot=9
[C:403243 ][TMA.NA    ]: scb_waw_violation peId=0 scalar=0 private=0 younger_bid=9 younger_rid=9 older_bid=2 older_rid=2 younger_slot=12 older_slot=0
[C:403315 ][TMA.NA    ]: scb_waw_violation peId=0 scalar=0 private=0 younger_bid=8 younger_rid=8 older_bid=1 older_rid=1 younger_slot=2 older_slot=1
[C:403485 ][TMA.NA    ]: scb_waw_violation peId=0 scalar=0 private=0 younger_bid=8 younger_rid=8 older_bid=1 older_rid=1 younger_slot=10 older_slot=9
[C:404117 ][TMA.NA    ]: scb_waw_violation peId=0 scalar=0 private=0 younger_bid=111 younger_rid=111 older_bid=104 older_rid=104 younger_slot=6 older_slot=5
[C:404183 ][TMA.NA    ]: scb_waw_violation peId=0 scalar=0 private=0 younger_bid=112 younger_rid=112 older_bid=105 older_rid=105 younger_slot=15 older_slot=14
[C:404230 ][TMA.NA    ]: scb_waw_violation peId=0 scalar=0 private=0 younger_bid=111 younger_rid=111 older_bid=104 older_rid=104 younger_slot=7 older_slot=1
[C:404403 ][TMA.NA    ]: scb_waw_violation peId=0 scalar=0 private=0 younger_bid=111 younger_rid=111 older_bid=104 older_rid=104 younger_slot=11 older_slot=9
[C:405005 ][TMA.NA    ]: scb_waw_violation peId=0 scalar=0 private=0 younger_bid=214 younger_rid=214 older_bid=207 older_rid=207 younger_slot=7 older_slot=1
[C:405115 ][TMA.NA    ]: scb_waw_violation peId=0 scalar=0 private=0 younger_bid=215 younger_rid=215 older_bid=208 older_rid=208 younger_slot=14 older_slot=12
[C:405177 ][TMA.NA    ]: scb_waw_violation peId=0 scalar=0 private=0 younger_bid=214 younger_rid=214 older_bid=207 older_rid=207 younger_slot=4 older_slot=2
[C:405439 ][TMA.NA    ]: scb_waw_violation peId=0 scalar=0 private=0 younger_bid=214 younger_rid=214 older_bid=207 older_rid=207 younger_slot=7 older_slot=5
[C:405950 ][TMA.NA    ]: scb_waw_violation peId=0 scalar=0 private=0 younger_bid=61 younger_rid=61 older_bid=54 older_rid=54 younger_slot=11 older_slot=9
[C:405963 ][TMA.NA    ]: scb_waw_violation peId=0 scalar=0 private=0 younger_bid=62 younger_rid=62 older_bid=55 older_rid=55 younger_slot=12 older_slot=1
[C:406033 ][TMA.NA    ]: scb_waw_violation peId=0 scalar=0 private=0 younger_bid=61 younger_rid=61 older_bid=54 older_rid=54 younger_slot=2 older_slot=0
[C:406391 ][TMA.NA    ]: scb_waw_violation peId=0 scalar=0 private=0 younger_bid=61 younger_rid=61 older_bid=54 older_rid=54 younger_slot=1 older_slot=6
[C:406865 ][TMA.NA    ]: scb_waw_violation peId=0 scalar=0 private=0 younger_bid=164 younger_rid=164 older_bid=157 older_rid=157 younger_slot=10 older_slot=0
[C:406877 ][TMA.NA    ]: scb_waw_violation peId=0 scalar=0 private=0 younger_bid=165 younger_rid=165 older_bid=158 older_rid=158 younger_slot=16 older_slot=15
[C:406929 ][TMA.NA    ]: scb_waw_violation peId=0 scalar=0 private=0 younger_bid=164 younger_rid=164 older_bid=157 older_rid=157 younger_slot=9 older_slot=8
[C:407319 ][TMA.NA    ]: scb_waw_violation peId=0 scalar=0 private=0 younger_bid=164 younger_rid=164 older_bid=157 older_rid=157 younger_slot=7 older_slot=1
[C:407749 ][TMA.NA    ]: scb_waw_violation peId=0 scalar=0 private=0 younger_bid=11 younger_rid=11 older_bid=4 older_rid=4 younger_slot=3 older_slot=2
[C:407857 ][TMA.NA    ]: scb_waw_violation peId=0 scalar=0 private=0 younger_bid=12 younger_rid=12 older_bid=5 older_rid=5 younger_slot=13 older_slot=6
[C:407873 ][TMA.NA    ]: scb_waw_violation peId=0 scalar=0 private=0 younger_bid=11 younger_rid=11 older_bid=4 older_rid=4 younger_slot=14 older_slot=8
[C:408219 ][TMA.NA    ]: scb_waw_violation peId=0 scalar=0 private=0 younger_bid=11 younger_rid=11 older_bid=4 older_rid=4 younger_slot=6 older_slot=3
[C:408663 ][TMA.NA    ]: scb_waw_violation peId=0 scalar=0 private=0 younger_bid=114 younger_rid=114 older_bid=107 older_rid=107 younger_slot=3 older_slot=2
[C:408739 ][TMA.NA    ]: scb_waw_violation peId=0 scalar=0 private=0 younger_bid=115 younger_rid=115 older_bid=108 older_rid=108 younger_slot=14 older_slot=2
[C:408805 ][TMA.NA    ]: scb_waw_violation peId=0 scalar=0 private=0 younger_bid=114 younger_rid=114 older_bid=107 older_rid=107 younger_slot=7 older_slot=6
[C:409151 ][TMA.NA    ]: scb_waw_violation peId=0 scalar=0 private=0 younger_bid=114 younger_rid=114 older_bid=107 older_rid=107 younger_slot=3 older_slot=2
[C:409555 ][TMA.NA    ]: scb_waw_violation peId=0 scalar=0 private=0 younger_bid=217 younger_rid=217 older_bid=210 older_rid=210 younger_slot=6 older_slot=2
[C:409659 ][TMA.NA    ]: scb_waw_violation peId=0 scalar=0 private=0 younger_bid=218 younger_rid=218 older_bid=211 older_rid=211 younger_slot=6 older_slot=2
[C:409699 ][TMA.NA    ]: scb_waw_violation peId=0 scalar=0 private=0 younger_bid=217 younger_rid=217 older_bid=210 older_rid=210 younger_slot=4 older_slot=1
[C:410103 ][TMA.NA    ]: scb_waw_violation peId=0 scalar=0 private=0 younger_bid=217 younger_rid=217 older_bid=210 older_rid=210 younger_slot=7 older_slot=6
[C:410399 ][TMA.NA    ]: scb_waw_violation peId=0 scalar=0 private=0 younger_bid=64 younger_rid=64 older_bid=57 older_rid=57 younger_slot=7 older_slot=0
[C:410598 ][TMA.NA    ]: scb_waw_violation peId=0 scalar=0 private=0 younger_bid=65 younger_rid=65 older_bid=58 older_rid=58 younger_slot=11 older_slot=8
[C:410641 ][TMA.NA    ]: scb_waw_violation peId=0 scalar=0 private=0 younger_bid=64 younger_rid=64 older_bid=57 older_rid=57 younger_slot=3 older_slot=4
[C:411045 ][TMA.NA    ]: scb_waw_violation peId=0 scalar=0 private=0 younger_bid=64 younger_rid=64 older_bid=57 older_rid=57 younger_slot=7 older_slot=0
[C:411287 ][TMA.NA    ]: scb_waw_violation peId=0 scalar=0 private=0 younger_bid=167 younger_rid=167 older_bid=160 older_rid=160 younger_slot=4 older_slot=1
[C:411475 ][TMA.NA    ]: scb_waw_violation peId=0 scalar=0 private=0 younger_bid=168 younger_rid=168 older_bid=161 older_rid=161 younger_slot=8 older_slot=0
[C:411584 ][TMA.NA    ]: scb_waw_violation peId=0 scalar=0 private=0 younger_bid=167 younger_rid=167 older_bid=160 older_rid=160 younger_slot=11 older_slot=7
[C:411956 ][TMA.NA    ]: scb_waw_violation peId=0 scalar=0 private=0 younger_bid=167 younger_rid=167 older_bid=160 older_rid=160 younger_slot=6 older_slot=1
[C:412215 ][TMA.NA    ]: scb_waw_violation peId=0 scalar=0 private=0 younger_bid=14 younger_rid=14 older_bid=7 older_rid=7 younger_slot=7 older_slot=1
[C:412339 ][TMA.NA    ]: scb_waw_violation peId=0 scalar=0 private=0 younger_bid=15 younger_rid=15 older_bid=8 older_rid=8 younger_slot=2 older_slot=9
[C:412520 ][TMA.NA    ]: scb_waw_violation peId=0 scalar=0 private=0 younger_bid=14 younger_rid=14 older_bid=7 older_rid=7 younger_slot=4 older_slot=0
[C:412927 ][TMA.NA    ]: scb_waw_violation peId=0 scalar=0 private=0 younger_bid=14 younger_rid=14 older_bid=7 older_rid=7 younger_slot=7 older_slot=4
[C:413109 ][TMA.NA    ]: scb_waw_violation peId=0 scalar=0 private=0 younger_bid=117 younger_rid=117 older_bid=110 older_rid=110 younger_slot=7 older_slot=3
[C:413222 ][TMA.NA    ]: scb_waw_violation peId=0 scalar=0 private=0 younger_bid=118 younger_rid=118 older_bid=111 older_rid=111 younger_slot=1 older_slot=4
[C:413443 ][TMA.NA    ]: scb_waw_violation peId=0 scalar=0 private=0 younger_bid=117 younger_rid=117 older_bid=110 older_rid=110 younger_slot=7 older_slot=1
[C:413885 ][TMA.NA    ]: scb_waw_violation peId=0 scalar=0 private=0 younger_bid=117 younger_rid=117 older_bid=110 older_rid=110 younger_slot=7 older_slot=1
[C:413999 ][TMA.NA    ]: scb_waw_violation peId=0 scalar=0 private=0 younger_bid=220 younger_rid=220 older_bid=213 older_rid=213 younger_slot=2 older_slot=0
[C:414081 ][TMA.NA    ]: scb_waw_violation peId=0 scalar=0 private=0 younger_bid=221 younger_rid=221 older_bid=214 older_rid=214 younger_slot=12 older_slot=8
[C:414398 ][TMA.NA    ]: scb_waw_violation peId=0 scalar=0 private=0 younger_bid=220 younger_rid=220 older_bid=213 older_rid=213 younger_slot=1 older_slot=7
[C:414779 ][TMA.NA    ]: scb_waw_violation peId=0 scalar=0 private=0 younger_bid=220 younger_rid=220 older_bid=213 older_rid=213 younger_slot=7 older_slot=6
[C:414885 ][TMA.NA    ]: scb_waw_violation peId=0 scalar=0 private=0 younger_bid=67 younger_rid=67 older_bid=60 older_rid=60 younger_slot=5 older_slot=0
[C:415027 ][TMA.NA    ]: scb_waw_violation peId=0 scalar=0 private=0 younger_bid=68 younger_rid=68 older_bid=61 older_rid=61 younger_slot=3 older_slot=2
[C:415399 ][TMA.NA    ]: scb_waw_violation peId=0 scalar=0 private=0 younger_bid=67 younger_rid=67 older_bid=60 older_rid=60 younger_slot=6 older_slot=2
[C:415639 ][TMA.NA    ]: scb_waw_violation peId=0 scalar=0 private=0 younger_bid=67 younger_rid=67 older_bid=60 older_rid=60 younger_slot=7 older_slot=1
[C:415793 ][TMA.NA    ]: scb_waw_violation peId=0 scalar=0 private=0 younger_bid=170 younger_rid=170 older_bid=163 older_rid=163 younger_slot=0 older_slot=3
[C:415881 ][TMA.NA    ]: scb_waw_violation peId=0 scalar=0 private=0 younger_bid=171 younger_rid=171 older_bid=164 older_rid=164 younger_slot=4 older_slot=3
[C:416352 ][TMA.NA    ]: scb_waw_violation peId=0 scalar=0 private=0 younger_bid=170 younger_rid=170 older_bid=163 older_rid=163 younger_slot=7 older_slot=1
[C:416581 ][TMA.NA    ]: scb_waw_violation peId=0 scalar=0 private=0 younger_bid=170 younger_rid=170 older_bid=163 older_rid=163 younger_slot=7 older_slot=6
[C:416679 ][TMA.NA    ]: scb_waw_violation peId=0 scalar=0 private=0 younger_bid=17 younger_rid=17 older_bid=10 older_rid=10 younger_slot=6 older_slot=4
[C:416838 ][TMA.NA    ]: scb_waw_violation peId=0 scalar=0 private=0 younger_bid=18 younger_rid=18 older_bid=11 older_rid=11 younger_slot=6 older_slot=0
[C:417305 ][TMA.NA    ]: scb_waw_violation peId=0 scalar=0 private=0 younger_bid=17 younger_rid=17 older_bid=10 older_rid=10 younger_slot=2 older_slot=1
[C:417427 ][TMA.NA    ]: scb_waw_violation peId=0 scalar=0 private=0 younger_bid=17 younger_rid=17 older_bid=10 older_rid=10 younger_slot=0 older_slot=2
[C:417615 ][TMA.NA    ]: scb_waw_violation peId=0 scalar=0 private=0 younger_bid=120 younger_rid=120 older_bid=113 older_rid=113 younger_slot=6 older_slot=1
[C:417743 ][TMA.NA    ]: scb_waw_violation peId=0 scalar=0 private=0 younger_bid=121 younger_rid=121 older_bid=114 older_rid=114 younger_slot=0 older_slot=2
[C:418199 ][TMA.NA    ]: scb_waw_violation peId=0 scalar=0 private=0 younger_bid=120 younger_rid=120 older_bid=113 older_rid=113 younger_slot=7 older_slot=1
[C:418317 ][TMA.NA    ]: scb_waw_violation peId=0 scalar=0 private=0 younger_bid=120 younger_rid=120 older_bid=113 older_rid=113 younger_slot=10 older_slot=4
[C:418554 ][TMA.NA    ]: scb_waw_violation peId=0 scalar=0 private=0 younger_bid=223 younger_rid=223 older_bid=216 older_rid=216 younger_slot=7 older_slot=0
[C:418693 ][TMA.NA    ]: scb_waw_violation peId=0 scalar=0 private=0 younger_bid=224 younger_rid=224 older_bid=217 older_rid=217 younger_slot=9 older_slot=7
[C:419124 ][TMA.NA    ]: scb_waw_violation peId=0 scalar=0 private=0 younger_bid=223 younger_rid=223 older_bid=216 older_rid=216 younger_slot=7 older_slot=0
[C:419205 ][TMA.NA    ]: scb_waw_violation peId=0 scalar=0 private=0 younger_bid=223 younger_rid=223 older_bid=216 older_rid=216 younger_slot=7 older_slot=0
[C:419491 ][TMA.NA    ]: scb_waw_violation peId=0 scalar=0 private=0 younger_bid=70 younger_rid=70 older_bid=63 older_rid=63 younger_slot=0 older_slot=6
[C:419591 ][TMA.NA    ]: scb_waw_violation peId=0 scalar=0 private=0 younger_bid=71 younger_rid=71 older_bid=64 older_rid=64 younger_slot=10 older_slot=0
[C:420091 ][TMA.NA    ]: scb_waw_violation peId=0 scalar=0 private=0 younger_bid=70 younger_rid=70 older_bid=63 older_rid=63 younger_slot=1 older_slot=10
[C:420135 ][TMA.NA    ]: scb_waw_violation peId=0 scalar=0 private=0 younger_bid=70 younger_rid=70 older_bid=63 older_rid=63 younger_slot=11 older_slot=0
[C:420363 ][TMA.NA    ]: scb_waw_violation peId=0 scalar=0 private=0 younger_bid=173 younger_rid=173 older_bid=166 older_rid=166 younger_slot=6 older_slot=1
[C:420505 ][TMA.NA    ]: scb_waw_violation peId=0 scalar=0 private=0 younger_bid=174 younger_rid=174 older_bid=167 older_rid=167 younger_slot=9 older_slot=3
[C:420947 ][TMA.NA    ]: scb_waw_violation peId=0 scalar=0 private=0 younger_bid=173 younger_rid=173 older_bid=166 older_rid=166 younger_slot=7 older_slot=1
[C:421055 ][TMA.NA    ]: scb_waw_violation peId=0 scalar=0 private=0 younger_bid=173 younger_rid=173 older_bid=166 older_rid=166 younger_slot=10 older_slot=0
[C:421323 ][TMA.NA    ]: scb_waw_violation peId=0 scalar=0 private=0 younger_bid=20 younger_rid=20 older_bid=13 older_rid=13 younger_slot=6 older_slot=2
[C:421447 ][TMA.NA    ]: scb_waw_violation peId=0 scalar=0 private=0 younger_bid=21 younger_rid=21 older_bid=14 older_rid=14 younger_slot=6 older_slot=2
[C:421843 ][TMA.NA    ]: scb_waw_violation peId=0 scalar=0 private=0 younger_bid=20 younger_rid=20 older_bid=13 older_rid=13 younger_slot=7 older_slot=1
[C:421943 ][TMA.NA    ]: scb_waw_violation peId=0 scalar=0 private=0 younger_bid=20 younger_rid=20 older_bid=13 older_rid=13 younger_slot=2 older_slot=1
[C:422245 ][TMA.NA    ]: scb_waw_violation peId=0 scalar=0 private=0 younger_bid=123 younger_rid=123 older_bid=116 older_rid=116 younger_slot=2 older_slot=1
[C:422359 ][TMA.NA    ]: scb_waw_violation peId=0 scalar=0 private=0 younger_bid=124 younger_rid=124 older_bid=117 older_rid=117 younger_slot=2 older_slot=6
[C:422761 ][TMA.NA    ]: scb_waw_violation peId=0 scalar=0 private=0 younger_bid=123 younger_rid=123 older_bid=116 older_rid=116 younger_slot=7 older_slot=6
[C:422829 ][TMA.NA    ]: scb_waw_violation peId=0 scalar=0 private=0 younger_bid=123 younger_rid=123 older_bid=116 older_rid=116 younger_slot=11 older_slot=1
[C:423171 ][TMA.NA    ]: scb_waw_violation peId=0 scalar=0 private=0 younger_bid=226 younger_rid=226 older_bid=219 older_rid=219 younger_slot=6 older_slot=4
[C:423311 ][TMA.NA    ]: scb_waw_violation peId=0 scalar=0 private=0 younger_bid=227 younger_rid=227 older_bid=220 older_rid=220 younger_slot=0 older_slot=8
[C:423661 ][TMA.NA    ]: scb_waw_violation peId=0 scalar=0 private=0 younger_bid=226 younger_rid=226 older_bid=219 older_rid=219 younger_slot=2 older_slot=0
[C:423773 ][TMA.NA    ]: scb_waw_violation peId=0 scalar=0 private=0 younger_bid=226 younger_rid=226 older_bid=219 older_rid=219 younger_slot=6 older_slot=2
[C:424105 ][TMA.NA    ]: scb_waw_violation peId=0 scalar=0 private=0 younger_bid=73 younger_rid=73 older_bid=66 older_rid=66 younger_slot=2 older_slot=0
[C:424229 ][TMA.NA    ]: scb_waw_violation peId=0 scalar=0 private=0 younger_bid=74 younger_rid=74 older_bid=67 older_rid=67 younger_slot=6 older_slot=2
[C:424541 ][TMA.NA    ]: scb_waw_violation peId=0 scalar=0 private=0 younger_bid=73 younger_rid=73 older_bid=66 older_rid=66 younger_slot=5 older_slot=3
[C:424716 ][TMA.NA    ]: scb_waw_violation peId=0 scalar=0 private=0 younger_bid=73 younger_rid=73 older_bid=66 older_rid=66 younger_slot=4 older_slot=1
[C:425000 ][TMA.NA    ]: scb_waw_violation peId=0 scalar=0 private=0 younger_bid=176 younger_rid=176 older_bid=169 older_rid=169 younger_slot=6 older_slot=2
[C:425111 ][TMA.NA    ]: scb_waw_violation peId=0 scalar=0 private=0 younger_bid=177 younger_rid=177 older_bid=170 older_rid=170 younger_slot=10 older_slot=3
[C:425467 ][TMA.NA    ]: scb_waw_violation peId=0 scalar=0 private=0 younger_bid=176 younger_rid=176 older_bid=169 older_rid=169 younger_slot=6 older_slot=5
[C:425565 ][TMA.NA    ]: scb_waw_violation peId=0 scalar=0 private=0 younger_bid=176 younger_rid=176 older_bid=169 older_rid=169 younger_slot=6 older_slot=1
[C:425911 ][TMA.NA    ]: scb_waw_violation peId=0 scalar=0 private=0 younger_bid=23 younger_rid=23 older_bid=16 older_rid=16 younger_slot=6 older_slot=0
[C:426021 ][TMA.NA    ]: scb_waw_violation peId=0 scalar=0 private=0 younger_bid=24 younger_rid=24 older_bid=17 older_rid=17 younger_slot=10 older_slot=3
[C:426379 ][TMA.NA    ]: scb_waw_violation peId=0 scalar=0 private=0 younger_bid=23 younger_rid=23 older_bid=16 older_rid=16 younger_slot=6 older_slot=5
[C:426478 ][TMA.NA    ]: scb_waw_violation peId=0 scalar=0 private=0 younger_bid=23 younger_rid=23 older_bid=16 older_rid=16 younger_slot=6 older_slot=2
[C:426823 ][TMA.NA    ]: scb_waw_violation peId=0 scalar=0 private=0 younger_bid=126 younger_rid=126 older_bid=119 older_rid=119 younger_slot=6 older_slot=1
[C:426933 ][TMA.NA    ]: scb_waw_violation peId=0 scalar=0 private=0 younger_bid=127 younger_rid=127 older_bid=120 older_rid=120 younger_slot=10 older_slot=3
[C:427323 ][TMA.NA    ]: scb_waw_violation peId=0 scalar=0 private=0 younger_bid=126 younger_rid=126 older_bid=119 older_rid=119 younger_slot=6 older_slot=5
[C:427423 ][TMA.NA    ]: scb_waw_violation peId=0 scalar=0 private=0 younger_bid=126 younger_rid=126 older_bid=119 older_rid=119 younger_slot=5 older_slot=2
[C:427735 ][TMA.NA    ]: scb_waw_violation peId=0 scalar=0 private=0 younger_bid=229 younger_rid=229 older_bid=222 older_rid=222 younger_slot=6 older_slot=1
[C:427829 ][TMA.NA    ]: scb_waw_violation peId=0 scalar=0 private=0 younger_bid=230 younger_rid=230 older_bid=223 older_rid=223 younger_slot=6 older_slot=1
[C:428189 ][TMA.NA    ]: scb_waw_violation peId=0 scalar=0 private=0 younger_bid=229 younger_rid=229 older_bid=222 older_rid=222 younger_slot=7 older_slot=6
[C:428351 ][TMA.NA    ]: scb_waw_violation peId=0 scalar=0 private=0 younger_bid=229 younger_rid=229 older_bid=222 older_rid=222 younger_slot=8 older_slot=2
[C:428649 ][TMA.NA    ]: scb_waw_violation peId=0 scalar=0 private=0 younger_bid=76 younger_rid=76 older_bid=69 older_rid=69 younger_slot=6 older_slot=2
[C:428715 ][TMA.NA    ]: scb_waw_violation peId=0 scalar=0 private=0 younger_bid=77 younger_rid=77 older_bid=70 older_rid=70 younger_slot=11 older_slot=1
[C:429117 ][TMA.NA    ]: scb_waw_violation peId=0 scalar=0 private=0 younger_bid=76 younger_rid=76 older_bid=69 older_rid=69 younger_slot=6 older_slot=5
[C:429233 ][TMA.NA    ]: scb_waw_violation peId=0 scalar=0 private=0 younger_bid=76 younger_rid=76 older_bid=69 older_rid=69 younger_slot=7 older_slot=1
[C:429559 ][TMA.NA    ]: scb_waw_violation peId=0 scalar=0 private=0 younger_bid=179 younger_rid=179 older_bid=172 older_rid=172 younger_slot=6 older_slot=4
[C:429731 ][TMA.NA    ]: scb_waw_violation peId=0 scalar=0 private=0 younger_bid=180 younger_rid=180 older_bid=173 older_rid=173 younger_slot=3 older_slot=2
[C:430049 ][TMA.NA    ]: scb_waw_violation peId=0 scalar=0 private=0 younger_bid=179 younger_rid=179 older_bid=172 older_rid=172 younger_slot=2 older_slot=0
[C:430159 ][TMA.NA    ]: scb_waw_violation peId=0 scalar=0 private=0 younger_bid=179 younger_rid=179 older_bid=172 older_rid=172 younger_slot=6 older_slot=2
tid: 0 Core@500000: Retired blocks 261891. BROB head info: B71 STID0 BPC 0x12130 [STD DIRECT]
tid: 1 Core@500000: Retired blocks 261891. BROB head info: B71 STID1 BPC 0x12754 [STD FALL]
tid: 2 Core@500000: Retired blocks 261891. BROB head info: B72 STID2 BPC 0x12746 [STD COND]
tid: 3 Core@500000: Retired blocks 261891. BROB head info: B45 STID3 BPC 0x12754 [STD FALL]
tid: 0 Core@600000: Retired blocks 332134. BROB head info: B27 STID0 BPC 0x1215a [STD COND]
tid: 1 Core@600000: Retired blocks 332134. BROB head info: B175 STID1 BPC 0x12754 [STD FALL]
tid: 2 Core@600000: Retired blocks 332134. BROB head info: B55 STID2 BPC 0x12754 [STD FALL]
tid: 3 Core@600000: Retired blocks 332134. BROB head info: B101 STID3 BPC 0x12754 [STD FALL]
[C:688674 ][TMA.NA    ]: nuke_pair_diag ld_stid=0 ld_bid=135/w1 ld_rid=112 st_stid=0 st_bid=134/w1 st_rid=100
tid: 0 Core@700000: Retired blocks 390790. BROB head info: B210 STID0 BPC 0x12658 [STD COND]
tid: 1 Core@700000: Retired blocks 390790. BROB head info: B198 STID1 BPC 0x12754 [STD FALL]
tid: 2 Core@700000: Retired blocks 390790. BROB head info: B102 STID2 BPC 0x12754 [STD FALL]
tid: 3 Core@700000: Retired blocks 390790. BROB head info: B136 STID3 BPC 0x12754 [STD FALL]
Simulation time: 387s 
+-------------------------+--------------+
| Block Control Config Name | Value        |
+-------------------------+--------------+
| inst_decode_bw          | 4            |
| block_rob_depth         | 256          |
| BISQ:cube_isq_depth     | 32           |
| BISQ:vector_isq_depth   | 32           |
+-------------------------+--------------+
+-------------------+--------------+
| CUBE Config Name  | Value        |
+-------------------+--------------+
| uop_isq_depth     | 32           |
| tcvt_isq_depth    | 16           |
| L0A_size          | 16           |
| L0B_size          | 16           |
| L0C_size          | 16           |
+-------------------+--------------+
===================SuperScalar NPU Stats====================
Total Cycles.....................................:    701118
================SuperScalar Unified Top-Down================
Retiring.........................................:     45.44%
Bad Speculation..................................:     11.40%
Frontend Bound...................................:      0.01%
CMD Bound........................................:      0.11%
Backend Bound....................................:     43.04%
=============Top-Down Normalization Diagnostics=============
Bad Speculation Clipped Slots....................:         0
Frontend Bound Clipped Slots.....................:         0
  |-- LD Retiring................................:      2.15%
  |-- ST Retiring................................:      1.10%
  |-- BR Retiring................................:      0.00%
  |-- ALU Retiring...............................:     42.19%
  |-- Other Retiring.............................:      0.00%
  |-- Misprediction..............................:      0.01%
  |-- Machine Clear..............................:     11.39%
  |-- Fetch Latency..............................:      0.00%
  |-- Fetch Bandwidth............................:      0.01%
    |-- Branch Resteering........................:      0.00%
    |-- ITLB/BTLB miss...........................:      0.00%
    |-- BHC miss penalty.........................:      0.00%
    |-- Other fetch lat..........................:      0.00%
    |-- Decode Stall.............................:      0.00%
    |-- Rename Stall.............................:      0.00%
    |-- BROB Stall...............................:      0.02%
    |-- SYS Block Stall..........................:      0.00%
  |-- CMD queue backpressure.....................:      0.11%
    |-- Operand not ready........................:      0.08%
    |-- BIQ capacity full........................:      0.04%
      |-- CUBE BIQ full..........................:      0.00%
      |-- VECTOR BIQ full........................:      0.04%
      |-- TLSU BIQ full..........................:      0.00%
      |-- GROUP/SHU BIQ full.....................:      0.00%
      |-- Other BIQ full.........................:      0.00%
    |-- TileReg capacity full....................:      0.00%
    |-- GPR LPV/no-cancel gate...................:      0.00%
    |-- Other CMD queue block....................:      0.00%
  |-- CMDPipe tile backpressure..................:      0.00%
    |-- TileReg resource unavailable.............:      0.00%
    |-- Other CMDPipe stall......................:      0.00%
  |-- Other CMD control..........................:      0.00%
  |-- Memory Bound...............................:      0.00%
  |-- Core Bound.................................:     43.04%
    |-- L1 Bound.................................:      0.00%
    |-- L2 Bound.................................:      0.00%
    |-- L3/DRAM Bound............................:      0.00%
    |-- Store Bound..............................:      0.00%
    |-- Scalar ALU...............................:      9.80%
    |-- Cube.....................................:      0.00%
    |-- Vector...................................:     17.35%
    |-- TLSU Tload...............................:      6.03%
    |-- TLSU Tstore..............................:      9.85%
    |-- TLSU TMOV................................:      0.00%
    |-- Idle.....................................:      0.00%
    |-- Other Core...............................:      0.00%
      |-- Simple ALU pipe full...................:      0.00%
      |-- Complex INT busy.......................:      1.48%
      |-- Branch port busy.......................:      6.54%
===============Top-Down Boundary Attribution================
IFU-OEX boundary observations (slots)............:   2804472
  |-- Frontend supply bubble (F5)................:      0.22%
  |-- Backend backpressure (F5)..................:      8.13%
  |-- Delivered to OEX (F5)......................:     91.65%
CMD queue/Pipe boundary observations (cycles)....:    701118
  |-- CMD queue supply bubble....................:     58.25%
  |-- CMD queue backpressure.....................:      0.11%
  |-- CMD blocked union cycles...................:       794
  |-- CMD issued slots...........................:    915702
  |-- CMD IQ TileOp issue count..................:    142664
  |-- CMD IQ non-empty cycles....................:    292706
  |-- CMD IQ TileOp issue rate (tileops/cycle)...:0.48739691
  |-- CMDPipe tile backpressure events...........:         0
=======Core-Cycles Oldest-Block Top-Down (diagnostic)=======
Core cycles......................................:    701118
L1 Retiring......................................:      0.00%
L1 Recovery......................................:      0.00%
L1 Frontend Bound................................:     53.26%
L1 CMD Bound.....................................:      0.01%
L1 Backend Bound.................................:     46.72%
L1 Idle/Other....................................:      0.01%
  |-- L2 Memory Bound............................:      0.08%
  |-- L2 Group Sync Bound........................:      0.00%
  |-- L2 Core Bound..............................:     46.64%
    |-- L3 Cube..................................:      0.00%
    |-- L3 Vector................................:      7.28%
    |-- L3 TLSU..................................:     39.36%
    |-- L3 Scalar ALU............................:      0.00%
      |-- L4 Cube execution/queue owner..........:      0.00%
      |-- L4 Vector execution owner..............:      7.28%
      |-- L4 TLSU Tload owner....................:      0.93%
      |-- L4 TLSU Tstore owner...................:     38.44%
      |-- L4 Scalar ALU owner....................:      0.00%
Core-cycle attribution sum.......................:    701118
STID0 oldest observations........................:    701118
STID1 oldest observations........................:    701118
STID2 oldest observations........................:    701118
STID3 oldest observations........................:    701118
  |-- RETIRING representative STID...............:         1
  |-- RETIRING representative BID................:         0
  |-- RETIRING participant mask..................:        15
  |-- FRONTEND_BOUND representative STID.........:         0
  |-- FRONTEND_BOUND representative BID..........:         0
  |-- FRONTEND_BOUND participant mask............:        15
  |-- CMD_BOUND representative STID..............:         0
  |-- CMD_BOUND representative BID...............:       135
  |-- CMD_BOUND participant mask.................:         1
  |-- MEMORY_BOUND representative STID...........:         0
  |-- MEMORY_BOUND representative BID............:         6
  |-- MEMORY_BOUND participant mask..............:        15
  |-- TLSU_TLOAD representative STID.............:         3
  |-- TLSU_TLOAD representative BID..............:         0
  |-- TLSU_TLOAD participant mask................:        15
  |-- TLSU_TSTORE representative STID............:         3
  |-- TLSU_TSTORE representative BID.............:         0
  |-- TLSU_TSTORE participant mask...............:        15
  |-- VECTOR representative STID.................:         1
  |-- VECTOR representative BID..................:         0
  |-- VECTOR participant mask....................:        15
  |-- FLUSH_RECOVERY representative STID.........:         0
  |-- FLUSH_RECOVERY representative BID..........:       135
  |-- FLUSH_RECOVERY participant mask............:         1
  |-- IDLE_NO_OLDEST representative STID.........:         0
  |-- IDLE_NO_OLDEST representative BID..........:18446744073709551615
  |-- IDLE_NO_OLDEST participant mask............:        15
===================superScalar Key Stats====================
superScalar Tileop Total Cycles..................:   2804472
  |--Cube Tileop Total Cycles....................:         0
  |--Vector Tileop Total Cycles..................:    617856
  |--TLSU Tileop Total Cycles....................:    773112
superScalar Total Tileop Counter.................:    142664
  |--Cube Execute Tileop Counter.................:         0
  |--Vector Execute Tileop Counter...............:    106448
  |--TLSU Execute Tileop Counter.................:     36216
    |--AccountExpTlsuCellReads...................:       132
    |--AccountExpTlsuCellWrites..................:         0
superScalar Run Tileop Wall Cycles...............:    690469
  |--Cube Busy Resource-Cycles (PE-summed).......:         0
  |--Vector Busy Resource-Cycles (PE-summed).....:   1360204
  |--TLSU Busy Resource-Cycles (PE-summed).......:    689932
  |--Cube Active Wall Cycles (union).............:         0
  |--Vector Active Wall Cycles (union)...........:    315742
  |--TLSU Active Wall Cycles (union).............:    689932
    |--TLSU Tload Resource-Cycles (PE-summed)....:    374736
      |--write Blocked By Ring Cycles............:         0
    |--TLSU Tstore Resource-Cycles (PE-summed)...:    612147
    |--TLSU Tmov Resource-Cycles (PE-summed).....:         0
    |--TLSU Mgather Resource-Cycles (PE-summed)..:         0
    |--TLSU Mscatter Resource-Cycles (PE-summed).:         0
    |--TLSU Vgather Resource-Cycles (PE-summed)..:         0
    |--TLSU Vscatter Resource-Cycles (PE-summed).:         0
  |--All Cores Idle Wall Cycles..................:     10649
  |--Vector-Cube Concurrent Wall Cycles (union)..:         0
  |--Vector-Cube Active Wall Cycles (union)......:    315742
  |--Cube-TLSU Concurrent Wall Cycles (union)....:         0
  |--Cube-TLSU Active Wall Cycles (union)........:    689932
  |--Vector-TLSU Concurrent Wall Cycles (union)..:    315205
  |--Vector-TLSU Active Wall Cycles (union)......:    690469
=============TileOp Efficiency (explicit units)=============
PE0 CUBE ExecCycles/TileOp.......................:      0.00
PE0 CUBE TileOpRate (ops/cycle)..................:0.00000000
PE0 CUBE TileOp Occupancy (%)....................:      0.00
PE1 CUBE ExecCycles/TileOp.......................:      0.00
PE1 CUBE TileOpRate (ops/cycle)..................:0.00000000
PE1 CUBE TileOp Occupancy (%)....................:      0.00
PE2 CUBE ExecCycles/TileOp.......................:      0.00
PE2 CUBE TileOpRate (ops/cycle)..................:0.00000000
PE2 CUBE TileOp Occupancy (%)....................:      0.00
PE3 CUBE ExecCycles/TileOp.......................:      0.00
PE3 CUBE TileOpRate (ops/cycle)..................:0.00000000
PE3 CUBE TileOp Occupancy (%)....................:      0.00
PE0 VECTOR ReadLatency (cycles/op)...............:      5.96
PE0 VECTOR TileOpRate (ops/cycle)................:      0.04
PE0 VECTOR Utilization...........................:      0.37
PE0 VECTOR Utilization (issue-events)............:      0.00
PE1 VECTOR ReadLatency (cycles/op)...............:      5.12
PE1 VECTOR TileOpRate (ops/cycle)................:      0.04
PE1 VECTOR Utilization...........................:      0.36
PE1 VECTOR Utilization (issue-events)............:      0.00
PE2 VECTOR ReadLatency (cycles/op)...............:      5.06
PE2 VECTOR TileOpRate (ops/cycle)................:      0.04
PE2 VECTOR Utilization...........................:      0.36
PE2 VECTOR Utilization (issue-events)............:      0.00
PE3 VECTOR ReadLatency (cycles/op)...............:      5.19
PE3 VECTOR TileOpRate (ops/cycle)................:      0.04
PE3 VECTOR Utilization...........................:      0.36
PE3 VECTOR Utilization (issue-events)............:      0.00
PE0 TLSU Occupancy/Issue (cycles/event)..........:     56.09
PE0 TLSU IssueRate (events/cycle)................:      0.29
PE0 TLSU Utilization (%).........................:     98.52
Vector-Cube overlap ratio........................:      0.00
Vector-TLSU overlap ratio........................:      0.46
============PROB Status Occupancy (entry-cycles)============
  |--free........................................:         0
  |--alloc.......................................:  59059179
  |--renamed.....................................:         0
  |--dispatched..................................:   1139148
  |--in_queue....................................:  33140553
  |--issued......................................:  10260561
  |--executing...................................:   1896868
  |--writeback...................................:    815918
  |--completed...................................:  57169238
  |--retired.....................................:   3203234
  |--fault.......................................:         0
  |--need_flush..................................:         0
===============Block Control Key Stats total================
Average Outstanding Block Number.................:      4.57
  |--Average Outstanding Cube Block Number.......:      0.00
  |--Average Outstanding Vector Block Number.....:      2.22
  |--Average Outstanding TLoad Number............:      1.23
  |--Average Outstanding TStore Number...........:      1.12
=============Block Control Key Stats SThread 0==============
Average Outstanding Block Number.................:      1.30
  |--Average Outstanding Cube Block Number.......:      0.00
  |--Average Outstanding Vector Block Number.....:      0.58
  |--Average Outstanding TLoad Number............:      0.34
  |--Average Outstanding TStore Number...........:      0.38
=============Block Control Key Stats SThread 1==============
Average Outstanding Block Number.................:      1.17
  |--Average Outstanding Cube Block Number.......:      0.00
  |--Average Outstanding Vector Block Number.....:      0.55
  |--Average Outstanding TLoad Number............:      0.30
  |--Average Outstanding TStore Number...........:      0.32
=============Block Control Key Stats SThread 2==============
Average Outstanding Block Number.................:      1.08
  |--Average Outstanding Cube Block Number.......:      0.00
  |--Average Outstanding Vector Block Number.....:      0.55
  |--Average Outstanding TLoad Number............:      0.29
  |--Average Outstanding TStore Number...........:      0.24
=============Block Control Key Stats SThread 3==============
Average Outstanding Block Number.................:      1.03
  |--Average Outstanding Cube Block Number.......:      0.00
  |--Average Outstanding Vector Block Number.....:      0.55
  |--Average Outstanding TLoad Number............:      0.30
  |--Average Outstanding TStore Number...........:      0.18
===================CubeCore 0 Statistics====================
Cube Total Cycles................................:    701118
Cube MAC Exec Occupancy..........................:         0    0.00%
Cube MAC Utilization.............................:      0.00    0.00%
Cube Logical MAC Count...........................:         0
Cube Equivalent MAC Count........................:      0.00
Cube Equivalent MAC Rate (MAC/cycle).............:      0.00
Cube core workload units (dtype-normalized)......:      0.00
Cube core workload rate (units/cycle)............:0.00000000
Cube Achieved TFLOPS (equivalent MACs, 1.65GHz)..:  0.000000
Cube core exe tileop count.......................:         0
Cube Uop Generated Count.........................:         0
Cube core retired uop count......................:         0
Cube core total load count.......................:         0
Cube core total store count (CellReg TileC writes):         0
Cube FP16 Logical MAC Count......................:         0
Cube FP16 Equivalent MAC Count...................:      0.00
Cube FP8 Logical MAC Count.......................:         0
Cube FP8 Equivalent MAC Count....................:      0.00
Cube FP4 Logical MAC Count.......................:         0
Cube FP4 Equivalent MAC Count....................:      0.00
Cube TileOp Occupancy............................:         0    0.00%
Cube Load Outstanding............................:         0    0.00%
Cube FixPipe/Store Occupancy.....................:         0    0.00%
Cube core average acc slot use...................:       N/A
Cube core average l0a entry use..................:       N/A
Cube core average l0b entry use..................:       N/A
Cube core average l0a entry use busy.............:       N/A
Cube core average l0b entry use busy.............:       N/A
Cube core average acc slot use busy..............:       N/A
Cube MAC Range...................................:         0
Cube Load Range..................................:         0
Cube Store Range.................................:         0
Cube Load-MAC Range Overlap......................:         0     N/A
accSlotAllocCount................................:         0
accSlotFreeCount.................................:         0
accSlotPeakInUse.................................:         0
accSlotWaitCount.................................:         0
bandPairMapPeakSize..............................:         0
bandPairMapFinalSize.............................:         0
batchDistributeCount.............................:         0
batchFallbackCount...............................:         0
m0TileCReadCount.................................:         0
m1TileCReadCount.................................:         0
tileCReadRequestCount............................:         0
tileCReadBytes...................................:         0
batchMissedDistributeCount.......................:         0
uniqueTileCSourceAddresses.......................:         0
Cube core exe uop count..........................:         0
Cube core retired uop count......................:         0
Cube core total load count.......................:         0
Cube core total store count (CellReg TileC writes):         0
  |--CellReg Load Count..........................:         0
    |--CellReg TileA Count.......................:         0
    |--CellReg TileB Count.......................:         0
    |--CellReg TileC Count.......................:         0
    |--CellReg LeftScale Count...................:         0
    |--CellReg RightScale Count..................:         0
  |--CellReg Load Bytes..........................:         0
    |--CellReg TileA Bytes.......................:         0
    |--CellReg TileB Bytes.......................:         0
    |--CellReg TileC Bytes.......................:         0
    |--CellReg LeftScale Bytes...................:         0
    |--CellReg RightScale Bytes..................:         0
  |--CellReg Store Count.........................:         0
    |--CellReg TileC Count.......................:         0
  |--CellReg Store Bytes.........................:         0
    |--CellReg TileC Bytes.......................:         0
  |--ShareTReg Load Count........................:         0
    |--ShareTReg TileA Count.....................:         0
    |--ShareTReg TileB Count.....................:         0
  |--ShareTReg Load Bytes........................:         0
    |--ShareTReg TileA Bytes.....................:         0
    |--ShareTReg TileB Bytes.....................:         0
  |--Exp CellReg Load Count......................:         0
    |--Exp CellReg TileA Count...................:         0
    |--Exp CellReg TileB Count...................:         0
    |--Exp CellReg TileC Count...................:         0
    |--Exp CellReg LeftScale Count...............:         0
    |--Exp CellReg RightScale Count..............:         0
  |--Exp CellReg Load Delta......................:      0.00
  |--Exp CellReg Store Count.....................:         0
  |--Exp CellReg Store Delta.....................:      0.00
  |--Exp ShareTReg Load Count....................:         0
  |--Exp ShareTReg Load Delta....................:      0.00
Cube core cannot pick main chain uop ratio.......:         0     N/A
Cube core pick cub chain uop ratio...............:         0     N/A
Cube busy cycle..................................:         0
Cube core mmad busy cycle........................:         0     N/A
Cube core load busy cycle........................:         0     N/A
Cube core store busy cycle.......................:         0     N/A
  UtilMacW (array exec)..........................:         0
    |--UtilMacWMad (systolic MAC phase)..........:         0
    |--UtilMacWRamp (staging/fill-drain).........:         0
  UtilMacO (operand in-flight)...................:         0
  UtilMacA (exec/writeback struct)...............:         0
  UtilMacD (dependency chain)....................:         0
  UtilMacI (issue/rename struct).................:         0
  UtilMacS (no tile).............................:    701118
  UtilMacUnaccounted.............................:         0
  UtilMacCycles..................................:    701118
    |--UtilMacSub_O_L0InFlight...................:         0
    |--UtilMacSub_O_ScaleInFlight................:         0
    |--UtilMacSub_O_LoadPath.....................:         0
    |--UtilMacSub_O_LdUopBuf.....................:         0
    |--UtilMacSub_A_AllocBackpressure............:         0
    |--UtilMacSub_A_StoreInFlight................:         0
    |--UtilMacSub_A_FixPipeAnnounce..............:         0
    |--UtilMacSub_A_UopBufQueue..................:         0
    |--UtilMacSub_A_TileBoundary.................:         0
    |--UtilMacSubO_Reconcile.....................:      0.00
    |--UtilMacSubA_Reconcile.....................:      0.00
    |--UtilMacSub_O_L0InFlight_A.................:         0
    |--UtilMacSub_O_L0InFlight_B.................:         0
    |--UtilMacSub_O_L0InFlight_C.................:         0
    |--UtilMacSub_O_L0InFlight_Other.............:         0
    |--UtilMacSubO_L0Split_Reconcile.............:      0.00
  UtilMacIssue_Issued............................:         0
  UtilMacIssue_CStreamWait.......................:         0
  UtilMacIssue_L0InFlight........................:         0
  UtilMacIssue_ScaleInFlight.....................:         0
  UtilMacIssue_AllocBackpressure.................:         0
  UtilMacIssue_KLoopChain........................:         0
  UtilMacIssue_UopBufQueue.......................:         0
  UtilMacIssue_LdUopBufQueue.....................:         0
  UtilMacIssue_NoTile............................:    701118
  UtilMacIssue_TileBoundary......................:         0
  UtilMacIssue_Unaccounted.......................:         0
  UtilMacIssue_Reconcile.........................:      0.00
  UtilMacIssue_L0InFlight_A......................:         0
  UtilMacIssue_L0InFlight_B......................:         0
  UtilMacIssue_L0InFlight_C......................:         0
  UtilMacIssue_L0InFlight_Other..................:         0
  UtilMacIssue_L0Split_Reconcile.................:      0.00
  UtilMacStageOcc................................:         0
  UtilMacStageIdle...............................:         0
  UtilMacStage_Reconcile.........................:      0.00
  UtilMacFillWeightedUtil........................:      0.00
  UtilMacShadow_CwaitCycles......................:         0
  UtilMacShadow_L0WithCwait......................:         0
  UtilMacStageIdleByCause_Reconcile..............:      0.00
===================CubeCore 1 Statistics====================
Cube Total Cycles................................:    701118
Cube MAC Exec Occupancy..........................:         0    0.00%
Cube MAC Utilization.............................:      0.00    0.00%
Cube Logical MAC Count...........................:         0
Cube Equivalent MAC Count........................:      0.00
Cube Equivalent MAC Rate (MAC/cycle).............:      0.00
Cube core workload units (dtype-normalized)......:      0.00
Cube core workload rate (units/cycle)............:0.00000000
Cube Achieved TFLOPS (equivalent MACs, 1.65GHz)..:  0.000000
Cube core exe tileop count.......................:         0
Cube Uop Generated Count.........................:         0
Cube core retired uop count......................:         0
Cube core total load count.......................:         0
Cube core total store count (CellReg TileC writes):         0
Cube FP16 Logical MAC Count......................:         0
Cube FP16 Equivalent MAC Count...................:      0.00
Cube FP8 Logical MAC Count.......................:         0
Cube FP8 Equivalent MAC Count....................:      0.00
Cube FP4 Logical MAC Count.......................:         0
Cube FP4 Equivalent MAC Count....................:      0.00
Cube TileOp Occupancy............................:         0    0.00%
Cube Load Outstanding............................:         0    0.00%
Cube FixPipe/Store Occupancy.....................:         0    0.00%
Cube core average acc slot use...................:       N/A
Cube core average l0a entry use..................:       N/A
Cube core average l0b entry use..................:       N/A
Cube core average l0a entry use busy.............:       N/A
Cube core average l0b entry use busy.............:       N/A
Cube core average acc slot use busy..............:       N/A
Cube MAC Range...................................:         0
Cube Load Range..................................:         0
Cube Store Range.................................:         0
Cube Load-MAC Range Overlap......................:         0     N/A
accSlotAllocCount................................:         0
accSlotFreeCount.................................:         0
accSlotPeakInUse.................................:         0
accSlotWaitCount.................................:         0
bandPairMapPeakSize..............................:         0
bandPairMapFinalSize.............................:         0
batchDistributeCount.............................:         0
batchFallbackCount...............................:         0
m0TileCReadCount.................................:         0
m1TileCReadCount.................................:         0
tileCReadRequestCount............................:         0
tileCReadBytes...................................:         0
batchMissedDistributeCount.......................:         0
uniqueTileCSourceAddresses.......................:         0
Cube core exe uop count..........................:         0
Cube core retired uop count......................:         0
Cube core total load count.......................:         0
Cube core total store count (CellReg TileC writes):         0
  |--CellReg Load Count..........................:         0
    |--CellReg TileA Count.......................:         0
    |--CellReg TileB Count.......................:         0
    |--CellReg TileC Count.......................:         0
    |--CellReg LeftScale Count...................:         0
    |--CellReg RightScale Count..................:         0
  |--CellReg Load Bytes..........................:         0
    |--CellReg TileA Bytes.......................:         0
    |--CellReg TileB Bytes.......................:         0
    |--CellReg TileC Bytes.......................:         0
    |--CellReg LeftScale Bytes...................:         0
    |--CellReg RightScale Bytes..................:         0
  |--CellReg Store Count.........................:         0
    |--CellReg TileC Count.......................:         0
  |--CellReg Store Bytes.........................:         0
    |--CellReg TileC Bytes.......................:         0
  |--ShareTReg Load Count........................:         0
    |--ShareTReg TileA Count.....................:         0
    |--ShareTReg TileB Count.....................:         0
  |--ShareTReg Load Bytes........................:         0
    |--ShareTReg TileA Bytes.....................:         0
    |--ShareTReg TileB Bytes.....................:         0
  |--Exp CellReg Load Count......................:         0
    |--Exp CellReg TileA Count...................:         0
    |--Exp CellReg TileB Count...................:         0
    |--Exp CellReg TileC Count...................:         0
    |--Exp CellReg LeftScale Count...............:         0
    |--Exp CellReg RightScale Count..............:         0
  |--Exp CellReg Load Delta......................:      0.00
  |--Exp CellReg Store Count.....................:         0
  |--Exp CellReg Store Delta.....................:      0.00
  |--Exp ShareTReg Load Count....................:         0
  |--Exp ShareTReg Load Delta....................:      0.00
Cube core cannot pick main chain uop ratio.......:         0     N/A
Cube core pick cub chain uop ratio...............:         0     N/A
Cube busy cycle..................................:         0
Cube core mmad busy cycle........................:         0     N/A
Cube core load busy cycle........................:         0     N/A
Cube core store busy cycle.......................:         0     N/A
  UtilMacW (array exec)..........................:         0
    |--UtilMacWMad (systolic MAC phase)..........:         0
    |--UtilMacWRamp (staging/fill-drain).........:         0
  UtilMacO (operand in-flight)...................:         0
  UtilMacA (exec/writeback struct)...............:         0
  UtilMacD (dependency chain)....................:         0
  UtilMacI (issue/rename struct).................:         0
  UtilMacS (no tile).............................:    701118
  UtilMacUnaccounted.............................:         0
  UtilMacCycles..................................:    701118
    |--UtilMacSub_O_L0InFlight...................:         0
    |--UtilMacSub_O_ScaleInFlight................:         0
    |--UtilMacSub_O_LoadPath.....................:         0
    |--UtilMacSub_O_LdUopBuf.....................:         0
    |--UtilMacSub_A_AllocBackpressure............:         0
    |--UtilMacSub_A_StoreInFlight................:         0
    |--UtilMacSub_A_FixPipeAnnounce..............:         0
    |--UtilMacSub_A_UopBufQueue..................:         0
    |--UtilMacSub_A_TileBoundary.................:         0
    |--UtilMacSubO_Reconcile.....................:      0.00
    |--UtilMacSubA_Reconcile.....................:      0.00
    |--UtilMacSub_O_L0InFlight_A.................:         0
    |--UtilMacSub_O_L0InFlight_B.................:         0
    |--UtilMacSub_O_L0InFlight_C.................:         0
    |--UtilMacSub_O_L0InFlight_Other.............:         0
    |--UtilMacSubO_L0Split_Reconcile.............:      0.00
  UtilMacIssue_Issued............................:         0
  UtilMacIssue_CStreamWait.......................:         0
  UtilMacIssue_L0InFlight........................:         0
  UtilMacIssue_ScaleInFlight.....................:         0
  UtilMacIssue_AllocBackpressure.................:         0
  UtilMacIssue_KLoopChain........................:         0
  UtilMacIssue_UopBufQueue.......................:         0
  UtilMacIssue_LdUopBufQueue.....................:         0
  UtilMacIssue_NoTile............................:    701118
  UtilMacIssue_TileBoundary......................:         0
  UtilMacIssue_Unaccounted.......................:         0
  UtilMacIssue_Reconcile.........................:      0.00
  UtilMacIssue_L0InFlight_A......................:         0
  UtilMacIssue_L0InFlight_B......................:         0
  UtilMacIssue_L0InFlight_C......................:         0
  UtilMacIssue_L0InFlight_Other..................:         0
  UtilMacIssue_L0Split_Reconcile.................:      0.00
  UtilMacStageOcc................................:         0
  UtilMacStageIdle...............................:         0
  UtilMacStage_Reconcile.........................:      0.00
  UtilMacFillWeightedUtil........................:      0.00
  UtilMacShadow_CwaitCycles......................:         0
  UtilMacShadow_L0WithCwait......................:         0
  UtilMacStageIdleByCause_Reconcile..............:      0.00
===================CubeCore 2 Statistics====================
Cube Total Cycles................................:    701118
Cube MAC Exec Occupancy..........................:         0    0.00%
Cube MAC Utilization.............................:      0.00    0.00%
Cube Logical MAC Count...........................:         0
Cube Equivalent MAC Count........................:      0.00
Cube Equivalent MAC Rate (MAC/cycle).............:      0.00
Cube core workload units (dtype-normalized)......:      0.00
Cube core workload rate (units/cycle)............:0.00000000
Cube Achieved TFLOPS (equivalent MACs, 1.65GHz)..:  0.000000
Cube core exe tileop count.......................:         0
Cube Uop Generated Count.........................:         0
Cube core retired uop count......................:         0
Cube core total load count.......................:         0
Cube core total store count (CellReg TileC writes):         0
Cube FP16 Logical MAC Count......................:         0
Cube FP16 Equivalent MAC Count...................:      0.00
Cube FP8 Logical MAC Count.......................:         0
Cube FP8 Equivalent MAC Count....................:      0.00
Cube FP4 Logical MAC Count.......................:         0
Cube FP4 Equivalent MAC Count....................:      0.00
Cube TileOp Occupancy............................:         0    0.00%
Cube Load Outstanding............................:         0    0.00%
Cube FixPipe/Store Occupancy.....................:         0    0.00%
Cube core average acc slot use...................:       N/A
Cube core average l0a entry use..................:       N/A
Cube core average l0b entry use..................:       N/A
Cube core average l0a entry use busy.............:       N/A
Cube core average l0b entry use busy.............:       N/A
Cube core average acc slot use busy..............:       N/A
Cube MAC Range...................................:         0
Cube Load Range..................................:         0
Cube Store Range.................................:         0
Cube Load-MAC Range Overlap......................:         0     N/A
accSlotAllocCount................................:         0
accSlotFreeCount.................................:         0
accSlotPeakInUse.................................:         0
accSlotWaitCount.................................:         0
bandPairMapPeakSize..............................:         0
bandPairMapFinalSize.............................:         0
batchDistributeCount.............................:         0
batchFallbackCount...............................:         0
m0TileCReadCount.................................:         0
m1TileCReadCount.................................:         0
tileCReadRequestCount............................:         0
tileCReadBytes...................................:         0
batchMissedDistributeCount.......................:         0
uniqueTileCSourceAddresses.......................:         0
Cube core exe uop count..........................:         0
Cube core retired uop count......................:         0
Cube core total load count.......................:         0
Cube core total store count (CellReg TileC writes):         0
  |--CellReg Load Count..........................:         0
    |--CellReg TileA Count.......................:         0
    |--CellReg TileB Count.......................:         0
    |--CellReg TileC Count.......................:         0
    |--CellReg LeftScale Count...................:         0
    |--CellReg RightScale Count..................:         0
  |--CellReg Load Bytes..........................:         0
    |--CellReg TileA Bytes.......................:         0
    |--CellReg TileB Bytes.......................:         0
    |--CellReg TileC Bytes.......................:         0
    |--CellReg LeftScale Bytes...................:         0
    |--CellReg RightScale Bytes..................:         0
  |--CellReg Store Count.........................:         0
    |--CellReg TileC Count.......................:         0
  |--CellReg Store Bytes.........................:         0
    |--CellReg TileC Bytes.......................:         0
  |--ShareTReg Load Count........................:         0
    |--ShareTReg TileA Count.....................:         0
    |--ShareTReg TileB Count.....................:         0
  |--ShareTReg Load Bytes........................:         0
    |--ShareTReg TileA Bytes.....................:         0
    |--ShareTReg TileB Bytes.....................:         0
  |--Exp CellReg Load Count......................:         0
    |--Exp CellReg TileA Count...................:         0
    |--Exp CellReg TileB Count...................:         0
    |--Exp CellReg TileC Count...................:         0
    |--Exp CellReg LeftScale Count...............:         0
    |--Exp CellReg RightScale Count..............:         0
  |--Exp CellReg Load Delta......................:      0.00
  |--Exp CellReg Store Count.....................:         0
  |--Exp CellReg Store Delta.....................:      0.00
  |--Exp ShareTReg Load Count....................:         0
  |--Exp ShareTReg Load Delta....................:      0.00
Cube core cannot pick main chain uop ratio.......:         0     N/A
Cube core pick cub chain uop ratio...............:         0     N/A
Cube busy cycle..................................:         0
Cube core mmad busy cycle........................:         0     N/A
Cube core load busy cycle........................:         0     N/A
Cube core store busy cycle.......................:         0     N/A
  UtilMacW (array exec)..........................:         0
    |--UtilMacWMad (systolic MAC phase)..........:         0
    |--UtilMacWRamp (staging/fill-drain).........:         0
  UtilMacO (operand in-flight)...................:         0
  UtilMacA (exec/writeback struct)...............:         0
  UtilMacD (dependency chain)....................:         0
  UtilMacI (issue/rename struct).................:         0
  UtilMacS (no tile).............................:    701118
  UtilMacUnaccounted.............................:         0
  UtilMacCycles..................................:    701118
    |--UtilMacSub_O_L0InFlight...................:         0
    |--UtilMacSub_O_ScaleInFlight................:         0
    |--UtilMacSub_O_LoadPath.....................:         0
    |--UtilMacSub_O_LdUopBuf.....................:         0
    |--UtilMacSub_A_AllocBackpressure............:         0
    |--UtilMacSub_A_StoreInFlight................:         0
    |--UtilMacSub_A_FixPipeAnnounce..............:         0
    |--UtilMacSub_A_UopBufQueue..................:         0
    |--UtilMacSub_A_TileBoundary.................:         0
    |--UtilMacSubO_Reconcile.....................:      0.00
    |--UtilMacSubA_Reconcile.....................:      0.00
    |--UtilMacSub_O_L0InFlight_A.................:         0
    |--UtilMacSub_O_L0InFlight_B.................:         0
    |--UtilMacSub_O_L0InFlight_C.................:         0
    |--UtilMacSub_O_L0InFlight_Other.............:         0
    |--UtilMacSubO_L0Split_Reconcile.............:      0.00
  UtilMacIssue_Issued............................:         0
  UtilMacIssue_CStreamWait.......................:         0
  UtilMacIssue_L0InFlight........................:         0
  UtilMacIssue_ScaleInFlight.....................:         0
  UtilMacIssue_AllocBackpressure.................:         0
  UtilMacIssue_KLoopChain........................:         0
  UtilMacIssue_UopBufQueue.......................:         0
  UtilMacIssue_LdUopBufQueue.....................:         0
  UtilMacIssue_NoTile............................:    701118
  UtilMacIssue_TileBoundary......................:         0
  UtilMacIssue_Unaccounted.......................:         0
  UtilMacIssue_Reconcile.........................:      0.00
  UtilMacIssue_L0InFlight_A......................:         0
  UtilMacIssue_L0InFlight_B......................:         0
  UtilMacIssue_L0InFlight_C......................:         0
  UtilMacIssue_L0InFlight_Other..................:         0
  UtilMacIssue_L0Split_Reconcile.................:      0.00
  UtilMacStageOcc................................:         0
  UtilMacStageIdle...............................:         0
  UtilMacStage_Reconcile.........................:      0.00
  UtilMacFillWeightedUtil........................:      0.00
  UtilMacShadow_CwaitCycles......................:         0
  UtilMacShadow_L0WithCwait......................:         0
  UtilMacStageIdleByCause_Reconcile..............:      0.00
===================CubeCore 3 Statistics====================
Cube Total Cycles................................:    701118
Cube MAC Exec Occupancy..........................:         0    0.00%
Cube MAC Utilization.............................:      0.00    0.00%
Cube Logical MAC Count...........................:         0
Cube Equivalent MAC Count........................:      0.00
Cube Equivalent MAC Rate (MAC/cycle).............:      0.00
Cube core workload units (dtype-normalized)......:      0.00
Cube core workload rate (units/cycle)............:0.00000000
Cube Achieved TFLOPS (equivalent MACs, 1.65GHz)..:  0.000000
Cube core exe tileop count.......................:         0
Cube Uop Generated Count.........................:         0
Cube core retired uop count......................:         0
Cube core total load count.......................:         0
Cube core total store count (CellReg TileC writes):         0
Cube FP16 Logical MAC Count......................:         0
Cube FP16 Equivalent MAC Count...................:      0.00
Cube FP8 Logical MAC Count.......................:         0
Cube FP8 Equivalent MAC Count....................:      0.00
Cube FP4 Logical MAC Count.......................:         0
Cube FP4 Equivalent MAC Count....................:      0.00
Cube TileOp Occupancy............................:         0    0.00%
Cube Load Outstanding............................:         0    0.00%
Cube FixPipe/Store Occupancy.....................:         0    0.00%
Cube core average acc slot use...................:       N/A
Cube core average l0a entry use..................:       N/A
Cube core average l0b entry use..................:       N/A
Cube core average l0a entry use busy.............:       N/A
Cube core average l0b entry use busy.............:       N/A
Cube core average acc slot use busy..............:       N/A
Cube MAC Range...................................:         0
Cube Load Range..................................:         0
Cube Store Range.................................:         0
Cube Load-MAC Range Overlap......................:         0     N/A
accSlotAllocCount................................:         0
accSlotFreeCount.................................:         0
accSlotPeakInUse.................................:         0
accSlotWaitCount.................................:         0
bandPairMapPeakSize..............................:         0
bandPairMapFinalSize.............................:         0
batchDistributeCount.............................:         0
batchFallbackCount...............................:         0
m0TileCReadCount.................................:         0
m1TileCReadCount.................................:         0
tileCReadRequestCount............................:         0
tileCReadBytes...................................:         0
batchMissedDistributeCount.......................:         0
uniqueTileCSourceAddresses.......................:         0
Cube core exe uop count..........................:         0
Cube core retired uop count......................:         0
Cube core total load count.......................:         0
Cube core total store count (CellReg TileC writes):         0
  |--CellReg Load Count..........................:         0
    |--CellReg TileA Count.......................:         0
    |--CellReg TileB Count.......................:         0
    |--CellReg TileC Count.......................:         0
    |--CellReg LeftScale Count...................:         0
    |--CellReg RightScale Count..................:         0
  |--CellReg Load Bytes..........................:         0
    |--CellReg TileA Bytes.......................:         0
    |--CellReg TileB Bytes.......................:         0
    |--CellReg TileC Bytes.......................:         0
    |--CellReg LeftScale Bytes...................:         0
    |--CellReg RightScale Bytes..................:         0
  |--CellReg Store Count.........................:         0
    |--CellReg TileC Count.......................:         0
  |--CellReg Store Bytes.........................:         0
    |--CellReg TileC Bytes.......................:         0
  |--ShareTReg Load Count........................:         0
    |--ShareTReg TileA Count.....................:         0
    |--ShareTReg TileB Count.....................:         0
  |--ShareTReg Load Bytes........................:         0
    |--ShareTReg TileA Bytes.....................:         0
    |--ShareTReg TileB Bytes.....................:         0
  |--Exp CellReg Load Count......................:         0
    |--Exp CellReg TileA Count...................:         0
    |--Exp CellReg TileB Count...................:         0
    |--Exp CellReg TileC Count...................:         0
    |--Exp CellReg LeftScale Count...............:         0
    |--Exp CellReg RightScale Count..............:         0
  |--Exp CellReg Load Delta......................:      0.00
  |--Exp CellReg Store Count.....................:         0
  |--Exp CellReg Store Delta.....................:      0.00
  |--Exp ShareTReg Load Count....................:         0
  |--Exp ShareTReg Load Delta....................:      0.00
Cube core cannot pick main chain uop ratio.......:         0     N/A
Cube core pick cub chain uop ratio...............:         0     N/A
Cube busy cycle..................................:         0
Cube core mmad busy cycle........................:         0     N/A
Cube core load busy cycle........................:         0     N/A
Cube core store busy cycle.......................:         0     N/A
  UtilMacW (array exec)..........................:         0
    |--UtilMacWMad (systolic MAC phase)..........:         0
    |--UtilMacWRamp (staging/fill-drain).........:         0
  UtilMacO (operand in-flight)...................:         0
  UtilMacA (exec/writeback struct)...............:         0
  UtilMacD (dependency chain)....................:         0
  UtilMacI (issue/rename struct).................:         0
  UtilMacS (no tile).............................:    701118
  UtilMacUnaccounted.............................:         0
  UtilMacCycles..................................:    701118
    |--UtilMacSub_O_L0InFlight...................:         0
    |--UtilMacSub_O_ScaleInFlight................:         0
    |--UtilMacSub_O_LoadPath.....................:         0
    |--UtilMacSub_O_LdUopBuf.....................:         0
    |--UtilMacSub_A_AllocBackpressure............:         0
    |--UtilMacSub_A_StoreInFlight................:         0
    |--UtilMacSub_A_FixPipeAnnounce..............:         0
    |--UtilMacSub_A_UopBufQueue..................:         0
    |--UtilMacSub_A_TileBoundary.................:         0
    |--UtilMacSubO_Reconcile.....................:      0.00
    |--UtilMacSubA_Reconcile.....................:      0.00
    |--UtilMacSub_O_L0InFlight_A.................:         0
    |--UtilMacSub_O_L0InFlight_B.................:         0
    |--UtilMacSub_O_L0InFlight_C.................:         0
    |--UtilMacSub_O_L0InFlight_Other.............:         0
    |--UtilMacSubO_L0Split_Reconcile.............:      0.00
  UtilMacIssue_Issued............................:         0
  UtilMacIssue_CStreamWait.......................:         0
  UtilMacIssue_L0InFlight........................:         0
  UtilMacIssue_ScaleInFlight.....................:         0
  UtilMacIssue_AllocBackpressure.................:         0
  UtilMacIssue_KLoopChain........................:         0
  UtilMacIssue_UopBufQueue.......................:         0
  UtilMacIssue_LdUopBufQueue.....................:         0
  UtilMacIssue_NoTile............................:    701118
  UtilMacIssue_TileBoundary......................:         0
  UtilMacIssue_Unaccounted.......................:         0
  UtilMacIssue_Reconcile.........................:      0.00
  UtilMacIssue_L0InFlight_A......................:         0
  UtilMacIssue_L0InFlight_B......................:         0
  UtilMacIssue_L0InFlight_C......................:         0
  UtilMacIssue_L0InFlight_Other..................:         0
  UtilMacIssue_L0Split_Reconcile.................:      0.00
  UtilMacStageOcc................................:         0
  UtilMacStageIdle...............................:         0
  UtilMacStage_Reconcile.........................:      0.00
  UtilMacFillWeightedUtil........................:      0.00
  UtilMacShadow_CwaitCycles......................:         0
  UtilMacShadow_L0WithCwait......................:         0
  UtilMacStageIdleByCause_Reconcile..............:      0.00
=============== TLSU tile-store STQ residency peId=0 ===============
  resident entry-cycles ....................: 1319180
  |-- addr/interval not resolved ...........: 0  (0.00%)
  |-- tile data (rename) not ready .........: 1300402  (98.58%)
  |-- BLOCKED BY NON-FLUSH POINTER .........: 661  (0.05%)
  |-- older store still in STQ .............: 29  (0.00%)
  |-- SCB full ............................: 0  (0.00%)
  store_issue=79970 scb_enter=79970 stq_peak=76 scb_peak=59
  private_l1_handoff: fragments=61882 acks=61882 wait_entry_cycles=61935 balanced=yes
  invariants: stq_conservation=OK (created=61894 destroyed=61894) a3_tile_violation=0 scb_flush_hit=0 scb_waw_scalar=0 scb_waw_tile=127 nuke=1
=============== TLOAD Sub-path peId=0 ===============
  occupancy entry-cycles ..................: 1756069 (15.44%)
  issue events ............................: 122782
=============== TSTORE Sub-path peId=0 ===============
  occupancy entry-cycles ..................: 9616602 (84.56%)
  issue events ............................: 79970
=============== TMOV Sub-path peId=0 ===============
  occupancy entry-cycles ..................: 0 (0.00%)
  issue events ............................: 0
========================Streaming L2========================
l2_tr_read_sent..................................:     19108
l2_tr_read_response..............................:     19108
l2_tr_read_wait_cycles...........................:     27580
l2_tr_read_queue_full_cycles.....................:         0
l2_tr_write_sent.................................:      2136
l2_tr_write_response.............................:      2136
l2_tr_write_wait_cycles..........................:     12932
l2_tr_write_queue_full_cycles....................:         0
l2_rwdb_entry_full_cycles........................:         0
l2_prior_read_raw_renames........................:         3
l2_starvation_bypass_cycles......................:        12
=====================Retired block Type=====================
Retired Block Num................................:    391410
  |--Retired STD Block Num.......................:    248746
  |--Retired PARALLEL Block Num..................:    142664
    |--Retired CUBE Block Num....................:         0    0.00%
    |--Retired VCALL Block Num...................:    106448   74.61%
    |--Retired TLSU Block Num....................:     36216   25.39%
  |--Retired SYS Block Num.......................:         0
  |--Retired FP Block Num........................:         0
  |--Retired OTHER Block Num.....................:         0
==================Retired Template Opcode===================
FENTRY...........................................:         4
FEXIT............................................:         0
FRET.............................................:         4
MEMSET...........................................:         6
MEMCOPY..........................................:         0
Retired Instruction Number.......................:   2548692
  |--Retired Scalar Inst Number..................:   2548692
  |--Retired Vec Inst Number.....................:         0
Retired Cube TileOp Number.......................:         0
Blocks Per Cycle.................................:  0.558266
IPC..............................................:  3.635183
Average BROB occupancy...........................:    130.19
  |--STID0 Average BROB occupancy................: 18.413246
  |--STID1 Average BROB occupancy................: 53.773721
  |--STID2 Average BROB occupancy................: 43.308678
  |--STID3 Average BROB occupancy................: 14.697004
Effective window size............................:    109.39
MPKB.............................................:      1.86
MPKI.............................................:      0.28
Simulation speed (Kilo Insts Per Second).........:      6.60
Discontinuous BPC Count..........................:     80110
Average Continuous BPC Length....................:  4.885907
Average fetch minsts/header per cycle............:     22.50
==========Block Control Detail Stats(Tile rename)===========
Tile capacity sample cycles......................:    701118
Tile virtual tag capacity T/U/M/N (all threads)..:      4096
Tile virtual peak live tags T/U/M/N (all threads):       541
Tile physical CellReg capacity per PE(B).........:    262144
Tile physical CellReg capacity all PEs(B)........:   1048576
Tile lazy physical allocation enabled............:         0
Tile TLOAD first-data-ready bind enabled.........:         0
Tile physical bind requests......................:         0
Tile physical bind grants........................:         0
Tile physical bind failures......................:         0
Tile rename-to-bind average cycles...............:       N/A
Tile average virtual-only live tags..............:      0.00
Tile stale cell wakeup events....................:         0
Tile register average tag num....................:    229.21
  |--T...........................................:     58.68
  |--U...........................................:     57.84
  |--M...........................................:     57.17
  |--N...........................................:     55.53
  |--ACC.........................................:      0.00
  |--STK.........................................:      0.00
  |--DEP.........................................:      0.00
  |--MCALL_GPR...................................:      0.00
  |--MCALL_STK...................................:      0.00
Tile virtual average requested bytes (all threads):  79108.02
Tile virtual sum of per-hand peak requested bytes:    153472
Tile virtual simultaneous peak requested bytes (all threads):    176640
Tile physical simultaneous peak occupied bytes (all PEs):18446744073709551488
Tile physical simultaneous peak occupied cells (all PEs):144115188075855871
  |--T virtual requested bytes...................:  13576.62
  |--T virtual peak requested bytes..............:     13568
  |--U virtual requested bytes...................:  13584.99
  |--U virtual peak requested bytes..............:     35072
  |--M virtual requested bytes...................:  15505.57
  |--M virtual peak requested bytes..............:     39168
  |--N virtual requested bytes...................:  36440.83
  |--N virtual peak requested bytes..............:     65664
  |--ACC virtual requested bytes.................:      0.00
  |--ACC virtual peak requested bytes............:         0
  |--STK virtual requested bytes.................:      0.00
  |--STK virtual peak requested bytes............:         0
  |--DEP virtual requested bytes.................:      0.00
  |--DEP virtual peak requested bytes............:         0
  |--MCALL_GPR virtual requested bytes...........:      0.00
  |--MCALL_GPR virtual peak requested bytes......:         0
  |--MCALL_STK virtual requested bytes...........:      0.00
  |--MCALL_STK virtual peak requested bytes......:         0
Tile register average occupied bytes (all threads):26310470533120.00
Tile register average utilization (%)............:2509161943.4304
  |--T occupied bytes............................:26310468435968  100.00%
  |--U occupied bytes............................:     19455    0.00%
  |--M occupied bytes............................:       644    0.00%
  |--N occupied bytes............................:   1317585    0.00%
  |--ACC occupied bytes..........................:         0    0.00%
  |--STK occupied bytes..........................:         0    0.00%
  |--DEP occupied bytes..........................:         0    0.00%
  |--MCALL_GPR occupied bytes....................:         0    0.00%
  |--MCALL_STK occupied bytes....................:         0    0.00%
Tile physical configured hand size of T..........:     65536
  |-- physical peak utilization..................:18446744073709551360 28147497671065600.00%
Tile physical configured hand size of U..........:     65536
  |-- physical peak utilization..................:     37120   56.64%
Tile physical configured hand size of M..........:     65536
  |-- physical peak utilization..................:     13440   20.51%
Tile physical configured hand size of N..........:     65536
  |-- physical peak utilization..................:    556928  849.80%
STID0 TileReg average occupied bytes.............:    864.76
STID0 TileReg average utilization (%)............:    0.3299
STID0 virtual Tile average requested bytes.......:  43301.84
STID0 virtual Tile peak requested bytes..........:    140160
STID0 physical Tile peak occupied bytes..........:     33280
STID1 TileReg average occupied bytes.............:    478.18
STID1 TileReg average utilization (%)............:    0.1824
STID1 virtual Tile average requested bytes.......:  11997.29
STID1 virtual Tile peak requested bytes..........:     23680
STID1 physical Tile peak occupied bytes..........:18446744073709551360
STID2 TileReg average occupied bytes.............:26310470533120.00
STID2 TileReg average utilization (%)............:10036647773.0139
STID2 virtual Tile average requested bytes.......:  11918.89
STID2 virtual Tile peak requested bytes..........:     24320
STID2 physical Tile peak occupied bytes..........:18446744073709551488
STID3 TileReg average occupied bytes.............:    512.06
STID3 TileReg average utilization (%)............:    0.1953
STID3 virtual Tile average requested bytes.......:  11890.00
STID3 virtual Tile peak requested bytes..........:     24320
STID3 physical Tile peak occupied bytes..........:18446744073709551488
Tile size-class allocator enabled................:         1
Tile allocator unit size(B)......................:       128
Tile allocator requests..........................:    108192
Tile allocator failures..........................:         0
Tile allocator successful requested units........:    179644
Tile allocator granted units.....................:    179644
Tile allocator class waste units.................:         0
Tile allocator split events......................:     77652
Tile allocator merge events......................:     80450
Tile allocator sum of per-thread peak(B).........:     62080
==============Block Control Stall Stats Total===============
BRob Full Stall..................................:      1012
RENAME Stall.....................................:         0
Block Rename Get Stall...........................:         0
Block Rename Set Stall...........................:         0
BIsq Full Stall .................................:     44751
TileReg Full Stall ..............................:         0
============Block Control Stall Stats SThread 0=============
BRob Full Stall..................................:        89
RENAME Stall.....................................:         0
Block Rename Get Stall...........................:         0
Block Rename Set Stall...........................:         0
BIsq Full Stall .................................:     11543
TileReg Full Stall ..............................:         0
============Block Control Stall Stats SThread 1=============
BRob Full Stall..................................:       113
RENAME Stall.....................................:         0
Block Rename Get Stall...........................:         0
Block Rename Set Stall...........................:         0
BIsq Full Stall .................................:     11682
TileReg Full Stall ..............................:         0
============Block Control Stall Stats SThread 2=============
BRob Full Stall..................................:       317
RENAME Stall.....................................:         0
Block Rename Get Stall...........................:         0
Block Rename Set Stall...........................:         0
BIsq Full Stall .................................:     10376
TileReg Full Stall ..............................:         0
============Block Control Stall Stats SThread 3=============
BRob Full Stall..................................:       493
RENAME Stall.....................................:         0
Block Rename Get Stall...........................:         0
Block Rename Set Stall...........................:         0
BIsq Full Stall .................................:     11150
TileReg Full Stall ..............................:         0
============CtlStack (BISQ park head, per-stid)=============
  CtlStackG_S0...................................:    235076
  CtlStackBIQFull_S0.............................:         0
  CtlStackPortBudget_S0..........................:         0
  CtlStackCellRename_S0..........................:         0
  CtlStackGroupGate_S0...........................:         0
  CtlStackTlsuBusy_S0............................:         0
  CtlStackPeCluster_S0...........................:         0
  CtlStackEmpty_S0...............................:    466042
  CtlStackUnaccounted_S0.........................:         0
  CtlStackSyscallGate_S0.........................:         0
  CtlStackResidual_S0............................:         0
  CtlStackG_S1...................................:    226870
  CtlStackBIQFull_S1.............................:         0
  CtlStackPortBudget_S1..........................:         0
  CtlStackCellRename_S1..........................:         0
  CtlStackGroupGate_S1...........................:         0
  CtlStackTlsuBusy_S1............................:         0
  CtlStackPeCluster_S1...........................:         0
  CtlStackEmpty_S1...............................:    474248
  CtlStackUnaccounted_S1.........................:         0
  CtlStackSyscallGate_S1.........................:         0
  CtlStackResidual_S1............................:         0
  CtlStackG_S2...................................:    226863
  CtlStackBIQFull_S2.............................:         0
  CtlStackPortBudget_S2..........................:         0
  CtlStackCellRename_S2..........................:         0
  CtlStackGroupGate_S2...........................:         0
  CtlStackTlsuBusy_S2............................:         0
  CtlStackPeCluster_S2...........................:         0
  CtlStackEmpty_S2...............................:    474255
  CtlStackUnaccounted_S2.........................:         0
  CtlStackSyscallGate_S2.........................:         0
  CtlStackResidual_S2............................:         0
  CtlStackG_S3...................................:    226866
  CtlStackBIQFull_S3.............................:         0
  CtlStackPortBudget_S3..........................:         0
  CtlStackCellRename_S3..........................:         0
  CtlStackGroupGate_S3...........................:         0
  CtlStackTlsuBusy_S3............................:         0
  CtlStackPeCluster_S3...........................:         0
  CtlStackEmpty_S3...............................:    474252
  CtlStackUnaccounted_S3.........................:         0
  CtlStackSyscallGate_S3.........................:         0
  CtlStackResidual_S3............................:         0
==============CtlStack2 (BIQ dispatch, per-IQ)==============
  CtlStack2G_CUBE................................:         0
  CtlStack2Empty_CUBE............................:    701118
  CtlStack2ReadyWait_CUBE........................:         0
  CtlStack2DispQFull_CUBE........................:         0
  CtlStack2Unaccounted_CUBE......................:         0
  CtlStack2Residual_CUBE.........................:         0
  CtlStack2G_VEC_PE0.............................:     27236
  CtlStack2Empty_VEC_PE0.........................:    419576
  CtlStack2ReadyWait_VEC_PE0.....................:    254306
  CtlStack2DispQFull_VEC_PE0.....................:         0
  CtlStack2Unaccounted_VEC_PE0...................:         0
  CtlStack2Residual_VEC_PE0......................:         0
  CtlStack2G_VEC_PE1.............................:     26404
  CtlStack2Empty_VEC_PE1.........................:    429202
  CtlStack2ReadyWait_VEC_PE1.....................:    245512
  CtlStack2DispQFull_VEC_PE1.....................:         0
  CtlStack2Unaccounted_VEC_PE1...................:         0
  CtlStack2Residual_VEC_PE1......................:         0
  CtlStack2G_VEC_PE2.............................:     26404
  CtlStack2Empty_VEC_PE2.........................:    429832
  CtlStack2ReadyWait_VEC_PE2.....................:    244882
  CtlStack2DispQFull_VEC_PE2.....................:         0
  CtlStack2Unaccounted_VEC_PE2...................:         0
  CtlStack2Residual_VEC_PE2......................:         0
  CtlStack2G_VEC_PE3.............................:     26404
  CtlStack2Empty_VEC_PE3.........................:    429615
  CtlStack2ReadyWait_VEC_PE3.....................:    245099
  CtlStack2DispQFull_VEC_PE3.....................:         0
  CtlStack2Unaccounted_VEC_PE3...................:         0
  CtlStack2Residual_VEC_PE3......................:         0
============TileCell lifetime by producer module============
  TileCell OccCellCycles_CUBE....................:         0
  TileCell FreedCells_CUBE.......................:         0
  TileCell AvgLifeCycles_CUBE....................:      0.00
  TileCell MaxLifeCycles_CUBE....................:         0
  TileCell OccCellCycles_VEC.....................:7365894991
  TileCell FreedCells_VEC........................:    161062
  TileCell AvgLifeCycles_VEC.....................:  45733.29
  TileCell MaxLifeCycles_VEC.....................:      1091
  TileCell OccCellCycles_TLSU....................:18446744060382481259
  TileCell FreedCells_TLSU.......................:     32156
  TileCell AvgLifeCycles_TLSU....................:573664139208312.00
  TileCell MaxLifeCycles_TLSU....................:    402417
  TileCell OccCellCycles_Other...................:         0
  TileCell FreedCells_Other......................:         0
  TileCell AvgLifeCycles_Other...................:      0.00
  TileCell MaxLifeCycles_Other...................:         0
==========GmmaGenSpread (lockstep 4-PE divergence)==========
  GenCount (4-PE complete).......................:         0
  IssueSpreadMean................................:       N/A
  IssueSpreadMax.................................:         0
  CompleteSpreadMean.............................:       N/A
  CompleteSpreadMax..............................:         0
  CompleteSpreadBucket_le4.......................:         0
  CompleteSpreadBucket_5to16.....................:         0
  CompleteSpreadBucket_17to64....................:         0
  CompleteSpreadBucket_gt64......................:         0
  FirstDivergenceGen (completeSpread>8)..........:         0
  FirstDivergenceCycle...........................:         0
  FirstDivergenceSpread..........................:         0
=====Block Control Detail Stats(Flush Statistics) Total=====
intra-block ld-st conflict.......................:         0
inter-block ld-st conflict.......................:         1
intra-block misp.................................:         0
inter-block misp.................................:       783
===Block Control Detail Stats(Flush Statistics) SThread 0===
intra-block ld-st conflict.......................:         0
inter-block ld-st conflict.......................:         1
intra-block misp.................................:         0
inter-block misp.................................:       241
===Block Control Detail Stats(Flush Statistics) SThread 1===
intra-block ld-st conflict.......................:         0
inter-block ld-st conflict.......................:         0
intra-block misp.................................:         0
inter-block misp.................................:       191
===Block Control Detail Stats(Flush Statistics) SThread 2===
intra-block ld-st conflict.......................:         0
inter-block ld-st conflict.......................:         0
intra-block misp.................................:         0
inter-block misp.................................:       170
===Block Control Detail Stats(Flush Statistics) SThread 3===
intra-block ld-st conflict.......................:         0
inter-block ld-st conflict.......................:         0
intra-block misp.................................:         0
inter-block misp.................................:       181
=====================SPE OOO&IEX stats======================
decode inst bubble...............................:   3049060
average decode bundle............................:      0.00
Thread0 Pick Cnt.................................:    634745
Thread1 Pick Cnt.................................:    636597
Thread2 Pick Cnt.................................:    642079
Thread3 Pick Cnt.................................:    646023
Thread0 rob stall cnt............................:     38869
Thread1 rob stall cnt............................:     42936
Thread2 rob stall cnt............................:     36794
Thread3 rob stall cnt............................:     23508
decode pe rob stall..............................:         0
decode local gpr stall...........................:         0
inst buffer stall................................:         0
predicate reg stall..............................:         0
vector reg ptag stall............................:         0
vector local scalar reg stall....................:         0
retired ld inst..................................:    120797
retired st inst..................................:     61718
retired scalar inst..............................:   2548692
retired vector inst..............................:         0
retired div/sqrt inst............................:         0
MAPQ lg0 stall...................................:         0
MAPQ lg1 stall...................................:         0
MAPQ lg2 stall...................................:         0
MAPQ lg3 stall...................................:         0
ROB lg0 stall....................................:     38869
ROB lg1 stall....................................:     42936
ROB lg2 stall....................................:     36794
ROB lg3 stall....................................:     23508
Thread0 decode cycle.............................:    175076
Thread1 decode cycle.............................:    175274
Thread2 decode cycle.............................:    175301
Thread3 decode cycle.............................:    175304
Thread0 alloc cycle..............................:    135918
Thread1 alloc cycle..............................:    132037
Thread2 alloc cycle..............................:    138172
Thread3 alloc cycle..............................:    151438
Thread0 rename cycle.............................:    135895
Thread1 rename cycle.............................:    132013
Thread2 rename cycle.............................:    138151
Thread3 rename cycle.............................:    151409
Thread0 d2_s1 dispatch cnt.......................:     90481
Thread1 d2_s1 dispatch cnt.......................:     78333
Thread2 d2_s1 dispatch cnt.......................:     81948
Thread3 d2_s1 dispatch cnt.......................:    104331
Thread0 slots_total..............................:   1400608
Thread1 slots_total..............................:   1402192
Thread2 slots_total..............................:   1402408
Thread3 slots_total..............................:   1402432
Thread0 slots_rob_allocated......................:    634745
Thread1 slots_rob_allocated......................:    636597
Thread2 slots_rob_allocated......................:    642079
Thread3 slots_rob_allocated......................:    646023
Thread0 slots_fe_bubble..........................:    765863
Thread1 slots_fe_bubble..........................:    765595
Thread2 slots_fe_bubble..........................:    760329
Thread3 slots_fe_bubble..........................:    756409
Thread0 slots_idle...............................:         0
Thread1 slots_idle...............................:         0
Thread2 slots_idle...............................:         0
Thread3 slots_idle...............................:         0
Thread0 robStall.................................:    310952
Thread1 robStall.................................:    343488
Thread2 robStall.................................:    294352
Thread3 robStall.................................:    188064
Thread0 retired_load.............................:     45555
Thread1 retired_load.............................:     24787
Thread2 retired_load.............................:     25095
Thread3 retired_load.............................:     25360
Thread0 retired_store............................:     24005
Thread1 retired_store............................:     12571
Thread2 retired_store............................:     12571
Thread3 retired_store............................:     12571
Thread0 retired_innerJump........................:         0
Thread1 retired_innerJump........................:         0
Thread2 retired_innerJump........................:         0
Thread3 retired_innerJump........................:         0
Thread0 retiredAluInst...........................:    562204
Thread1 retiredAluInst...........................:    596911
Thread2 retiredAluInst...........................:    601536
Thread3 retiredAluInst...........................:    605526
Thread0 retiredSAluInst..........................:    562204
Thread1 retiredSAluInst..........................:    596911
Thread2 retiredSAluInst..........................:    601536
Thread3 retiredSAluInst..........................:    605526
Thread0 retiredVAluInst..........................:         0
Thread1 retiredVAluInst..........................:         0
Thread2 retiredVAluInst..........................:         0
Thread3 retiredVAluInst..........................:         0
Thread0 retiredScalar............................:    631764
Thread1 retiredScalar............................:    634269
Thread2 retiredScalar............................:    639202
Thread3 retiredScalar............................:    643457
Thread0 retiredVector............................:         0
Thread1 retiredVector............................:         0
Thread2 retiredVector............................:         0
Thread3 retiredVector............................:         0
Thread0 retiredDivSqrt...........................:         0
Thread1 retiredDivSqrt...........................:         0
Thread2 retiredDivSqrt...........................:         0
Thread3 retiredDivSqrt...........................:         0
====================Vector PMU Stats PE0====================
PEId.............................................:         0
TileopNum........................................:     27236
TCMPPackedTileNum................................:        48
TCMPFragmentExpected.............................:       544
TCMPFragmentCompleted............................:       544
TCMPFragmentCanceled.............................:         0
TCMPPackedCellWrites.............................:        48
TCMPPackWriteWaitCycles..........................:        48
TCMPFlushedTileNum...............................:         0
UopNum...........................................:     47463
SplitCellCountMismatch...........................:         0
SplitPartialCellUopCount.........................:         0
SplitUopAvgPayloadBytes..........................:       N/A
UopQDispatch_INT.................................:      1136
UopQReadyBypass_INT..............................:        69
UopQDispatchSrcBufFullCycles_INT.................:       679
UopQDispatchSrcBufFullBlockedCycles_INT..........:       679
VecSrcCellNotReadyCycles_INT.....................:     18555
SharedReadPortWaitCycles_INT.....................:         0
UopQDispatch_FMA.................................:         0
UopQReadyBypass_FMA..............................:         0
UopQDispatchSrcBufFullCycles_FMA.................:         0
UopQDispatchSrcBufFullBlockedCycles_FMA..........:         0
VecSrcCellNotReadyCycles_FMA.....................:        94
SharedReadPortWaitCycles_FMA.....................:         0
UopQDispatch_LNEXP...............................:         0
UopQReadyBypass_LNEXP............................:         0
UopQDispatchSrcBufFullCycles_LNEXP...............:         0
UopQDispatchSrcBufFullBlockedCycles_LNEXP........:         0
VecSrcCellNotReadyCycles_LNEXP...................:      1316
SharedReadPortWaitCycles_LNEXP...................:         0
CellReadMergedUops...............................:         0
StaticUopsIssued.................................:     46327
StaticBoardBlockCycles...........................:         0
StaticWritebacks.................................:     46327
EarlyWakeupFired.................................:     22820
StaticDynPipeBlockCycles.........................:      1539
DynStaticChainBlockCycles........................:      1862
ExpandTagHits_INT................................:       450
ExpandTagMisses_INT..............................:        14
ExpandBankFills_INT..............................:        14
ExpandTempFills_INT..............................:         0
ExpandEvicts_INT.................................:        12
ExpandTagHits_FMA................................:         0
ExpandTagMisses_FMA..............................:         0
ExpandBankFills_FMA..............................:         0
ExpandTempFills_FMA..............................:         0
ExpandEvicts_FMA.................................:         0
ExpandTagHits_LNEXP..............................:         0
ExpandTagMisses_LNEXP............................:         0
ExpandBankFills_LNEXP............................:         0
ExpandTempFills_LNEXP............................:         0
ExpandEvicts_LNEXP...............................:         0
ExpandFillDrops..................................:         0
ExpandReadStaleFallbacks cls0....................:         0
ExpandReadStaleFallbacks cls1....................:         0
ExpandReadStaleFallbacks cls2....................:         0
LeSharedPortBlockCycles..........................:         0
LeSrc1CarrySkips.................................:         0
=======Static Path Bank Access / Conflict Attribution=======
  StaticBankReads Bank[0]........................:      5455
  StaticBankReads Bank[1]........................:       748
  StaticBankReads Bank[2]........................:      2160
  StaticBankReads Bank[3]........................:       750
  StaticBankReads Bank[4]........................:       948
  StaticBankReads Bank[5]........................:       516
  StaticBankReads Bank[6]........................:      2104
  StaticBankReads Bank[7]........................:       492
  StaticDetectReadBlocks Bank[0].................:        73
  StaticDetectReadBlocks Bank[1].................:        93
  StaticDetectReadBlocks Bank[2].................:        41
  StaticDetectReadBlocks Bank[3].................:        35
  StaticDetectReadBlocks Bank[4].................:        70
  StaticDetectReadBlocks Bank[5].................:        62
  StaticDetectReadBlocks Bank[6].................:        34
  StaticDetectReadBlocks Bank[7].................:        22
  StaticDetectWriteBlocks Bank[0]................:         0
  StaticDetectWriteBlocks Bank[1]................:         0
  StaticDetectWriteBlocks Bank[2]................:         0
  StaticDetectWriteBlocks Bank[3]................:         0
  StaticDetectWriteBlocks Bank[4]................:         0
  StaticDetectWriteBlocks Bank[5]................:         0
  StaticDetectWriteBlocks Bank[6]................:         0
  StaticDetectWriteBlocks Bank[7]................:         0
  StaticIntYieldBlocks Bank[0]...................:         0
  StaticIntYieldBlocks Bank[1]...................:         0
  StaticIntYieldBlocks Bank[2]...................:         0
  StaticIntYieldBlocks Bank[3]...................:         0
  StaticIntYieldBlocks Bank[4]...................:         0
  StaticIntYieldBlocks Bank[5]...................:         0
  StaticIntYieldBlocks Bank[6]...................:         0
  StaticIntYieldBlocks Bank[7]...................:         0
  StaticBoardOccSum Bank[0]......................:     76880
  StaticBoardOccSum Bank[1]......................:     81791
  StaticBoardOccSum Bank[2]......................:     86918
  StaticBoardOccSum Bank[3]......................:     59000
  StaticBoardOccSum Bank[4]......................:     60827
  StaticBoardOccSum Bank[5]......................:     59568
  StaticBoardOccSum Bank[6]......................:     67442
  StaticBoardOccSum Bank[7]......................:     56878
  StaticBoardOccColSum Col[0]....................:     54604
  StaticBoardOccColSum Col[1]....................:     54604
  StaticBoardOccColSum Col[2]....................:     54604
  StaticBoardOccColSum Col[3]....................:     48334
  StaticBoardOccColSum Col[4]....................:     47141
  StaticBoardOccColSum Col[5]....................:     41431
  StaticBoardOccColSum Col[6]....................:     41431
  StaticBoardOccColSum Col[7]....................:     41431
  StaticBoardOccColSum Col[8]....................:     41431
  StaticBoardOccColSum Col[9]....................:     41431
  StaticBoardOccColSum Col[10]...................:     41431
  StaticBoardOccColSum Col[11]...................:     41431
  StaticBoardOccColSum Col[12]...................:         0
  StaticBoardOccColSum Col[13]...................:         0
  StaticBoardOccColSum Col[14]...................:         0
  StaticBoardOccColSum Col[15]...................:         0
VecAluAcceptCycles_FMA...........................:        96
VecAluAcceptCycles_INT...........................:     42471
VecAluAcceptCycles_LNEXP.........................:      4896
VecTripleIssueCycles.............................:         0
VecDualIssueCycles...............................:       502
VecSingleIssueCycles.............................:     46459
VecIdleIssueCycles...............................:    654157
CellReadMergeSaved...............................:         0
SrcBufBypassIssue................................:         0
SplitRawGateBlocked..............................:         0
SplitNoFreeSlotCycles............................:        92
IPC(UOP).........................................:  0.067696
RowExpandTileNum.................................:         0
RowReduceTileNum.................................:      4528
RowReduceLayerNum................................:         0
RowReduceUopSplit................................:      5008
RowReduceUopDone.................................:      5008
RowReduceRootWriteNum............................:      4528
RowReduceFlushedTileNum..........................:         0
RowReduceEntryUnavailableCycles..................:         0
RowReduceSplitBandwidthWaitTileCycles............:         0
RowReduceSrcBufFullTileCycles....................:         0
RowReduceLayerWaitTileCycles.....................:         0
RowReduceLayerPublishWaitTileCycles..............:         0
RowReduceReadPortWaitUopCycles...................:         0
RowReduceSourceResponseWaitUopCycles.............:         0
RowReduceIssueIntervalWaitUopCycles..............:         0
RowReduceSameGroupWaitUopCycles..................:         0
RowReduceExecPipeFullUopCycles...................:         0
RowReduceRootDstBufWaitTileCycles................:         0
RowReduceRootWritePortWaitCycles.................:         0
RowReduceRootWriteResponseWaitCycles.............:         0
RowReduceSrcNotReadyCycles.......................:       760
RowReduceTEMPForwardHits.........................:       985
RowReduceCellFallbackReads.......................:      4647
RedTempMacroNum..................................:         0
HybridCountGatedTiles............................:         0
ReadNum..........................................:       544
CellReadAccessTotal..............................:     14261
CellReadAccess_INT...............................:      9289
CellReadAccess_FMA...............................:        94
CellReadAccess_LNEXP.............................:      4878
ReadLat..........................................:      5.96
  |--LatLE5......................................:        30
  |--LatLE10.....................................:       514
  |--LatLE15.....................................:         0
  |--LatGT15.....................................:         0
WriteNum.........................................:      5536
CellWriteAccessTotal.............................:     46967
CellWriteAccess_INT..............................:     41975
CellWriteAccess_FMA..............................:        96
CellWriteAccess_LNEXP............................:      4896
TempForwardHits_INT..............................:     33931
TempForwardHits_FMA..............................:         2
TempForwardHits_LNEXP............................:        18
TempForwardMisses_INT............................:      8651
TempForwardMisses_FMA............................:        94
TempForwardMisses_LNEXP..........................:      4878
ExpandTagHits_INT................................:       450
ExpandTagHits_FMA................................:         0
ExpandTagHits_LNEXP..............................:         0
ExpandTagMisses_INT..............................:        14
ExpandTagMisses_FMA..............................:         0
ExpandTagMisses_LNEXP............................:         0
ExpandBankFills_INT..............................:        14
ExpandBankFills_FMA..............................:         0
ExpandBankFills_LNEXP............................:         0
ExpandTempFills_INT..............................:         0
ExpandTempFills_FMA..............................:         0
ExpandTempFills_LNEXP............................:         0
ExpandEvicts_INT.................................:        12
ExpandEvicts_FMA.................................:         0
ExpandEvicts_LNEXP...............................:         0
LeSharedPortBlockCycles..........................:         0
WriteLat.........................................:      1.02
  |--LatLE5......................................:      5536
  |--LatLE10.....................................:         0
  |--LatLE15.....................................:         0
  |--LatGT15.....................................:         0
AccountExpCellReads_INT..........................:     43670
AccountExpCellReads_FMA..........................:        96
AccountExpCellReads_LNEXP........................:      4896
AccountExpRedTempReads...........................:         0
AccountRedTempReads..............................:         0
AccountExpCellWrites_INT.........................:     42471
AccountExpCellWrites_FMA.........................:        96
AccountExpCellWrites_LNEXP.......................:      4896
AccountExpRedTempWrites..........................:         0
AccountExpReadsTotal.............................:     48662
AccountActReadsTotal.............................:     48662
AccountReadDelta.................................:      0.00
AccountExpWritesTotal............................:     47463
AccountActWritesTotal............................:     46967
AccountWriteDelta................................:    496.00
========================VecUtilStack========================
UtilStackW_INT...................................:     42471
UtilStackO_INT...................................:        28
UtilStackA_INT...................................:         0
UtilStackD_INT...................................:       317
UtilStackI_INT...................................:      1447
UtilStackS_INT...................................:    656855
UtilStackUnaccounted_INT.........................:         0
UtilStackW_FMA...................................:        96
UtilStackO_FMA...................................:        62
UtilStackA_FMA...................................:         0
UtilStackD_FMA...................................:         0
UtilStackI_FMA...................................:         0
UtilStackS_FMA...................................:    700960
UtilStackUnaccounted_FMA.........................:         0
UtilStackW_LNEXP.................................:      4896
UtilStackO_LNEXP.................................:        20
UtilStackA_LNEXP.................................:      2780
UtilStackD_LNEXP.................................:         0
UtilStackI_LNEXP.................................:         0
UtilStackS_LNEXP.................................:    693422
UtilStackUnaccounted_LNEXP.......................:         0
UtilStackW_SHARED................................:         0
UtilStackO_SHARED................................:         0
UtilStackA_SHARED................................:         0
UtilStackD_SHARED................................:         0
UtilStackI_SHARED................................:         0
UtilStackS_SHARED................................:    701118
UtilStackUnaccounted_SHARED......................:         0
UtilStackCycles..................................:    701118
UtilStackVecBusy.................................:    257573
UtilStackVecExposed..............................:    257573
  UtilStackSub_O_DstWriteCfl_INT.................:         0
  UtilStackSub_O_BankCfl_INT.....................:        28
  UtilStackSub_O_SharedPort_INT..................:         0
  UtilStackSub_O_YieldFma_INT....................:         0
  UtilStackSub_O_LePort_INT......................:         0
  UtilStackSub_A_RedTempMacro_INT................:         0
  UtilStackSub_A_LeThrottle_INT..................:         0
  UtilStackSub_A_LeFifoFull_INT..................:         0
  UtilStackSub_A_IiCool_INT......................:         0
  UtilStackSub_A_DstbufFull_INT..................:         0
  UtilStackSub_A_PipeFull_INT....................:         0
  UtilStackSub_D_StaticSrc_INT...................:         0
  UtilStackSub_D_RedTempCount_INT................:         0
  UtilStackSub_D_DynSrcbuf_INT...................:       317
  UtilStackSubO_Reconcile_INT....................:      0.00
  UtilStackSubA_Reconcile_INT....................:      0.00
  UtilStackSubD_Reconcile_INT....................:      0.00
  UtilStackSub_O_DstWriteCfl_FMA.................:         0
  UtilStackSub_O_BankCfl_FMA.....................:        62
  UtilStackSub_O_SharedPort_FMA..................:         0
  UtilStackSub_O_YieldFma_FMA....................:         0
  UtilStackSub_O_LePort_FMA......................:         0
  UtilStackSub_A_RedTempMacro_FMA................:         0
  UtilStackSub_A_LeThrottle_FMA..................:         0
  UtilStackSub_A_LeFifoFull_FMA..................:         0
  UtilStackSub_A_IiCool_FMA......................:         0
  UtilStackSub_A_DstbufFull_FMA..................:         0
  UtilStackSub_A_PipeFull_FMA....................:         0
  UtilStackSub_D_StaticSrc_FMA...................:         0
  UtilStackSub_D_RedTempCount_FMA................:         0
  UtilStackSub_D_DynSrcbuf_FMA...................:         0
  UtilStackSubO_Reconcile_FMA....................:      0.00
  UtilStackSubA_Reconcile_FMA....................:      0.00
  UtilStackSubD_Reconcile_FMA....................:      0.00
  UtilStackSub_O_DstWriteCfl_LNEXP...............:         0
  UtilStackSub_O_BankCfl_LNEXP...................:         3
  UtilStackSub_O_SharedPort_LNEXP................:         0
  UtilStackSub_O_YieldFma_LNEXP..................:         0
  UtilStackSub_O_LePort_LNEXP....................:        17
  UtilStackSub_A_RedTempMacro_LNEXP..............:         0
  UtilStackSub_A_LeThrottle_LNEXP................:      2686
  UtilStackSub_A_LeFifoFull_LNEXP................:        94
  UtilStackSub_A_IiCool_LNEXP....................:         0
  UtilStackSub_A_DstbufFull_LNEXP................:         0
  UtilStackSub_A_PipeFull_LNEXP..................:         0
  UtilStackSub_D_StaticSrc_LNEXP.................:         0
  UtilStackSub_D_RedTempCount_LNEXP..............:         0
  UtilStackSub_D_DynSrcbuf_LNEXP.................:         0
  UtilStackSubO_Reconcile_LNEXP..................:      0.00
  UtilStackSubA_Reconcile_LNEXP..................:      0.00
  UtilStackSubD_Reconcile_LNEXP..................:      0.00
  UtilStackSub_O_DstWriteCfl_SHARED..............:         0
  UtilStackSub_O_BankCfl_SHARED..................:         0
  UtilStackSub_O_SharedPort_SHARED...............:         0
  UtilStackSub_O_YieldFma_SHARED.................:         0
  UtilStackSub_O_LePort_SHARED...................:         0
  UtilStackSub_A_RedTempMacro_SHARED.............:         0
  UtilStackSub_A_LeThrottle_SHARED...............:         0
  UtilStackSub_A_LeFifoFull_SHARED...............:         0
  UtilStackSub_A_IiCool_SHARED...................:         0
  UtilStackSub_A_DstbufFull_SHARED...............:         0
  UtilStackSub_A_PipeFull_SHARED.................:         0
  UtilStackSub_D_StaticSrc_SHARED................:         0
  UtilStackSub_D_RedTempCount_SHARED.............:         0
  UtilStackSub_D_DynSrcbuf_SHARED................:         0
  UtilStackSubO_Reconcile_SHARED.................:      0.00
  UtilStackSubA_Reconcile_SHARED.................:      0.00
  UtilStackSubD_Reconcile_SHARED.................:      0.00
  UtilStackOBlocker_None_INT.....................:         0
  UtilStackOBlocker_FmaRead_INT..................:         0
  UtilStackOBlocker_IntRead_INT..................:         5
  UtilStackOBlocker_LeRead_INT...................:         5
  UtilStackOBlocker_FmaWrite_INT.................:         2
  UtilStackOBlocker_IntWrite_INT.................:        16
  UtilStackOBlocker_CubeRead_INT.................:         0
  UtilStackOBlocker_CubeWrite_INT................:         0
  UtilStackOBlocker_LeWrite_INT..................:         0
  UtilStackOBlocker_Reconcile_INT................:      0.00
  UtilStackOBlocker_None_FMA.....................:         0
  UtilStackOBlocker_FmaRead_FMA..................:         0
  UtilStackOBlocker_IntRead_FMA..................:         0
  UtilStackOBlocker_LeRead_FMA...................:        30
  UtilStackOBlocker_FmaWrite_FMA.................:         0
  UtilStackOBlocker_IntWrite_FMA.................:        32
  UtilStackOBlocker_CubeRead_FMA.................:         0
  UtilStackOBlocker_CubeWrite_FMA................:         0
  UtilStackOBlocker_LeWrite_FMA..................:         0
  UtilStackOBlocker_Reconcile_FMA................:      0.00
  UtilStackOBlocker_None_LNEXP...................:         0
  UtilStackOBlocker_FmaRead_LNEXP................:         0
  UtilStackOBlocker_IntRead_LNEXP................:        18
  UtilStackOBlocker_LeRead_LNEXP.................:         0
  UtilStackOBlocker_FmaWrite_LNEXP...............:         0
  UtilStackOBlocker_IntWrite_LNEXP...............:         2
  UtilStackOBlocker_CubeRead_LNEXP...............:         0
  UtilStackOBlocker_CubeWrite_LNEXP..............:         0
  UtilStackOBlocker_LeWrite_LNEXP................:         0
  UtilStackOBlocker_Reconcile_LNEXP..............:      0.00
  UtilStackOBlocker_None_SHARED..................:         0
  UtilStackOBlocker_FmaRead_SHARED...............:         0
  UtilStackOBlocker_IntRead_SHARED...............:         0
  UtilStackOBlocker_LeRead_SHARED................:         0
  UtilStackOBlocker_FmaWrite_SHARED..............:         0
  UtilStackOBlocker_IntWrite_SHARED..............:         0
  UtilStackOBlocker_CubeRead_SHARED..............:         0
  UtilStackOBlocker_CubeWrite_SHARED.............:         0
  UtilStackOBlocker_LeWrite_SHARED...............:         0
  UtilStackOBlocker_Reconcile_SHARED.............:      0.00
YieldFmaReadCycles...............................:         0
YieldFmaWriteCycles..............................:         0
UtilStackHideRatio...............................:      0.00
UtilStackHideRatioStrict.........................:      0.00
  UtilStackIssueCombo_None.......................:    654157
  UtilStackIssueCombo_INT........................:     41969
  UtilStackIssueCombo_FMA........................:        91
  UtilStackIssueCombo_INT+FMA....................:         5
  UtilStackIssueCombo_LE.........................:      4399
  UtilStackIssueCombo_INT+LE.....................:       497
  UtilStackIssueCombo_FMA+LE.....................:         0
  UtilStackIssueCombo_INT+FMA+LE.................:         0
  UtilStackIssueCombo_SH.........................:         0
  UtilStackIssueCombo_INT+SH.....................:         0
  UtilStackIssueCombo_FMA+SH.....................:         0
  UtilStackIssueCombo_INT+FMA+SH.................:         0
  UtilStackIssueCombo_LE+SH......................:         0
  UtilStackIssueCombo_INT+LE+SH..................:         0
  UtilStackIssueCombo_FMA+LE+SH..................:         0
  UtilStackIssueCombo_INT+FMA+LE+SH..............:         0
  UtilStackIssueCombo_Reconcile..................:      0.00
  UtilStackIssueEvent_Reconcile..................:      0.00
UtilStackMultiIssueProb..........................:      0.01
UtilStackAvgIssueRate............................:      0.07
UtilStackIssueWidthUtil..........................:      0.02
====================Vector PMU Stats PE1====================
PEId.............................................:         1
TileopNum........................................:     26404
TCMPPackedTileNum................................:        32
TCMPFragmentExpected.............................:        32
TCMPFragmentCompleted............................:        32
TCMPFragmentCanceled.............................:         0
TCMPPackedCellWrites.............................:        32
TCMPPackWriteWaitCycles..........................:        32
TCMPFlushedTileNum...............................:         0
UopNum...........................................:     43175
SplitCellCountMismatch...........................:         0
SplitPartialCellUopCount.........................:         0
SplitUopAvgPayloadBytes..........................:       N/A
UopQDispatch_INT.................................:        96
UopQReadyBypass_INT..............................:         0
UopQDispatchSrcBufFullCycles_INT.................:         0
UopQDispatchSrcBufFullBlockedCycles_INT..........:         0
VecSrcCellNotReadyCycles_INT.....................:     16753
SharedReadPortWaitCycles_INT.....................:         0
UopQDispatch_FMA.................................:         0
UopQReadyBypass_FMA..............................:         0
UopQDispatchSrcBufFullCycles_FMA.................:         0
UopQDispatchSrcBufFullBlockedCycles_FMA..........:         0
VecSrcCellNotReadyCycles_FMA.....................:        89
SharedReadPortWaitCycles_FMA.....................:         0
UopQDispatch_LNEXP...............................:         0
UopQReadyBypass_LNEXP............................:         0
UopQDispatchSrcBufFullCycles_LNEXP...............:         0
UopQDispatchSrcBufFullBlockedCycles_LNEXP........:         0
VecSrcCellNotReadyCycles_LNEXP...................:       337
SharedReadPortWaitCycles_LNEXP...................:         0
CellReadMergedUops...............................:         0
StaticUopsIssued.................................:     43079
StaticBoardBlockCycles...........................:         0
StaticWritebacks.................................:     43079
EarlyWakeupFired.................................:     22052
StaticDynPipeBlockCycles.........................:       416
DynStaticChainBlockCycles........................:       930
ExpandTagHits_INT................................:         0
ExpandTagMisses_INT..............................:         0
ExpandBankFills_INT..............................:         0
ExpandTempFills_INT..............................:         0
ExpandEvicts_INT.................................:         0
ExpandTagHits_FMA................................:         0
ExpandTagMisses_FMA..............................:         0
ExpandBankFills_FMA..............................:         0
ExpandTempFills_FMA..............................:         0
ExpandEvicts_FMA.................................:         0
ExpandTagHits_LNEXP..............................:         0
ExpandTagMisses_LNEXP............................:         0
ExpandBankFills_LNEXP............................:         0
ExpandTempFills_LNEXP............................:         0
ExpandEvicts_LNEXP...............................:         0
ExpandFillDrops..................................:         0
ExpandReadStaleFallbacks cls0....................:         0
ExpandReadStaleFallbacks cls1....................:         0
ExpandReadStaleFallbacks cls2....................:         0
LeSharedPortBlockCycles..........................:         0
LeSrc1CarrySkips.................................:         0
=======Static Path Bank Access / Conflict Attribution=======
  StaticBankReads Bank[0]........................:      5172
  StaticBankReads Bank[1]........................:       353
  StaticBankReads Bank[2]........................:      1799
  StaticBankReads Bank[3]........................:       361
  StaticBankReads Bank[4]........................:       563
  StaticBankReads Bank[5]........................:       188
  StaticBankReads Bank[6]........................:      1675
  StaticBankReads Bank[7]........................:       161
  StaticDetectReadBlocks Bank[0].................:        14
  StaticDetectReadBlocks Bank[1].................:        19
  StaticDetectReadBlocks Bank[2].................:         8
  StaticDetectReadBlocks Bank[3].................:        11
  StaticDetectReadBlocks Bank[4].................:        11
  StaticDetectReadBlocks Bank[5].................:         9
  StaticDetectReadBlocks Bank[6].................:        10
  StaticDetectReadBlocks Bank[7].................:         8
  StaticDetectWriteBlocks Bank[0]................:         0
  StaticDetectWriteBlocks Bank[1]................:         0
  StaticDetectWriteBlocks Bank[2]................:         0
  StaticDetectWriteBlocks Bank[3]................:         0
  StaticDetectWriteBlocks Bank[4]................:         0
  StaticDetectWriteBlocks Bank[5]................:         0
  StaticDetectWriteBlocks Bank[6]................:         0
  StaticDetectWriteBlocks Bank[7]................:         0
  StaticIntYieldBlocks Bank[0]...................:         0
  StaticIntYieldBlocks Bank[1]...................:         0
  StaticIntYieldBlocks Bank[2]...................:         0
  StaticIntYieldBlocks Bank[3]...................:         0
  StaticIntYieldBlocks Bank[4]...................:         0
  StaticIntYieldBlocks Bank[5]...................:         0
  StaticIntYieldBlocks Bank[6]...................:         0
  StaticIntYieldBlocks Bank[7]...................:         0
  StaticBoardOccSum Bank[0]......................:     71894
  StaticBoardOccSum Bank[1]......................:     76230
  StaticBoardOccSum Bank[2]......................:     80153
  StaticBoardOccSum Bank[3]......................:     53257
  StaticBoardOccSum Bank[4]......................:     54970
  StaticBoardOccSum Bank[5]......................:     54158
  StaticBoardOccSum Bank[6]......................:     61818
  StaticBoardOccSum Bank[7]......................:     52335
  StaticBoardOccColSum Col[0]....................:     48967
  StaticBoardOccColSum Col[1]....................:     48967
  StaticBoardOccColSum Col[2]....................:     48967
  StaticBoardOccColSum Col[3]....................:     43714
  StaticBoardOccColSum Col[4]....................:     43335
  StaticBoardOccColSum Col[5]....................:     38695
  StaticBoardOccColSum Col[6]....................:     38695
  StaticBoardOccColSum Col[7]....................:     38695
  StaticBoardOccColSum Col[8]....................:     38695
  StaticBoardOccColSum Col[9]....................:     38695
  StaticBoardOccColSum Col[10]...................:     38695
  StaticBoardOccColSum Col[11]...................:     38695
  StaticBoardOccColSum Col[12]...................:         0
  StaticBoardOccColSum Col[13]...................:         0
  StaticBoardOccColSum Col[14]...................:         0
  StaticBoardOccColSum Col[15]...................:         0
VecAluAcceptCycles_FMA...........................:        96
VecAluAcceptCycles_INT...........................:     38695
VecAluAcceptCycles_LNEXP.........................:      4384
VecTripleIssueCycles.............................:         0
VecDualIssueCycles...............................:        35
VecSingleIssueCycles.............................:     43105
VecIdleIssueCycles...............................:    657978
CellReadMergeSaved...............................:         0
SrcBufBypassIssue................................:         0
SplitRawGateBlocked..............................:         0
SplitNoFreeSlotCycles............................:         0
IPC(UOP).........................................:  0.061580
RowExpandTileNum.................................:         0
RowReduceTileNum.................................:      4384
RowReduceLayerNum................................:         0
RowReduceUopSplit................................:      4384
RowReduceUopDone.................................:      4384
RowReduceRootWriteNum............................:      4384
RowReduceFlushedTileNum..........................:         0
RowReduceEntryUnavailableCycles..................:         0
RowReduceSplitBandwidthWaitTileCycles............:         0
RowReduceSrcBufFullTileCycles....................:         0
RowReduceLayerWaitTileCycles.....................:         0
RowReduceLayerPublishWaitTileCycles..............:         0
RowReduceReadPortWaitUopCycles...................:         0
RowReduceSourceResponseWaitUopCycles.............:         0
RowReduceIssueIntervalWaitUopCycles..............:         0
RowReduceSameGroupWaitUopCycles..................:         0
RowReduceExecPipeFullUopCycles...................:         0
RowReduceRootDstBufWaitTileCycles................:         0
RowReduceRootWritePortWaitCycles.................:         0
RowReduceRootWriteResponseWaitCycles.............:         0
RowReduceSrcNotReadyCycles.......................:        38
RowReduceTEMPForwardHits.........................:       379
RowReduceCellFallbackReads.......................:      4133
RedTempMacroNum..................................:         0
HybridCountGatedTiles............................:         0
ReadNum..........................................:        32
CellReadAccessTotal..............................:     10336
CellReadAccess_INT...............................:      5888
CellReadAccess_FMA...............................:        88
CellReadAccess_LNEXP.............................:      4360
ReadLat..........................................:      5.12
  |--LatLE5......................................:        28
  |--LatLE10.....................................:         4
  |--LatLE15.....................................:         0
  |--LatGT15.....................................:         0
WriteNum.........................................:      4480
CellWriteAccessTotal.............................:     43175
CellWriteAccess_INT..............................:     38695
CellWriteAccess_FMA..............................:        96
CellWriteAccess_LNEXP............................:      4384
TempForwardHits_INT..............................:     32998
TempForwardHits_FMA..............................:         8
TempForwardHits_LNEXP............................:        24
TempForwardMisses_INT............................:      5824
TempForwardMisses_FMA............................:        88
TempForwardMisses_LNEXP..........................:      4360
ExpandTagHits_INT................................:         0
ExpandTagHits_FMA................................:         0
ExpandTagHits_LNEXP..............................:         0
ExpandTagMisses_INT..............................:         0
ExpandTagMisses_FMA..............................:         0
ExpandTagMisses_LNEXP............................:         0
ExpandBankFills_INT..............................:         0
ExpandBankFills_FMA..............................:         0
ExpandBankFills_LNEXP............................:         0
ExpandTempFills_INT..............................:         0
ExpandTempFills_FMA..............................:         0
ExpandTempFills_LNEXP............................:         0
ExpandEvicts_INT.................................:         0
ExpandEvicts_FMA.................................:         0
ExpandEvicts_LNEXP...............................:         0
LeSharedPortBlockCycles..........................:         0
WriteLat.........................................:      1.01
  |--LatLE5......................................:      4480
  |--LatLE10.....................................:         0
  |--LatLE15.....................................:         0
  |--LatGT15.....................................:         0
AccountExpCellReads_INT..........................:     38886
AccountExpCellReads_FMA..........................:        96
AccountExpCellReads_LNEXP........................:      4384
AccountExpRedTempReads...........................:         0
AccountRedTempReads..............................:         0
AccountExpCellWrites_INT.........................:     38695
AccountExpCellWrites_FMA.........................:        96
AccountExpCellWrites_LNEXP.......................:      4384
AccountExpRedTempWrites..........................:         0
AccountExpReadsTotal.............................:     43366
AccountActReadsTotal.............................:     43366
AccountReadDelta.................................:      0.00
AccountExpWritesTotal............................:     43175
AccountActWritesTotal............................:     43175
AccountWriteDelta................................:      0.00
========================VecUtilStack========================
UtilStackW_INT...................................:     38695
UtilStackO_INT...................................:        22
UtilStackA_INT...................................:         0
UtilStackD_INT...................................:       282
UtilStackI_INT...................................:      1160
UtilStackS_INT...................................:    660959
UtilStackUnaccounted_INT.........................:         0
UtilStackW_FMA...................................:        96
UtilStackO_FMA...................................:        59
UtilStackA_FMA...................................:         0
UtilStackD_FMA...................................:         0
UtilStackI_FMA...................................:         0
UtilStackS_FMA...................................:    700963
UtilStackUnaccounted_FMA.........................:         0
UtilStackW_LNEXP.................................:      4384
UtilStackO_LNEXP.................................:        16
UtilStackA_LNEXP.................................:      2310
UtilStackD_LNEXP.................................:         0
UtilStackI_LNEXP.................................:         0
UtilStackS_LNEXP.................................:    694408
UtilStackUnaccounted_LNEXP.......................:         0
UtilStackW_SHARED................................:         0
UtilStackO_SHARED................................:         0
UtilStackA_SHARED................................:         0
UtilStackD_SHARED................................:         0
UtilStackI_SHARED................................:         0
UtilStackS_SHARED................................:    701118
UtilStackUnaccounted_SHARED......................:         0
UtilStackCycles..................................:    701118
UtilStackVecBusy.................................:    250548
UtilStackVecExposed..............................:    250548
  UtilStackSub_O_DstWriteCfl_INT.................:         0
  UtilStackSub_O_BankCfl_INT.....................:        22
  UtilStackSub_O_SharedPort_INT..................:         0
  UtilStackSub_O_YieldFma_INT....................:         0
  UtilStackSub_O_LePort_INT......................:         0
  UtilStackSub_A_RedTempMacro_INT................:         0
  UtilStackSub_A_LeThrottle_INT..................:         0
  UtilStackSub_A_LeFifoFull_INT..................:         0
  UtilStackSub_A_IiCool_INT......................:         0
  UtilStackSub_A_DstbufFull_INT..................:         0
  UtilStackSub_A_PipeFull_INT....................:         0
  UtilStackSub_D_StaticSrc_INT...................:         0
  UtilStackSub_D_RedTempCount_INT................:         0
  UtilStackSub_D_DynSrcbuf_INT...................:       282
  UtilStackSubO_Reconcile_INT....................:      0.00
  UtilStackSubA_Reconcile_INT....................:      0.00
  UtilStackSubD_Reconcile_INT....................:      0.00
  UtilStackSub_O_DstWriteCfl_FMA.................:         0
  UtilStackSub_O_BankCfl_FMA.....................:        59
  UtilStackSub_O_SharedPort_FMA..................:         0
  UtilStackSub_O_YieldFma_FMA....................:         0
  UtilStackSub_O_LePort_FMA......................:         0
  UtilStackSub_A_RedTempMacro_FMA................:         0
  UtilStackSub_A_LeThrottle_FMA..................:         0
  UtilStackSub_A_LeFifoFull_FMA..................:         0
  UtilStackSub_A_IiCool_FMA......................:         0
  UtilStackSub_A_DstbufFull_FMA..................:         0
  UtilStackSub_A_PipeFull_FMA....................:         0
  UtilStackSub_D_StaticSrc_FMA...................:         0
  UtilStackSub_D_RedTempCount_FMA................:         0
  UtilStackSub_D_DynSrcbuf_FMA...................:         0
  UtilStackSubO_Reconcile_FMA....................:      0.00
  UtilStackSubA_Reconcile_FMA....................:      0.00
  UtilStackSubD_Reconcile_FMA....................:      0.00
  UtilStackSub_O_DstWriteCfl_LNEXP...............:         0
  UtilStackSub_O_BankCfl_LNEXP...................:         2
  UtilStackSub_O_SharedPort_LNEXP................:         0
  UtilStackSub_O_YieldFma_LNEXP..................:         0
  UtilStackSub_O_LePort_LNEXP....................:        14
  UtilStackSub_A_RedTempMacro_LNEXP..............:         0
  UtilStackSub_A_LeThrottle_LNEXP................:      2256
  UtilStackSub_A_LeFifoFull_LNEXP................:        54
  UtilStackSub_A_IiCool_LNEXP....................:         0
  UtilStackSub_A_DstbufFull_LNEXP................:         0
  UtilStackSub_A_PipeFull_LNEXP..................:         0
  UtilStackSub_D_StaticSrc_LNEXP.................:         0
  UtilStackSub_D_RedTempCount_LNEXP..............:         0
  UtilStackSub_D_DynSrcbuf_LNEXP.................:         0
  UtilStackSubO_Reconcile_LNEXP..................:      0.00
  UtilStackSubA_Reconcile_LNEXP..................:      0.00
  UtilStackSubD_Reconcile_LNEXP..................:      0.00
  UtilStackSub_O_DstWriteCfl_SHARED..............:         0
  UtilStackSub_O_BankCfl_SHARED..................:         0
  UtilStackSub_O_SharedPort_SHARED...............:         0
  UtilStackSub_O_YieldFma_SHARED.................:         0
  UtilStackSub_O_LePort_SHARED...................:         0
  UtilStackSub_A_RedTempMacro_SHARED.............:         0
  UtilStackSub_A_LeThrottle_SHARED...............:         0
  UtilStackSub_A_LeFifoFull_SHARED...............:         0
  UtilStackSub_A_IiCool_SHARED...................:         0
  UtilStackSub_A_DstbufFull_SHARED...............:         0
  UtilStackSub_A_PipeFull_SHARED.................:         0
  UtilStackSub_D_StaticSrc_SHARED................:         0
  UtilStackSub_D_RedTempCount_SHARED.............:         0
  UtilStackSub_D_DynSrcbuf_SHARED................:         0
  UtilStackSubO_Reconcile_SHARED.................:      0.00
  UtilStackSubA_Reconcile_SHARED.................:      0.00
  UtilStackSubD_Reconcile_SHARED.................:      0.00
  UtilStackOBlocker_None_INT.....................:         0
  UtilStackOBlocker_FmaRead_INT..................:         0
  UtilStackOBlocker_IntRead_INT..................:         4
  UtilStackOBlocker_LeRead_INT...................:         4
  UtilStackOBlocker_FmaWrite_INT.................:         4
  UtilStackOBlocker_IntWrite_INT.................:        10
  UtilStackOBlocker_CubeRead_INT.................:         0
  UtilStackOBlocker_CubeWrite_INT................:         0
  UtilStackOBlocker_LeWrite_INT..................:         0
  UtilStackOBlocker_Reconcile_INT................:      0.00
  UtilStackOBlocker_None_FMA.....................:         0
  UtilStackOBlocker_FmaRead_FMA..................:         0
  UtilStackOBlocker_IntRead_FMA..................:         0
  UtilStackOBlocker_LeRead_FMA...................:        28
  UtilStackOBlocker_FmaWrite_FMA.................:         0
  UtilStackOBlocker_IntWrite_FMA.................:        31
  UtilStackOBlocker_CubeRead_FMA.................:         0
  UtilStackOBlocker_CubeWrite_FMA................:         0
  UtilStackOBlocker_LeWrite_FMA..................:         0
  UtilStackOBlocker_Reconcile_FMA................:      0.00
  UtilStackOBlocker_None_LNEXP...................:         0
  UtilStackOBlocker_FmaRead_LNEXP................:         0
  UtilStackOBlocker_IntRead_LNEXP................:        15
  UtilStackOBlocker_LeRead_LNEXP.................:         0
  UtilStackOBlocker_FmaWrite_LNEXP...............:         0
  UtilStackOBlocker_IntWrite_LNEXP...............:         1
  UtilStackOBlocker_CubeRead_LNEXP...............:         0
  UtilStackOBlocker_CubeWrite_LNEXP..............:         0
  UtilStackOBlocker_LeWrite_LNEXP................:         0
  UtilStackOBlocker_Reconcile_LNEXP..............:      0.00
  UtilStackOBlocker_None_SHARED..................:         0
  UtilStackOBlocker_FmaRead_SHARED...............:         0
  UtilStackOBlocker_IntRead_SHARED...............:         0
  UtilStackOBlocker_LeRead_SHARED................:         0
  UtilStackOBlocker_FmaWrite_SHARED..............:         0
  UtilStackOBlocker_IntWrite_SHARED..............:         0
  UtilStackOBlocker_CubeRead_SHARED..............:         0
  UtilStackOBlocker_CubeWrite_SHARED.............:         0
  UtilStackOBlocker_LeWrite_SHARED...............:         0
  UtilStackOBlocker_Reconcile_SHARED.............:      0.00
YieldFmaReadCycles...............................:         0
YieldFmaWriteCycles..............................:         0
UtilStackHideRatio...............................:      0.00
UtilStackHideRatioStrict.........................:      0.00
  UtilStackIssueCombo_None.......................:    657978
  UtilStackIssueCombo_INT........................:     38660
  UtilStackIssueCombo_FMA........................:        93
  UtilStackIssueCombo_INT+FMA....................:         3
  UtilStackIssueCombo_LE.........................:      4352
  UtilStackIssueCombo_INT+LE.....................:        32
  UtilStackIssueCombo_FMA+LE.....................:         0
  UtilStackIssueCombo_INT+FMA+LE.................:         0
  UtilStackIssueCombo_SH.........................:         0
  UtilStackIssueCombo_INT+SH.....................:         0
  UtilStackIssueCombo_FMA+SH.....................:         0
  UtilStackIssueCombo_INT+FMA+SH.................:         0
  UtilStackIssueCombo_LE+SH......................:         0
  UtilStackIssueCombo_INT+LE+SH..................:         0
  UtilStackIssueCombo_FMA+LE+SH..................:         0
  UtilStackIssueCombo_INT+FMA+LE+SH..............:         0
  UtilStackIssueCombo_Reconcile..................:      0.00
  UtilStackIssueEvent_Reconcile..................:      0.00
UtilStackMultiIssueProb..........................:      0.00
UtilStackAvgIssueRate............................:      0.06
UtilStackIssueWidthUtil..........................:      0.02
====================Vector PMU Stats PE2====================
PEId.............................................:         2
TileopNum........................................:     26404
TCMPPackedTileNum................................:        32
TCMPFragmentExpected.............................:        32
TCMPFragmentCompleted............................:        32
TCMPFragmentCanceled.............................:         0
TCMPPackedCellWrites.............................:        32
TCMPPackWriteWaitCycles..........................:        32
TCMPFlushedTileNum...............................:         0
UopNum...........................................:     43175
SplitCellCountMismatch...........................:         0
SplitPartialCellUopCount.........................:         0
SplitUopAvgPayloadBytes..........................:       N/A
UopQDispatch_INT.................................:        96
UopQReadyBypass_INT..............................:         0
UopQDispatchSrcBufFullCycles_INT.................:         0
UopQDispatchSrcBufFullBlockedCycles_INT..........:         0
VecSrcCellNotReadyCycles_INT.....................:     16732
SharedReadPortWaitCycles_INT.....................:         0
UopQDispatch_FMA.................................:         0
UopQReadyBypass_FMA..............................:         0
UopQDispatchSrcBufFullCycles_FMA.................:         0
UopQDispatchSrcBufFullBlockedCycles_FMA..........:         0
VecSrcCellNotReadyCycles_FMA.....................:        90
SharedReadPortWaitCycles_FMA.....................:         0
UopQDispatch_LNEXP...............................:         0
UopQReadyBypass_LNEXP............................:         0
UopQDispatchSrcBufFullCycles_LNEXP...............:         0
UopQDispatchSrcBufFullBlockedCycles_LNEXP........:         0
VecSrcCellNotReadyCycles_LNEXP...................:       333
SharedReadPortWaitCycles_LNEXP...................:         0
CellReadMergedUops...............................:         0
StaticUopsIssued.................................:     43079
StaticBoardBlockCycles...........................:         0
StaticWritebacks.................................:     43079
EarlyWakeupFired.................................:     22052
StaticDynPipeBlockCycles.........................:       414
DynStaticChainBlockCycles........................:       882
ExpandTagHits_INT................................:         0
ExpandTagMisses_INT..............................:         0
ExpandBankFills_INT..............................:         0
ExpandTempFills_INT..............................:         0
ExpandEvicts_INT.................................:         0
ExpandTagHits_FMA................................:         0
ExpandTagMisses_FMA..............................:         0
ExpandBankFills_FMA..............................:         0
ExpandTempFills_FMA..............................:         0
ExpandEvicts_FMA.................................:         0
ExpandTagHits_LNEXP..............................:         0
ExpandTagMisses_LNEXP............................:         0
ExpandBankFills_LNEXP............................:         0
ExpandTempFills_LNEXP............................:         0
ExpandEvicts_LNEXP...............................:         0
ExpandFillDrops..................................:         0
ExpandReadStaleFallbacks cls0....................:         0
ExpandReadStaleFallbacks cls1....................:         0
ExpandReadStaleFallbacks cls2....................:         0
LeSharedPortBlockCycles..........................:         0
LeSrc1CarrySkips.................................:         0
=======Static Path Bank Access / Conflict Attribution=======
  StaticBankReads Bank[0]........................:      5435
  StaticBankReads Bank[1]........................:       298
  StaticBankReads Bank[2]........................:      1697
  StaticBankReads Bank[3]........................:       389
  StaticBankReads Bank[4]........................:      1135
  StaticBankReads Bank[5]........................:       264
  StaticBankReads Bank[6]........................:      1145
  StaticBankReads Bank[7]........................:       165
  StaticDetectReadBlocks Bank[0].................:        14
  StaticDetectReadBlocks Bank[1].................:         8
  StaticDetectReadBlocks Bank[2].................:        12
  StaticDetectReadBlocks Bank[3].................:        12
  StaticDetectReadBlocks Bank[4].................:         9
  StaticDetectReadBlocks Bank[5].................:         8
  StaticDetectReadBlocks Bank[6].................:         9
  StaticDetectReadBlocks Bank[7].................:         8
  StaticDetectWriteBlocks Bank[0]................:         0
  StaticDetectWriteBlocks Bank[1]................:         0
  StaticDetectWriteBlocks Bank[2]................:         0
  StaticDetectWriteBlocks Bank[3]................:         0
  StaticDetectWriteBlocks Bank[4]................:         0
  StaticDetectWriteBlocks Bank[5]................:         0
  StaticDetectWriteBlocks Bank[6]................:         0
  StaticDetectWriteBlocks Bank[7]................:         0
  StaticIntYieldBlocks Bank[0]...................:         0
  StaticIntYieldBlocks Bank[1]...................:         0
  StaticIntYieldBlocks Bank[2]...................:         0
  StaticIntYieldBlocks Bank[3]...................:         0
  StaticIntYieldBlocks Bank[4]...................:         0
  StaticIntYieldBlocks Bank[5]...................:         0
  StaticIntYieldBlocks Bank[6]...................:         0
  StaticIntYieldBlocks Bank[7]...................:         0
  StaticBoardOccSum Bank[0]......................:     78741
  StaticBoardOccSum Bank[1]......................:     97336
  StaticBoardOccSum Bank[2]......................:     58817
  StaticBoardOccSum Bank[3]......................:     54112
  StaticBoardOccSum Bank[4]......................:     52362
  StaticBoardOccSum Bank[5]......................:     54080
  StaticBoardOccSum Bank[6]......................:     57737
  StaticBoardOccSum Bank[7]......................:     52397
  StaticBoardOccColSum Col[0]....................:     49223
  StaticBoardOccColSum Col[1]....................:     49223
  StaticBoardOccColSum Col[2]....................:     49223
  StaticBoardOccColSum Col[3]....................:     43709
  StaticBoardOccColSum Col[4]....................:     43339
  StaticBoardOccColSum Col[5]....................:     38695
  StaticBoardOccColSum Col[6]....................:     38695
  StaticBoardOccColSum Col[7]....................:     38695
  StaticBoardOccColSum Col[8]....................:     38695
  StaticBoardOccColSum Col[9]....................:     38695
  StaticBoardOccColSum Col[10]...................:     38695
  StaticBoardOccColSum Col[11]...................:     38695
  StaticBoardOccColSum Col[12]...................:         0
  StaticBoardOccColSum Col[13]...................:         0
  StaticBoardOccColSum Col[14]...................:         0
  StaticBoardOccColSum Col[15]...................:         0
VecAluAcceptCycles_FMA...........................:        96
VecAluAcceptCycles_INT...........................:     38695
VecAluAcceptCycles_LNEXP.........................:      4384
VecTripleIssueCycles.............................:         0
VecDualIssueCycles...............................:        39
VecSingleIssueCycles.............................:     43097
VecIdleIssueCycles...............................:    657982
CellReadMergeSaved...............................:         0
SrcBufBypassIssue................................:         0
SplitRawGateBlocked..............................:         0
SplitNoFreeSlotCycles............................:         0
IPC(UOP).........................................:  0.061580
RowExpandTileNum.................................:         0
RowReduceTileNum.................................:      4384
RowReduceLayerNum................................:         0
RowReduceUopSplit................................:      4384
RowReduceUopDone.................................:      4384
RowReduceRootWriteNum............................:      4384
RowReduceFlushedTileNum..........................:         0
RowReduceEntryUnavailableCycles..................:         0
RowReduceSplitBandwidthWaitTileCycles............:         0
RowReduceSrcBufFullTileCycles....................:         0
RowReduceLayerWaitTileCycles.....................:         0
RowReduceLayerPublishWaitTileCycles..............:         0
RowReduceReadPortWaitUopCycles...................:         0
RowReduceSourceResponseWaitUopCycles.............:         0
RowReduceIssueIntervalWaitUopCycles..............:         0
RowReduceSameGroupWaitUopCycles..................:         0
RowReduceExecPipeFullUopCycles...................:         0
RowReduceRootDstBufWaitTileCycles................:         0
RowReduceRootWritePortWaitCycles.................:         0
RowReduceRootWriteResponseWaitCycles.............:         0
RowReduceSrcNotReadyCycles.......................:        38
RowReduceTEMPForwardHits.........................:       372
RowReduceCellFallbackReads.......................:      4140
RedTempMacroNum..................................:         0
HybridCountGatedTiles............................:         0
ReadNum..........................................:        32
CellReadAccessTotal..............................:     10592
CellReadAccess_INT...............................:      6130
CellReadAccess_FMA...............................:        90
CellReadAccess_LNEXP.............................:      4372
ReadLat..........................................:      5.06
  |--LatLE5......................................:        30
  |--LatLE10.....................................:         2
  |--LatLE15.....................................:         0
  |--LatGT15.....................................:         0
WriteNum.........................................:      4480
CellWriteAccessTotal.............................:     43175
CellWriteAccess_INT..............................:     38695
CellWriteAccess_FMA..............................:        96
CellWriteAccess_LNEXP............................:      4384
TempForwardHits_INT..............................:     32756
TempForwardHits_FMA..............................:         6
TempForwardHits_LNEXP............................:        12
TempForwardMisses_INT............................:      6066
TempForwardMisses_FMA............................:        90
TempForwardMisses_LNEXP..........................:      4372
ExpandTagHits_INT................................:         0
ExpandTagHits_FMA................................:         0
ExpandTagHits_LNEXP..............................:         0
ExpandTagMisses_INT..............................:         0
ExpandTagMisses_FMA..............................:         0
ExpandTagMisses_LNEXP............................:         0
ExpandBankFills_INT..............................:         0
ExpandBankFills_FMA..............................:         0
ExpandBankFills_LNEXP............................:         0
ExpandTempFills_INT..............................:         0
ExpandTempFills_FMA..............................:         0
ExpandTempFills_LNEXP............................:         0
ExpandEvicts_INT.................................:         0
ExpandEvicts_FMA.................................:         0
ExpandEvicts_LNEXP...............................:         0
LeSharedPortBlockCycles..........................:         0
WriteLat.........................................:      1.00
  |--LatLE5......................................:      4480
  |--LatLE10.....................................:         0
  |--LatLE15.....................................:         0
  |--LatGT15.....................................:         0
AccountExpCellReads_INT..........................:     38886
AccountExpCellReads_FMA..........................:        96
AccountExpCellReads_LNEXP........................:      4384
AccountExpRedTempReads...........................:         0
AccountRedTempReads..............................:         0
AccountExpCellWrites_INT.........................:     38695
AccountExpCellWrites_FMA.........................:        96
AccountExpCellWrites_LNEXP.......................:      4384
AccountExpRedTempWrites..........................:         0
AccountExpReadsTotal.............................:     43366
AccountActReadsTotal.............................:     43366
AccountReadDelta.................................:      0.00
AccountExpWritesTotal............................:     43175
AccountActWritesTotal............................:     43175
AccountWriteDelta................................:      0.00
========================VecUtilStack========================
UtilStackW_INT...................................:     38695
UtilStackO_INT...................................:        12
UtilStackA_INT...................................:         0
UtilStackD_INT...................................:       271
UtilStackI_INT...................................:      1117
UtilStackS_INT...................................:    661023
UtilStackUnaccounted_INT.........................:         0
UtilStackW_FMA...................................:        96
UtilStackO_FMA...................................:        58
UtilStackA_FMA...................................:         0
UtilStackD_FMA...................................:         0
UtilStackI_FMA...................................:         0
UtilStackS_FMA...................................:    700964
UtilStackUnaccounted_FMA.........................:         0
UtilStackW_LNEXP.................................:      4384
UtilStackO_LNEXP.................................:        22
UtilStackA_LNEXP.................................:      2193
UtilStackD_LNEXP.................................:         0
UtilStackI_LNEXP.................................:         0
UtilStackS_LNEXP.................................:    694519
UtilStackUnaccounted_LNEXP.......................:         0
UtilStackW_SHARED................................:         0
UtilStackO_SHARED................................:         0
UtilStackA_SHARED................................:         0
UtilStackD_SHARED................................:         0
UtilStackI_SHARED................................:         0
UtilStackS_SHARED................................:    701118
UtilStackUnaccounted_SHARED......................:         0
UtilStackCycles..................................:    701118
UtilStackVecBusy.................................:    250742
UtilStackVecExposed..............................:    250742
  UtilStackSub_O_DstWriteCfl_INT.................:         0
  UtilStackSub_O_BankCfl_INT.....................:        12
  UtilStackSub_O_SharedPort_INT..................:         0
  UtilStackSub_O_YieldFma_INT....................:         0
  UtilStackSub_O_LePort_INT......................:         0
  UtilStackSub_A_RedTempMacro_INT................:         0
  UtilStackSub_A_LeThrottle_INT..................:         0
  UtilStackSub_A_LeFifoFull_INT..................:         0
  UtilStackSub_A_IiCool_INT......................:         0
  UtilStackSub_A_DstbufFull_INT..................:         0
  UtilStackSub_A_PipeFull_INT....................:         0
  UtilStackSub_D_StaticSrc_INT...................:         0
  UtilStackSub_D_RedTempCount_INT................:         0
  UtilStackSub_D_DynSrcbuf_INT...................:       271
  UtilStackSubO_Reconcile_INT....................:      0.00
  UtilStackSubA_Reconcile_INT....................:      0.00
  UtilStackSubD_Reconcile_INT....................:      0.00
  UtilStackSub_O_DstWriteCfl_FMA.................:         0
  UtilStackSub_O_BankCfl_FMA.....................:        58
  UtilStackSub_O_SharedPort_FMA..................:         0
  UtilStackSub_O_YieldFma_FMA....................:         0
  UtilStackSub_O_LePort_FMA......................:         0
  UtilStackSub_A_RedTempMacro_FMA................:         0
  UtilStackSub_A_LeThrottle_FMA..................:         0
  UtilStackSub_A_LeFifoFull_FMA..................:         0
  UtilStackSub_A_IiCool_FMA......................:         0
  UtilStackSub_A_DstbufFull_FMA..................:         0
  UtilStackSub_A_PipeFull_FMA....................:         0
  UtilStackSub_D_StaticSrc_FMA...................:         0
  UtilStackSub_D_RedTempCount_FMA................:         0
  UtilStackSub_D_DynSrcbuf_FMA...................:         0
  UtilStackSubO_Reconcile_FMA....................:      0.00
  UtilStackSubA_Reconcile_FMA....................:      0.00
  UtilStackSubD_Reconcile_FMA....................:      0.00
  UtilStackSub_O_DstWriteCfl_LNEXP...............:         0
  UtilStackSub_O_BankCfl_LNEXP...................:         4
  UtilStackSub_O_SharedPort_LNEXP................:         0
  UtilStackSub_O_YieldFma_LNEXP..................:         0
  UtilStackSub_O_LePort_LNEXP....................:        18
  UtilStackSub_A_RedTempMacro_LNEXP..............:         0
  UtilStackSub_A_LeThrottle_LNEXP................:      2139
  UtilStackSub_A_LeFifoFull_LNEXP................:        54
  UtilStackSub_A_IiCool_LNEXP....................:         0
  UtilStackSub_A_DstbufFull_LNEXP................:         0
  UtilStackSub_A_PipeFull_LNEXP..................:         0
  UtilStackSub_D_StaticSrc_LNEXP.................:         0
  UtilStackSub_D_RedTempCount_LNEXP..............:         0
  UtilStackSub_D_DynSrcbuf_LNEXP.................:         0
  UtilStackSubO_Reconcile_LNEXP..................:      0.00
  UtilStackSubA_Reconcile_LNEXP..................:      0.00
  UtilStackSubD_Reconcile_LNEXP..................:      0.00
  UtilStackSub_O_DstWriteCfl_SHARED..............:         0
  UtilStackSub_O_BankCfl_SHARED..................:         0
  UtilStackSub_O_SharedPort_SHARED...............:         0
  UtilStackSub_O_YieldFma_SHARED.................:         0
  UtilStackSub_O_LePort_SHARED...................:         0
  UtilStackSub_A_RedTempMacro_SHARED.............:         0
  UtilStackSub_A_LeThrottle_SHARED...............:         0
  UtilStackSub_A_LeFifoFull_SHARED...............:         0
  UtilStackSub_A_IiCool_SHARED...................:         0
  UtilStackSub_A_DstbufFull_SHARED...............:         0
  UtilStackSub_A_PipeFull_SHARED.................:         0
  UtilStackSub_D_StaticSrc_SHARED................:         0
  UtilStackSub_D_RedTempCount_SHARED.............:         0
  UtilStackSub_D_DynSrcbuf_SHARED................:         0
  UtilStackSubO_Reconcile_SHARED.................:      0.00
  UtilStackSubA_Reconcile_SHARED.................:      0.00
  UtilStackSubD_Reconcile_SHARED.................:      0.00
  UtilStackOBlocker_None_INT.....................:         0
  UtilStackOBlocker_FmaRead_INT..................:         0
  UtilStackOBlocker_IntRead_INT..................:         3
  UtilStackOBlocker_LeRead_INT...................:         5
  UtilStackOBlocker_FmaWrite_INT.................:         0
  UtilStackOBlocker_IntWrite_INT.................:         4
  UtilStackOBlocker_CubeRead_INT.................:         0
  UtilStackOBlocker_CubeWrite_INT................:         0
  UtilStackOBlocker_LeWrite_INT..................:         0
  UtilStackOBlocker_Reconcile_INT................:      0.00
  UtilStackOBlocker_None_FMA.....................:         0
  UtilStackOBlocker_FmaRead_FMA..................:         0
  UtilStackOBlocker_IntRead_FMA..................:         0
  UtilStackOBlocker_LeRead_FMA...................:        26
  UtilStackOBlocker_FmaWrite_FMA.................:         0
  UtilStackOBlocker_IntWrite_FMA.................:        32
  UtilStackOBlocker_CubeRead_FMA.................:         0
  UtilStackOBlocker_CubeWrite_FMA................:         0
  UtilStackOBlocker_LeWrite_FMA..................:         0
  UtilStackOBlocker_Reconcile_FMA................:      0.00
  UtilStackOBlocker_None_LNEXP...................:         0
  UtilStackOBlocker_FmaRead_LNEXP................:         0
  UtilStackOBlocker_IntRead_LNEXP................:        19
  UtilStackOBlocker_LeRead_LNEXP.................:         0
  UtilStackOBlocker_FmaWrite_LNEXP...............:         0
  UtilStackOBlocker_IntWrite_LNEXP...............:         3
  UtilStackOBlocker_CubeRead_LNEXP...............:         0
  UtilStackOBlocker_CubeWrite_LNEXP..............:         0
  UtilStackOBlocker_LeWrite_LNEXP................:         0
  UtilStackOBlocker_Reconcile_LNEXP..............:      0.00
  UtilStackOBlocker_None_SHARED..................:         0
  UtilStackOBlocker_FmaRead_SHARED...............:         0
  UtilStackOBlocker_IntRead_SHARED...............:         0
  UtilStackOBlocker_LeRead_SHARED................:         0
  UtilStackOBlocker_FmaWrite_SHARED..............:         0
  UtilStackOBlocker_IntWrite_SHARED..............:         0
  UtilStackOBlocker_CubeRead_SHARED..............:         0
  UtilStackOBlocker_CubeWrite_SHARED.............:         0
  UtilStackOBlocker_LeWrite_SHARED...............:         0
  UtilStackOBlocker_Reconcile_SHARED.............:      0.00
YieldFmaReadCycles...............................:         0
YieldFmaWriteCycles..............................:         0
UtilStackHideRatio...............................:      0.00
UtilStackHideRatioStrict.........................:      0.00
  UtilStackIssueCombo_None.......................:    657982
  UtilStackIssueCombo_INT........................:     38656
  UtilStackIssueCombo_FMA........................:        95
  UtilStackIssueCombo_INT+FMA....................:         1
  UtilStackIssueCombo_LE.........................:      4346
  UtilStackIssueCombo_INT+LE.....................:        38
  UtilStackIssueCombo_FMA+LE.....................:         0
  UtilStackIssueCombo_INT+FMA+LE.................:         0
  UtilStackIssueCombo_SH.........................:         0
  UtilStackIssueCombo_INT+SH.....................:         0
  UtilStackIssueCombo_FMA+SH.....................:         0
  UtilStackIssueCombo_INT+FMA+SH.................:         0
  UtilStackIssueCombo_LE+SH......................:         0
  UtilStackIssueCombo_INT+LE+SH..................:         0
  UtilStackIssueCombo_FMA+LE+SH..................:         0
  UtilStackIssueCombo_INT+FMA+LE+SH..............:         0
  UtilStackIssueCombo_Reconcile..................:      0.00
  UtilStackIssueEvent_Reconcile..................:      0.00
UtilStackMultiIssueProb..........................:      0.00
UtilStackAvgIssueRate............................:      0.06
UtilStackIssueWidthUtil..........................:      0.02
====================Vector PMU Stats PE3====================
PEId.............................................:         3
TileopNum........................................:     26404
TCMPPackedTileNum................................:        32
TCMPFragmentExpected.............................:        32
TCMPFragmentCompleted............................:        32
TCMPFragmentCanceled.............................:         0
TCMPPackedCellWrites.............................:        32
TCMPPackWriteWaitCycles..........................:        32
TCMPFlushedTileNum...............................:         0
UopNum...........................................:     43175
SplitCellCountMismatch...........................:         0
SplitPartialCellUopCount.........................:         0
SplitUopAvgPayloadBytes..........................:       N/A
UopQDispatch_INT.................................:        96
UopQReadyBypass_INT..............................:         0
UopQDispatchSrcBufFullCycles_INT.................:         0
UopQDispatchSrcBufFullBlockedCycles_INT..........:         0
VecSrcCellNotReadyCycles_INT.....................:     16735
SharedReadPortWaitCycles_INT.....................:         0
UopQDispatch_FMA.................................:         0
UopQReadyBypass_FMA..............................:         0
UopQDispatchSrcBufFullCycles_FMA.................:         0
UopQDispatchSrcBufFullBlockedCycles_FMA..........:         0
VecSrcCellNotReadyCycles_FMA.....................:        87
SharedReadPortWaitCycles_FMA.....................:         0
UopQDispatch_LNEXP...............................:         0
UopQReadyBypass_LNEXP............................:         0
UopQDispatchSrcBufFullCycles_LNEXP...............:         0
UopQDispatchSrcBufFullBlockedCycles_LNEXP........:         0
VecSrcCellNotReadyCycles_LNEXP...................:       332
SharedReadPortWaitCycles_LNEXP...................:         0
CellReadMergedUops...............................:         0
StaticUopsIssued.................................:     43079
StaticBoardBlockCycles...........................:         1
StaticWritebacks.................................:     43079
EarlyWakeupFired.................................:     22052
StaticDynPipeBlockCycles.........................:       416
DynStaticChainBlockCycles........................:      1007
ExpandTagHits_INT................................:         0
ExpandTagMisses_INT..............................:         0
ExpandBankFills_INT..............................:         0
ExpandTempFills_INT..............................:         0
ExpandEvicts_INT.................................:         0
ExpandTagHits_FMA................................:         0
ExpandTagMisses_FMA..............................:         0
ExpandBankFills_FMA..............................:         0
ExpandTempFills_FMA..............................:         0
ExpandEvicts_FMA.................................:         0
ExpandTagHits_LNEXP..............................:         0
ExpandTagMisses_LNEXP............................:         0
ExpandBankFills_LNEXP............................:         0
ExpandTempFills_LNEXP............................:         0
ExpandEvicts_LNEXP...............................:         0
ExpandFillDrops..................................:         0
ExpandReadStaleFallbacks cls0....................:         0
ExpandReadStaleFallbacks cls1....................:         0
ExpandReadStaleFallbacks cls2....................:         0
LeSharedPortBlockCycles..........................:         0
LeSrc1CarrySkips.................................:         0
=======Static Path Bank Access / Conflict Attribution=======
  StaticBankReads Bank[0]........................:      4991
  StaticBankReads Bank[1]........................:       381
  StaticBankReads Bank[2]........................:      1680
  StaticBankReads Bank[3]........................:       340
  StaticBankReads Bank[4]........................:       611
  StaticBankReads Bank[5]........................:       208
  StaticBankReads Bank[6]........................:      1935
  StaticBankReads Bank[7]........................:       181
  StaticDetectReadBlocks Bank[0].................:        14
  StaticDetectReadBlocks Bank[1].................:         6
  StaticDetectReadBlocks Bank[2].................:         8
  StaticDetectReadBlocks Bank[3].................:        10
  StaticDetectReadBlocks Bank[4].................:        10
  StaticDetectReadBlocks Bank[5].................:        11
  StaticDetectReadBlocks Bank[6].................:        11
  StaticDetectReadBlocks Bank[7].................:         6
  StaticDetectWriteBlocks Bank[0]................:         0
  StaticDetectWriteBlocks Bank[1]................:         0
  StaticDetectWriteBlocks Bank[2]................:         0
  StaticDetectWriteBlocks Bank[3]................:         0
  StaticDetectWriteBlocks Bank[4]................:         0
  StaticDetectWriteBlocks Bank[5]................:         0
  StaticDetectWriteBlocks Bank[6]................:         0
  StaticDetectWriteBlocks Bank[7]................:         0
  StaticIntYieldBlocks Bank[0]...................:         0
  StaticIntYieldBlocks Bank[1]...................:         0
  StaticIntYieldBlocks Bank[2]...................:         0
  StaticIntYieldBlocks Bank[3]...................:         0
  StaticIntYieldBlocks Bank[4]...................:         0
  StaticIntYieldBlocks Bank[5]...................:         0
  StaticIntYieldBlocks Bank[6]...................:         0
  StaticIntYieldBlocks Bank[7]...................:         0
  StaticBoardOccSum Bank[0]......................:     70141
  StaticBoardOccSum Bank[1]......................:     97010
  StaticBoardOccSum Bank[2]......................:     59397
  StaticBoardOccSum Bank[3]......................:     54215
  StaticBoardOccSum Bank[4]......................:     54001
  StaticBoardOccSum Bank[5]......................:     56250
  StaticBoardOccSum Bank[6]......................:     61563
  StaticBoardOccSum Bank[7]......................:     52396
  StaticBoardOccColSum Col[0]....................:     49022
  StaticBoardOccColSum Col[1]....................:     49022
  StaticBoardOccColSum Col[2]....................:     49022
  StaticBoardOccColSum Col[3]....................:     43704
  StaticBoardOccColSum Col[4]....................:     43338
  StaticBoardOccColSum Col[5]....................:     38695
  StaticBoardOccColSum Col[6]....................:     38695
  StaticBoardOccColSum Col[7]....................:     38695
  StaticBoardOccColSum Col[8]....................:     38695
  StaticBoardOccColSum Col[9]....................:     38695
  StaticBoardOccColSum Col[10]...................:     38695
  StaticBoardOccColSum Col[11]...................:     38695
  StaticBoardOccColSum Col[12]...................:         0
  StaticBoardOccColSum Col[13]...................:         0
  StaticBoardOccColSum Col[14]...................:         0
  StaticBoardOccColSum Col[15]...................:         0
VecAluAcceptCycles_FMA...........................:        96
VecAluAcceptCycles_INT...........................:     38695
VecAluAcceptCycles_LNEXP.........................:      4384
VecTripleIssueCycles.............................:         0
VecDualIssueCycles...............................:        47
VecSingleIssueCycles.............................:     43081
VecIdleIssueCycles...............................:    657990
CellReadMergeSaved...............................:         0
SrcBufBypassIssue................................:         0
SplitRawGateBlocked..............................:         0
SplitNoFreeSlotCycles............................:         0
IPC(UOP).........................................:  0.061580
RowExpandTileNum.................................:         0
RowReduceTileNum.................................:      4384
RowReduceLayerNum................................:         0
RowReduceUopSplit................................:      4384
RowReduceUopDone.................................:      4384
RowReduceRootWriteNum............................:      4384
RowReduceFlushedTileNum..........................:         0
RowReduceEntryUnavailableCycles..................:         0
RowReduceSplitBandwidthWaitTileCycles............:         0
RowReduceSrcBufFullTileCycles....................:         0
RowReduceLayerWaitTileCycles.....................:         0
RowReduceLayerPublishWaitTileCycles..............:         0
RowReduceReadPortWaitUopCycles...................:         0
RowReduceSourceResponseWaitUopCycles.............:         0
RowReduceIssueIntervalWaitUopCycles..............:         0
RowReduceSameGroupWaitUopCycles..................:         0
RowReduceExecPipeFullUopCycles...................:         0
RowReduceRootDstBufWaitTileCycles................:         0
RowReduceRootWritePortWaitCycles.................:         0
RowReduceRootWriteResponseWaitCycles.............:         0
RowReduceSrcNotReadyCycles.......................:        44
RowReduceTEMPForwardHits.........................:       380
RowReduceCellFallbackReads.......................:      4132
RedTempMacroNum..................................:         0
HybridCountGatedTiles............................:         0
ReadNum..........................................:        32
CellReadAccessTotal..............................:     10391
CellReadAccess_INT...............................:      5934
CellReadAccess_FMA...............................:        87
CellReadAccess_LNEXP.............................:      4370
ReadLat..........................................:      5.19
  |--LatLE5......................................:        26
  |--LatLE10.....................................:         6
  |--LatLE15.....................................:         0
  |--LatGT15.....................................:         0
WriteNum.........................................:      4480
CellWriteAccessTotal.............................:     43175
CellWriteAccess_INT..............................:     38695
CellWriteAccess_FMA..............................:        96
CellWriteAccess_LNEXP............................:      4384
TempForwardHits_INT..............................:     32952
TempForwardHits_FMA..............................:         9
TempForwardHits_LNEXP............................:        14
TempForwardMisses_INT............................:      5870
TempForwardMisses_FMA............................:        87
TempForwardMisses_LNEXP..........................:      4370
ExpandTagHits_INT................................:         0
ExpandTagHits_FMA................................:         0
ExpandTagHits_LNEXP..............................:         0
ExpandTagMisses_INT..............................:         0
ExpandTagMisses_FMA..............................:         0
ExpandTagMisses_LNEXP............................:         0
ExpandBankFills_INT..............................:         0
ExpandBankFills_FMA..............................:         0
ExpandBankFills_LNEXP............................:         0
ExpandTempFills_INT..............................:         0
ExpandTempFills_FMA..............................:         0
ExpandTempFills_LNEXP............................:         0
ExpandEvicts_INT.................................:         0
ExpandEvicts_FMA.................................:         0
ExpandEvicts_LNEXP...............................:         0
LeSharedPortBlockCycles..........................:         0
WriteLat.........................................:      1.00
  |--LatLE5......................................:      4480
  |--LatLE10.....................................:         0
  |--LatLE15.....................................:         0
  |--LatGT15.....................................:         0
AccountExpCellReads_INT..........................:     38886
AccountExpCellReads_FMA..........................:        96
AccountExpCellReads_LNEXP........................:      4384
AccountExpRedTempReads...........................:         0
AccountRedTempReads..............................:         0
AccountExpCellWrites_INT.........................:     38695
AccountExpCellWrites_FMA.........................:        96
AccountExpCellWrites_LNEXP.......................:      4384
AccountExpRedTempWrites..........................:         0
AccountExpReadsTotal.............................:     43366
AccountActReadsTotal.............................:     43366
AccountReadDelta.................................:      0.00
AccountExpWritesTotal............................:     43175
AccountActWritesTotal............................:     43175
AccountWriteDelta................................:      0.00
========================VecUtilStack========================
UtilStackW_INT...................................:     38695
UtilStackO_INT...................................:        18
UtilStackA_INT...................................:         0
UtilStackD_INT...................................:       282
UtilStackI_INT...................................:      1214
UtilStackS_INT...................................:    660909
UtilStackUnaccounted_INT.........................:         0
UtilStackW_FMA...................................:        96
UtilStackO_FMA...................................:        57
UtilStackA_FMA...................................:         0
UtilStackD_FMA...................................:         0
UtilStackI_FMA...................................:         0
UtilStackS_FMA...................................:    700965
UtilStackUnaccounted_FMA.........................:         0
UtilStackW_LNEXP.................................:      4384
UtilStackO_LNEXP.................................:        24
UtilStackA_LNEXP.................................:      2373
UtilStackD_LNEXP.................................:         0
UtilStackI_LNEXP.................................:         0
UtilStackS_LNEXP.................................:    694337
UtilStackUnaccounted_LNEXP.......................:         0
UtilStackW_SHARED................................:         0
UtilStackO_SHARED................................:         0
UtilStackA_SHARED................................:         0
UtilStackD_SHARED................................:         0
UtilStackI_SHARED................................:         0
UtilStackS_SHARED................................:    701118
UtilStackUnaccounted_SHARED......................:         0
UtilStackCycles..................................:    701118
UtilStackVecBusy.................................:    251029
UtilStackVecExposed..............................:    251029
  UtilStackSub_O_DstWriteCfl_INT.................:         0
  UtilStackSub_O_BankCfl_INT.....................:        17
  UtilStackSub_O_SharedPort_INT..................:         0
  UtilStackSub_O_YieldFma_INT....................:         1
  UtilStackSub_O_LePort_INT......................:         0
  UtilStackSub_A_RedTempMacro_INT................:         0
  UtilStackSub_A_LeThrottle_INT..................:         0
  UtilStackSub_A_LeFifoFull_INT..................:         0
  UtilStackSub_A_IiCool_INT......................:         0
  UtilStackSub_A_DstbufFull_INT..................:         0
  UtilStackSub_A_PipeFull_INT....................:         0
  UtilStackSub_D_StaticSrc_INT...................:         0
  UtilStackSub_D_RedTempCount_INT................:         0
  UtilStackSub_D_DynSrcbuf_INT...................:       282
  UtilStackSubO_Reconcile_INT....................:      0.00
  UtilStackSubA_Reconcile_INT....................:      0.00
  UtilStackSubD_Reconcile_INT....................:      0.00
  UtilStackSub_O_DstWriteCfl_FMA.................:         0
  UtilStackSub_O_BankCfl_FMA.....................:        57
  UtilStackSub_O_SharedPort_FMA..................:         0
  UtilStackSub_O_YieldFma_FMA....................:         0
  UtilStackSub_O_LePort_FMA......................:         0
  UtilStackSub_A_RedTempMacro_FMA................:         0
  UtilStackSub_A_LeThrottle_FMA..................:         0
  UtilStackSub_A_LeFifoFull_FMA..................:         0
  UtilStackSub_A_IiCool_FMA......................:         0
  UtilStackSub_A_DstbufFull_FMA..................:         0
  UtilStackSub_A_PipeFull_FMA....................:         0
  UtilStackSub_D_StaticSrc_FMA...................:         0
  UtilStackSub_D_RedTempCount_FMA................:         0
  UtilStackSub_D_DynSrcbuf_FMA...................:         0
  UtilStackSubO_Reconcile_FMA....................:      0.00
  UtilStackSubA_Reconcile_FMA....................:      0.00
  UtilStackSubD_Reconcile_FMA....................:      0.00
  UtilStackSub_O_DstWriteCfl_LNEXP...............:         0
  UtilStackSub_O_BankCfl_LNEXP...................:         7
  UtilStackSub_O_SharedPort_LNEXP................:         0
  UtilStackSub_O_YieldFma_LNEXP..................:         0
  UtilStackSub_O_LePort_LNEXP....................:        17
  UtilStackSub_A_RedTempMacro_LNEXP..............:         0
  UtilStackSub_A_LeThrottle_LNEXP................:      2323
  UtilStackSub_A_LeFifoFull_LNEXP................:        50
  UtilStackSub_A_IiCool_LNEXP....................:         0
  UtilStackSub_A_DstbufFull_LNEXP................:         0
  UtilStackSub_A_PipeFull_LNEXP..................:         0
  UtilStackSub_D_StaticSrc_LNEXP.................:         0
  UtilStackSub_D_RedTempCount_LNEXP..............:         0
  UtilStackSub_D_DynSrcbuf_LNEXP.................:         0
  UtilStackSubO_Reconcile_LNEXP..................:      0.00
  UtilStackSubA_Reconcile_LNEXP..................:      0.00
  UtilStackSubD_Reconcile_LNEXP..................:      0.00
  UtilStackSub_O_DstWriteCfl_SHARED..............:         0
  UtilStackSub_O_BankCfl_SHARED..................:         0
  UtilStackSub_O_SharedPort_SHARED...............:         0
  UtilStackSub_O_YieldFma_SHARED.................:         0
  UtilStackSub_O_LePort_SHARED...................:         0
  UtilStackSub_A_RedTempMacro_SHARED.............:         0
  UtilStackSub_A_LeThrottle_SHARED...............:         0
  UtilStackSub_A_LeFifoFull_SHARED...............:         0
  UtilStackSub_A_IiCool_SHARED...................:         0
  UtilStackSub_A_DstbufFull_SHARED...............:         0
  UtilStackSub_A_PipeFull_SHARED.................:         0
  UtilStackSub_D_StaticSrc_SHARED................:         0
  UtilStackSub_D_RedTempCount_SHARED.............:         0
  UtilStackSub_D_DynSrcbuf_SHARED................:         0
  UtilStackSubO_Reconcile_SHARED.................:      0.00
  UtilStackSubA_Reconcile_SHARED.................:      0.00
  UtilStackSubD_Reconcile_SHARED.................:      0.00
  UtilStackOBlocker_None_INT.....................:         0
  UtilStackOBlocker_FmaRead_INT..................:         0
  UtilStackOBlocker_IntRead_INT..................:         6
  UtilStackOBlocker_LeRead_INT...................:         3
  UtilStackOBlocker_FmaWrite_INT.................:         1
  UtilStackOBlocker_IntWrite_INT.................:         8
  UtilStackOBlocker_CubeRead_INT.................:         0
  UtilStackOBlocker_CubeWrite_INT................:         0
  UtilStackOBlocker_LeWrite_INT..................:         0
  UtilStackOBlocker_Reconcile_INT................:      0.00
  UtilStackOBlocker_None_FMA.....................:         0
  UtilStackOBlocker_FmaRead_FMA..................:         0
  UtilStackOBlocker_IntRead_FMA..................:         0
  UtilStackOBlocker_LeRead_FMA...................:        26
  UtilStackOBlocker_FmaWrite_FMA.................:         0
  UtilStackOBlocker_IntWrite_FMA.................:        31
  UtilStackOBlocker_CubeRead_FMA.................:         0
  UtilStackOBlocker_CubeWrite_FMA................:         0
  UtilStackOBlocker_LeWrite_FMA..................:         0
  UtilStackOBlocker_Reconcile_FMA................:      0.00
  UtilStackOBlocker_None_LNEXP...................:         0
  UtilStackOBlocker_FmaRead_LNEXP................:         0
  UtilStackOBlocker_IntRead_LNEXP................:        18
  UtilStackOBlocker_LeRead_LNEXP.................:         0
  UtilStackOBlocker_FmaWrite_LNEXP...............:         0
  UtilStackOBlocker_IntWrite_LNEXP...............:         6
  UtilStackOBlocker_CubeRead_LNEXP...............:         0
  UtilStackOBlocker_CubeWrite_LNEXP..............:         0
  UtilStackOBlocker_LeWrite_LNEXP................:         0
  UtilStackOBlocker_Reconcile_LNEXP..............:      0.00
  UtilStackOBlocker_None_SHARED..................:         0
  UtilStackOBlocker_FmaRead_SHARED...............:         0
  UtilStackOBlocker_IntRead_SHARED...............:         0
  UtilStackOBlocker_LeRead_SHARED................:         0
  UtilStackOBlocker_FmaWrite_SHARED..............:         0
  UtilStackOBlocker_IntWrite_SHARED..............:         0
  UtilStackOBlocker_CubeRead_SHARED..............:         0
  UtilStackOBlocker_CubeWrite_SHARED.............:         0
  UtilStackOBlocker_LeWrite_SHARED...............:         0
  UtilStackOBlocker_Reconcile_SHARED.............:      0.00
YieldFmaReadCycles...............................:         0
YieldFmaWriteCycles..............................:         1
UtilStackHideRatio...............................:      0.00
UtilStackHideRatioStrict.........................:      0.00
  UtilStackIssueCombo_None.......................:    657990
  UtilStackIssueCombo_INT........................:     38648
  UtilStackIssueCombo_FMA........................:        92
  UtilStackIssueCombo_INT+FMA....................:         4
  UtilStackIssueCombo_LE.........................:      4341
  UtilStackIssueCombo_INT+LE.....................:        43
  UtilStackIssueCombo_FMA+LE.....................:         0
  UtilStackIssueCombo_INT+FMA+LE.................:         0
  UtilStackIssueCombo_SH.........................:         0
  UtilStackIssueCombo_INT+SH.....................:         0
  UtilStackIssueCombo_FMA+SH.....................:         0
  UtilStackIssueCombo_INT+FMA+SH.................:         0
  UtilStackIssueCombo_LE+SH......................:         0
  UtilStackIssueCombo_INT+LE+SH..................:         0
  UtilStackIssueCombo_FMA+LE+SH..................:         0
  UtilStackIssueCombo_INT+FMA+LE+SH..............:         0
  UtilStackIssueCombo_Reconcile..................:      0.00
  UtilStackIssueEvent_Reconcile..................:      0.00
UtilStackMultiIssueProb..........................:      0.00
UtilStackAvgIssueRate............................:      0.06
UtilStackIssueWidthUtil..........................:      0.02
===============CellReg Bank Arbitration Stats===============
Bank Active Cycles (>=1 pending).................:     42153
  |--Bank Conflict Cycles (>=2 pending)..........:        28    0.07%
  |--Bank Urgent(aged) Cycles....................:         0
Bank Grants (winners) Total......................:     42044
Bank Lose (non-winner waits) Total...............:       137
Bank Port-Yield (no free channel) Total..........:       109
Total Served Read Bytes..........................:   2578944
Total Served Write Bytes.........................:    392192
  |--RQ_CUBE Win.................................:         0
  |--RQ_CUBE Lose................................:         0     N/A
  |--RQ_CUBE PortYield...........................:         0
  |--RQ_CUBE Served Bytes........................:         0
  |--RQ_VEC Win..................................:      1280
  |--RQ_VEC Lose.................................:         5    0.39%
  |--RQ_VEC PortYield............................:         0
  |--RQ_VEC Served Bytes.........................:    163840
  |--RQ_TLSU Win.................................:     19652
  |--RQ_TLSU Lose................................:        29    0.15%
  |--RQ_TLSU PortYield...........................:        15
  |--RQ_TLSU Served Bytes........................:   2415104
  |--WQ_CUBE Win.................................:         0
  |--WQ_CUBE Lose................................:         0     N/A
  |--WQ_CUBE PortYield...........................:         0
  |--WQ_CUBE Served Bytes........................:         0
  |--WQ_VEC Win..................................:       928
  |--WQ_VEC Lose.................................:         0    0.00%
  |--WQ_VEC PortYield............................:         0
  |--WQ_VEC Served Bytes.........................:    118784
  |--WQ_VEC_LNEXP Win............................:     18048
  |--WQ_VEC_LNEXP Lose...........................:        14    0.08%
  |--WQ_VEC_LNEXP PortYield......................:         5
  |--WQ_VEC_LNEXP Served Bytes...................:   2310144
  |--WQ_TLSU Win.................................:      2136
  |--WQ_TLSU Lose................................:        89    4.00%
  |--WQ_TLSU PortYield...........................:        89
  |--WQ_TLSU Served Bytes........................:    273408
==============CellReg CUBE Bank-Group Backlog===============
WQ_CUBE active cycles............................:         0
  |--WQ_CUBE cross-group cycles..................:         0     N/A
RQ_CUBE active cycles............................:         0
  |--RQ_CUBE cross-group cycles..................:         0     N/A
CUBE Rd+Wr concurrent cycles.....................:         0
  |--Rd/Wr different-group cycles................:         0     N/A
  |--Wr-starved-by-Rd cycles (each owns a group).:         0     N/A
Direct OOR access dropped (pool end).............:         0
===========CellReg Per-Bank Conflict Distribution===========
  Bank[0] conflict cycles........................:         2    7.14%
  Bank[1] conflict cycles........................:         4   14.29%
  Bank[2] conflict cycles........................:         4   14.29%
  Bank[3] conflict cycles........................:         8   28.57%
  Bank[4] conflict cycles........................:         3   10.71%
  Bank[5] conflict cycles........................:         0    0.00%
  Bank[6] conflict cycles........................:         4   14.29%
  Bank[7] conflict cycles........................:         3   10.71%
==================SuperScalar Report Stop===================
======================Syscall Barrier=======================
sb_requested.....................................:         4
sb_executed......................................:         1
sb_canceled......................................:         3
sb_stashed.......................................:         0
sb_stash_overflow................................:         0
sb_pending.......................................:         0
sb_phase_idle....................................:    700956
sb_phase_pre_commit..............................:        18
sb_phase_quiet_wait..............................:         0
sb_phase_gate_all................................:         1
sb_phase_draining................................:        73
sb_phase_executing...............................:         1
syscall_owner_precommit_wait.....................:        18
syscall_worker_quiet_wait........................:         0
syscall_worker_quiet_cycles_total................:         0
syscall_worker_quiet_cycles_max..................:         0
syscall_commit_wait..............................:         0
syscall_l1_scb_drain_wait........................:        72
syscall_sl2_drain_wait...........................:         0
drain_wait.......................................:        72
syscall_drain_progress_timeout...................:         0
sb_T_complete....................................:      9998
sb_T_deadlock_effective..........................:      9999
sb_last_progress_cycle...........................:    701117
sb_lockstep_enabled..............................:         1
sb_lockstep_registered...........................:         4
sb_lockstep_blocks...............................:         1
sb_lockstep_executes.............................:         1
sb_lockstep_withdraw_startup.....................:         0
sb_lockstep_withdraw_flush.......................:         0
sb_lockstep_overflow.............................:         0
sb_lockstep_and_timeout..........................:         0
sb_lockstep_hold_cycles..........................:       431
sb_lockstep_exit_parks...........................:         4
syscall_post_ecall_issue_rejects.................:     12525
syscall_bstop_admission_rejects..................:         0
sb_lockstep_held_now.............................:         0
sb_lockstep_ready_hist_0.........................:         0
sb_lockstep_ready_hist_1.........................:         0
sb_lockstep_ready_hist_2.........................:         0
sb_lockstep_ready_hist_3.........................:         0
sb_lockstep_ready_hist_4.........................:         1
