./bin/gfsim --conf fourpe --pto-v02 true -s tlsu.fake_l2_enable=false --test-finisher true -f /mnt/workspace/projects/0931_SuperNPUBench/SuperNPUBench/benchmark/one-level-arch/output/solution/moe_dispatch/elf/solution_moe_dispatch_moe_dispatch_mt_dyn.elf 
[gfsim] explicit PE config present; skipping ELF auto-detection
Parse Config File:
Parse Config File:
Parse Config File:
Parse Config File:
Parse Config File:
Parse Config File:
Parse Config File:
Parse Config File:
Parse Config File:
Parse Config File:
Parse Config File:
Parse Config File:
Parse Config File:
Parse Config File:
Parse Config File:
Parse Config File:
Parse Config File:
Parse Config File:
Parse Config File:
Parse Config File:
Parse Config File:
Parse Config File:
Parse Config File:
Parse Config File:
Parse Config File:
Parse Config File:
Parse Config File:
Parse Config File:
Parse Config File:
Parse Config File:
Parse Config File:
Parse Config File:
Parse Config File:
Parse Config File:
Parse Config File:
Parse Config File:
Parse Config File:
Parse Config File:
Parse Config File:
Parse Config File:
Parse Config File:
Parse Config File:
Parse Config File:
Parse Config File:
Parse Config File:
Parse Config File:
Parse Config File:
Parse Config File:
Parse Config File:
Parse Config File:
Parse Config File:
Parse Config File:
Parse Config File:
Parse Config File:
Parse Config File:
Parse Config File:
Parse Config File:
Parse Config File:
Parse Config File:
Parse Config File:
Parse Config File:
Parse Config File:
Parse Config File:
Parse Config File:
Parse Config File:
Parse Config File:
Parse Config File:
Parse Config File:
Parse Config File:
Override configurations:
tlsu.fake_l2_enable=false
core.threadCount=4
core.stdPeCount=1
core.cube_core_num=4
core.cube_thread_num=1
core.vec_core_num=4
fourpe.pe_cluster_enable=true
fourpe.pe_cluster_count=4
fourpe.pe_cluster_frontend_thread_count=4
fourpe.pe_cluster_aggregate_decode_width=8
fourpe.pe_cluster_gpr_rename_partition_entries=128
fourpe.pe_cluster_scalar_rob_partition_entries=128
fourpe.pe_cluster_scalar_iq_partition_entries=128
fourpe.pe_cluster_block_rob_partition_entries=256
fourpe.pe_cluster_block_iq_partition_entries=88
fourpe.pe_cluster_local_reg_partition_entries=88
bfu.brq_depth=1024
fourpe.pe_cluster_partition_borrow_enable=false
fourpe.pe_cluster_eligible_rr_fairness_check=true
fourpe.pe_cluster_group_contract_fatal=false
dfx.swimCounterSampleInterval=8
Memory: 0x10200 - 0x1029f (Size=0KB) [.rodata]
Memory: 0x102a0 - 0x102cb (Size=0KB) [.eh_frame_hdr]
Memory: 0x102d0 - 0x1038b (Size=0KB) [.eh_frame]
Memory: 0x1138c - 0x1291b (Size=5KB) [.text]
Memory: 0x13920 - 0x1398f (Size=0KB) [.init_array]
Memory: 0x13990 - 0x139a7 (Size=0KB) [.data.rel.ro]
Memory: 0x15000 - 0x2fed7 (Size=107KB) [.bss]
Memory: 0x2fed8 - 0x2ff47 (Size=0KB) [.sbss]
Memory: 0x2ff50 - 0x803ff50 (Size=131136KB) [stack mem]
Memory: 0x4000802000 - 0x4008803000 (Size=131076KB) [map mem]
[C:13846  ][TMA.NA    ]: nuke_pair_diag ld_stid=0 ld_bid=158/w0 ld_rid=126 st_stid=0 st_bid=157/w0 st_rid=122
[C:14712  ][TMA.NA    ]: nuke_pair_diag ld_stid=2 ld_bid=245/w0 ld_rid=101 st_stid=2 st_bid=242/w0 st_rid=87
[C:15011  ][TMA.NA    ]: nuke_pair_diag ld_stid=0 ld_bid=233/w0 ld_rid=61 st_stid=0 st_bid=232/w0 st_rid=57
[C:17605  ][TMA.NA    ]: nuke_pair_diag ld_stid=0 ld_bid=98/w0 ld_rid=24 st_stid=0 st_bid=97/w0 st_rid=20
[C:19297  ][TMA.NA    ]: nuke_pair_diag ld_stid=0 ld_bid=166/w0 ld_rid=74 st_stid=0 st_bid=165/w0 st_rid=70
[C:31253  ][TMA.NA    ]: nuke_pair_diag ld_stid=0 ld_bid=160/w0 ld_rid=21 st_stid=0 st_bid=159/w0 st_rid=17
[C:32182  ][TMA.NA    ]: nuke_pair_diag ld_stid=0 ld_bid=247/w0 ld_rid=24 st_stid=0 st_bid=246/w0 st_rid=20
[C:32571  ][TMA.NA    ]: nuke_pair_diag ld_stid=0 ld_bid=26/w1 ld_rid=43 st_stid=0 st_bid=25/w1 st_rid=39
[C:34738  ][TMA.NA    ]: nuke_pair_diag ld_stid=0 ld_bid=71/w0 ld_rid=47 st_stid=0 st_bid=70/w0 st_rid=43
[C:36541  ][TMA.NA    ]: nuke_pair_diag ld_stid=0 ld_bid=84/w0 ld_rid=122 st_stid=0 st_bid=83/w0 st_rid=118
Simulation time: 20s 
+-------------------------+--------------+
| Block Control Config Name | Value        |
+-------------------------+--------------+
| inst_decode_bw          | 4            |
| block_rob_depth         | 256          |
| BISQ:cube_isq_depth     | 32           |
| BISQ:vector_isq_depth   | 32           |
+-------------------------+--------------+
+-------------------+--------------+
| CUBE Config Name  | Value        |
+-------------------+--------------+
| uop_isq_depth     | 32           |
| tcvt_isq_depth    | 16           |
| L0A_size          | 16           |
| L0B_size          | 16           |
| L0C_size          | 16           |
+-------------------+--------------+
===================SuperScalar NPU Stats====================
Total Cycles.....................................:     36798
================SuperScalar Unified Top-Down================
Retiring.........................................:     44.83%
Bad Speculation..................................:      0.17%
Frontend Bound...................................:      0.13%
CMD Bound........................................:      0.49%
Backend Bound....................................:     54.38%
=============Top-Down Normalization Diagnostics=============
Bad Speculation Clipped Slots....................:         0
Frontend Bound Clipped Slots.....................:         0
  |-- LD Retiring................................:      3.87%
  |-- ST Retiring................................:      3.12%
  |-- BR Retiring................................:      0.00%
  |-- ALU Retiring...............................:     37.84%
  |-- Other Retiring.............................:      0.00%
  |-- Misprediction..............................:      0.17%
  |-- Machine Clear..............................:      0.00%
  |-- Fetch Latency..............................:      0.13%
  |-- Fetch Bandwidth............................:      0.00%
    |-- Branch Resteering........................:      0.13%
    |-- ITLB/BTLB miss...........................:      0.00%
    |-- BHC miss penalty.........................:      0.00%
    |-- Other fetch lat..........................:      0.00%
    |-- Decode Stall.............................:      0.00%
    |-- Rename Stall.............................:      0.00%
    |-- BROB Stall...............................:      0.00%
    |-- SYS Block Stall..........................:      0.00%
  |-- CMD queue backpressure.....................:      0.49%
    |-- Operand not ready........................:      0.49%
    |-- BIQ capacity full........................:      0.00%
      |-- CUBE BIQ full..........................:      0.00%
      |-- VECTOR BIQ full........................:      0.00%
      |-- TLSU BIQ full..........................:      0.00%
      |-- GROUP/SHU BIQ full.....................:      0.00%
      |-- Other BIQ full.........................:      0.00%
    |-- TileReg capacity full....................:      0.00%
    |-- GPR LPV/no-cancel gate...................:      0.00%
    |-- Other CMD queue block....................:      0.00%
  |-- CMDPipe tile backpressure..................:      0.00%
    |-- TileReg resource unavailable.............:      0.00%
    |-- Other CMDPipe stall......................:      0.00%
  |-- Other CMD control..........................:      0.00%
  |-- Memory Bound...............................:      0.00%
  |-- Core Bound.................................:     54.38%
    |-- L1 Bound.................................:      0.00%
    |-- L2 Bound.................................:      0.00%
    |-- L3/DRAM Bound............................:      0.00%
    |-- Store Bound..............................:      0.00%
    |-- Scalar ALU...............................:     16.60%
    |-- Cube.....................................:      0.00%
    |-- Vector...................................:      5.95%
    |-- TLSU Tload...............................:     16.09%
    |-- TLSU Tstore..............................:     15.73%
    |-- TLSU TMOV................................:      0.00%
    |-- Idle.....................................:      0.00%
    |-- Other Core...............................:      0.00%
      |-- Simple ALU pipe full...................:      0.00%
      |-- Complex INT busy.......................:      8.20%
      |-- Branch port busy.......................:     10.86%
===============Top-Down Boundary Attribution================
IFU-OEX boundary observations (slots)............:    147192
  |-- Frontend supply bubble (F5)................:      4.69%
  |-- Backend backpressure (F5)..................:      0.00%
  |-- Delivered to OEX (F5)......................:     95.31%
CMD queue/Pipe boundary observations (cycles)....:     36798
  |-- CMD queue supply bubble....................:     82.88%
  |-- CMD queue backpressure.....................:      0.49%
  |-- CMD blocked union cycles...................:       179
  |-- CMD issued slots...........................:     12472
  |-- CMD IQ TileOp issue count..................:      1843
  |-- CMD IQ non-empty cycles....................:      6301
  |-- CMD IQ TileOp issue rate (tileops/cycle)...:0.29249326
  |-- CMDPipe tile backpressure events...........:         0
=======Core-Cycles Oldest-Block Top-Down (diagnostic)=======
Core cycles......................................:     36798
L1 Retiring......................................:      0.01%
L1 Recovery......................................:      0.02%
L1 Frontend Bound................................:     71.49%
L1 CMD Bound.....................................:      3.33%
L1 Backend Bound.................................:     25.00%
L1 Idle/Other....................................:      0.13%
  |-- L2 Memory Bound............................:      0.00%
  |-- L2 Group Sync Bound........................:      0.00%
  |-- L2 Core Bound..............................:     25.00%
    |-- L3 Cube..................................:      0.00%
    |-- L3 Vector................................:      2.21%
    |-- L3 TLSU..................................:     22.80%
    |-- L3 Scalar ALU............................:      0.00%
      |-- L4 Cube execution/queue owner..........:      0.00%
      |-- L4 Vector execution owner..............:      2.21%
      |-- L4 TLSU Tload owner....................:      1.77%
      |-- L4 TLSU Tstore owner...................:     21.03%
      |-- L4 Scalar ALU owner....................:      0.00%
Core-cycle attribution sum.......................:     36798
STID0 oldest observations........................:     36798
STID1 oldest observations........................:     36798
STID2 oldest observations........................:     36798
STID3 oldest observations........................:     36798
  |-- RETIRING representative STID...............:         0
  |-- RETIRING representative BID................:        46
  |-- RETIRING participant mask..................:        15
  |-- FRONTEND_BOUND representative STID.........:         0
  |-- FRONTEND_BOUND representative BID..........:         0
  |-- FRONTEND_BOUND participant mask............:        15
  |-- CMD_BOUND representative STID..............:         0
  |-- CMD_BOUND representative BID...............:        26
  |-- CMD_BOUND participant mask.................:         1
  |-- TLSU_TLOAD representative STID.............:         0
  |-- TLSU_TLOAD representative BID..............:        14
  |-- TLSU_TLOAD participant mask................:        15
  |-- TLSU_TSTORE representative STID............:         2
  |-- TLSU_TSTORE representative BID.............:         0
  |-- TLSU_TSTORE participant mask...............:        15
  |-- VECTOR representative STID.................:         0
  |-- VECTOR representative BID..................:         0
  |-- VECTOR participant mask....................:        15
  |-- FLUSH_RECOVERY representative STID.........:         0
  |-- FLUSH_RECOVERY representative BID..........:        26
  |-- FLUSH_RECOVERY participant mask............:         1
  |-- IDLE_NO_OLDEST representative STID.........:         0
  |-- IDLE_NO_OLDEST representative BID..........:18446744073709551615
  |-- IDLE_NO_OLDEST participant mask............:        15
===================superScalar Key Stats====================
superScalar Tileop Total Cycles..................:    147192
  |--Cube Tileop Total Cycles....................:         0
  |--Vector Tileop Total Cycles..................:      4842
  |--TLSU Tileop Total Cycles....................:     29328
superScalar Total Tileop Counter.................:      1843
  |--Cube Execute Tileop Counter.................:         0
  |--Vector Execute Tileop Counter...............:      1189
  |--TLSU Execute Tileop Counter.................:       654
    |--AccountExpTlsuCellReads...................:       227
    |--AccountExpTlsuCellWrites..................:        55
superScalar Run Tileop Wall Cycles...............:     36057
  |--Cube Busy Resource-Cycles (PE-summed).......:         0
  |--Vector Busy Resource-Cycles (PE-summed).....:     20850
  |--TLSU Busy Resource-Cycles (PE-summed).......:     35948
  |--Cube Active Wall Cycles (union).............:         0
  |--Vector Active Wall Cycles (union)...........:      6176
  |--TLSU Active Wall Cycles (union).............:     35948
    |--TLSU Tload Resource-Cycles (PE-summed)....:     34165
      |--write Blocked By Ring Cycles............:         0
    |--TLSU Tstore Resource-Cycles (PE-summed)...:     33401
    |--TLSU Tmov Resource-Cycles (PE-summed).....:         0
    |--TLSU Mgather Resource-Cycles (PE-summed)..:         0
    |--TLSU Mscatter Resource-Cycles (PE-summed).:         0
    |--TLSU Vgather Resource-Cycles (PE-summed)..:         0
    |--TLSU Vscatter Resource-Cycles (PE-summed).:         0
  |--All Cores Idle Wall Cycles..................:       741
  |--Vector-Cube Concurrent Wall Cycles (union)..:         0
  |--Vector-Cube Active Wall Cycles (union)......:      6176
  |--Cube-TLSU Concurrent Wall Cycles (union)....:         0
  |--Cube-TLSU Active Wall Cycles (union)........:     35948
  |--Vector-TLSU Concurrent Wall Cycles (union)..:      6067
  |--Vector-TLSU Active Wall Cycles (union)......:     36057
=============TileOp Efficiency (explicit units)=============
PE0 CUBE ExecCycles/TileOp.......................:      0.00
PE0 CUBE TileOpRate (ops/cycle)..................:0.00000000
PE0 CUBE TileOp Occupancy (%)....................:      0.00
PE1 CUBE ExecCycles/TileOp.......................:      0.00
PE1 CUBE TileOpRate (ops/cycle)..................:0.00000000
PE1 CUBE TileOp Occupancy (%)....................:      0.00
PE2 CUBE ExecCycles/TileOp.......................:      0.00
PE2 CUBE TileOpRate (ops/cycle)..................:0.00000000
PE2 CUBE TileOp Occupancy (%)....................:      0.00
PE3 CUBE ExecCycles/TileOp.......................:      0.00
PE3 CUBE TileOpRate (ops/cycle)..................:0.00000000
PE3 CUBE TileOp Occupancy (%)....................:      0.00
PE0 VECTOR ReadLatency (cycles/op)...............:      6.02
PE0 VECTOR TileOpRate (ops/cycle)................:      0.01
PE0 VECTOR Utilization...........................:      0.09
PE0 VECTOR Utilization (issue-events)............:      0.00
PE1 VECTOR ReadLatency (cycles/op)...............:      6.00
PE1 VECTOR TileOpRate (ops/cycle)................:      0.01
PE1 VECTOR Utilization...........................:      0.08
PE1 VECTOR Utilization (issue-events)............:      0.00
PE2 VECTOR ReadLatency (cycles/op)...............:      6.00
PE2 VECTOR TileOpRate (ops/cycle)................:      0.01
PE2 VECTOR Utilization...........................:      0.08
PE2 VECTOR Utilization (issue-events)............:      0.00
PE3 VECTOR ReadLatency (cycles/op)...............:      6.03
PE3 VECTOR TileOpRate (ops/cycle)................:      0.01
PE3 VECTOR Utilization...........................:      0.08
PE3 VECTOR Utilization (issue-events)............:      0.00
PE0 TLSU Occupancy/Issue (cycles/event)..........:     21.80
PE0 TLSU IssueRate (events/cycle)................:      0.58
PE0 TLSU Utilization (%).........................:     97.72
Vector-Cube overlap ratio........................:      0.00
Vector-TLSU overlap ratio........................:      0.17
============PROB Status Occupancy (entry-cycles)============
  |--free........................................:         0
  |--alloc.......................................:    919110
  |--renamed.....................................:         0
  |--dispatched..................................:     97581
  |--in_queue....................................:    804005
  |--issued......................................:    205505
  |--executing...................................:    109677
  |--writeback...................................:     63949
  |--completed...................................:   1516716
  |--retired.....................................:    174795
  |--fault.......................................:         0
  |--need_flush..................................:         0
===============Block Control Key Stats total================
Average Outstanding Block Number.................:      4.79
  |--Average Outstanding Cube Block Number.......:      0.00
  |--Average Outstanding Vector Block Number.....:      0.63
  |--Average Outstanding TLoad Number............:      1.10
  |--Average Outstanding TStore Number...........:      3.06
=============Block Control Key Stats SThread 0==============
Average Outstanding Block Number.................:      1.21
  |--Average Outstanding Cube Block Number.......:      0.00
  |--Average Outstanding Vector Block Number.....:      0.17
  |--Average Outstanding TLoad Number............:      0.28
  |--Average Outstanding TStore Number...........:      0.76
=============Block Control Key Stats SThread 1==============
Average Outstanding Block Number.................:      1.14
  |--Average Outstanding Cube Block Number.......:      0.00
  |--Average Outstanding Vector Block Number.....:      0.15
  |--Average Outstanding TLoad Number............:      0.26
  |--Average Outstanding TStore Number...........:      0.73
=============Block Control Key Stats SThread 2==============
Average Outstanding Block Number.................:      1.19
  |--Average Outstanding Cube Block Number.......:      0.00
  |--Average Outstanding Vector Block Number.....:      0.15
  |--Average Outstanding TLoad Number............:      0.28
  |--Average Outstanding TStore Number...........:      0.76
=============Block Control Key Stats SThread 3==============
Average Outstanding Block Number.................:      1.25
  |--Average Outstanding Cube Block Number.......:      0.00
  |--Average Outstanding Vector Block Number.....:      0.16
  |--Average Outstanding TLoad Number............:      0.29
  |--Average Outstanding TStore Number...........:      0.80
===================CubeCore 0 Statistics====================
Cube Total Cycles................................:     36798
Cube MAC Exec Occupancy..........................:         0    0.00%
Cube MAC Utilization.............................:      0.00    0.00%
Cube Logical MAC Count...........................:         0
Cube Equivalent MAC Count........................:      0.00
Cube Equivalent MAC Rate (MAC/cycle).............:      0.00
Cube core workload units (dtype-normalized)......:      0.00
Cube core workload rate (units/cycle)............:0.00000000
Cube Achieved TFLOPS (equivalent MACs, 1.65GHz)..:  0.000000
Cube core exe tileop count.......................:         0
Cube Uop Generated Count.........................:         0
Cube core retired uop count......................:         0
Cube core total load count.......................:         0
Cube core total store count (CellReg TileC writes):         0
Cube FP16 Logical MAC Count......................:         0
Cube FP16 Equivalent MAC Count...................:      0.00
Cube FP8 Logical MAC Count.......................:         0
Cube FP8 Equivalent MAC Count....................:      0.00
Cube FP4 Logical MAC Count.......................:         0
Cube FP4 Equivalent MAC Count....................:      0.00
Cube TileOp Occupancy............................:         0    0.00%
Cube Load Outstanding............................:         0    0.00%
Cube FixPipe/Store Occupancy.....................:         0    0.00%
Cube core average acc slot use...................:       N/A
Cube core average l0a entry use..................:       N/A
Cube core average l0b entry use..................:       N/A
Cube core average l0a entry use busy.............:       N/A
Cube core average l0b entry use busy.............:       N/A
Cube core average acc slot use busy..............:       N/A
Cube MAC Range...................................:         0
Cube Load Range..................................:         0
Cube Store Range.................................:         0
Cube Load-MAC Range Overlap......................:         0     N/A
accSlotAllocCount................................:         0
accSlotFreeCount.................................:         0
accSlotPeakInUse.................................:         0
accSlotWaitCount.................................:         0
bandPairMapPeakSize..............................:         0
bandPairMapFinalSize.............................:         0
batchDistributeCount.............................:         0
batchFallbackCount...............................:         0
m0TileCReadCount.................................:         0
m1TileCReadCount.................................:         0
tileCReadRequestCount............................:         0
tileCReadBytes...................................:         0
batchMissedDistributeCount.......................:         0
uniqueTileCSourceAddresses.......................:         0
Cube core exe uop count..........................:         0
Cube core retired uop count......................:         0
Cube core total load count.......................:         0
Cube core total store count (CellReg TileC writes):         0
  |--CellReg Load Count..........................:         0
    |--CellReg TileA Count.......................:         0
    |--CellReg TileB Count.......................:         0
    |--CellReg TileC Count.......................:         0
    |--CellReg LeftScale Count...................:         0
    |--CellReg RightScale Count..................:         0
  |--CellReg Load Bytes..........................:         0
    |--CellReg TileA Bytes.......................:         0
    |--CellReg TileB Bytes.......................:         0
    |--CellReg TileC Bytes.......................:         0
    |--CellReg LeftScale Bytes...................:         0
    |--CellReg RightScale Bytes..................:         0
  |--CellReg Store Count.........................:         0
    |--CellReg TileC Count.......................:         0
  |--CellReg Store Bytes.........................:         0
    |--CellReg TileC Bytes.......................:         0
  |--ShareTReg Load Count........................:         0
    |--ShareTReg TileA Count.....................:         0
    |--ShareTReg TileB Count.....................:         0
  |--ShareTReg Load Bytes........................:         0
    |--ShareTReg TileA Bytes.....................:         0
    |--ShareTReg TileB Bytes.....................:         0
  |--Exp CellReg Load Count......................:         0
    |--Exp CellReg TileA Count...................:         0
    |--Exp CellReg TileB Count...................:         0
    |--Exp CellReg TileC Count...................:         0
    |--Exp CellReg LeftScale Count...............:         0
    |--Exp CellReg RightScale Count..............:         0
  |--Exp CellReg Load Delta......................:      0.00
  |--Exp CellReg Store Count.....................:         0
  |--Exp CellReg Store Delta.....................:      0.00
  |--Exp ShareTReg Load Count....................:         0
  |--Exp ShareTReg Load Delta....................:      0.00
Cube core cannot pick main chain uop ratio.......:         0     N/A
Cube core pick cub chain uop ratio...............:         0     N/A
Cube busy cycle..................................:         0
Cube core mmad busy cycle........................:         0     N/A
Cube core load busy cycle........................:         0     N/A
Cube core store busy cycle.......................:         0     N/A
  UtilMacW (array exec)..........................:         0
    |--UtilMacWMad (systolic MAC phase)..........:         0
    |--UtilMacWRamp (staging/fill-drain).........:         0
  UtilMacO (operand in-flight)...................:         0
  UtilMacA (exec/writeback struct)...............:         0
  UtilMacD (dependency chain)....................:         0
  UtilMacI (issue/rename struct).................:         0
  UtilMacS (no tile).............................:     36798
  UtilMacUnaccounted.............................:         0
  UtilMacCycles..................................:     36798
    |--UtilMacSub_O_L0InFlight...................:         0
    |--UtilMacSub_O_ScaleInFlight................:         0
    |--UtilMacSub_O_LoadPath.....................:         0
    |--UtilMacSub_O_LdUopBuf.....................:         0
    |--UtilMacSub_A_AllocBackpressure............:         0
    |--UtilMacSub_A_StoreInFlight................:         0
    |--UtilMacSub_A_FixPipeAnnounce..............:         0
    |--UtilMacSub_A_UopBufQueue..................:         0
    |--UtilMacSub_A_TileBoundary.................:         0
    |--UtilMacSubO_Reconcile.....................:      0.00
    |--UtilMacSubA_Reconcile.....................:      0.00
    |--UtilMacSub_O_L0InFlight_A.................:         0
    |--UtilMacSub_O_L0InFlight_B.................:         0
    |--UtilMacSub_O_L0InFlight_C.................:         0
    |--UtilMacSub_O_L0InFlight_Other.............:         0
    |--UtilMacSubO_L0Split_Reconcile.............:      0.00
  UtilMacIssue_Issued............................:         0
  UtilMacIssue_CStreamWait.......................:         0
  UtilMacIssue_L0InFlight........................:         0
  UtilMacIssue_ScaleInFlight.....................:         0
  UtilMacIssue_AllocBackpressure.................:         0
  UtilMacIssue_KLoopChain........................:         0
  UtilMacIssue_UopBufQueue.......................:         0
  UtilMacIssue_LdUopBufQueue.....................:         0
  UtilMacIssue_NoTile............................:     36798
  UtilMacIssue_TileBoundary......................:         0
  UtilMacIssue_Unaccounted.......................:         0
  UtilMacIssue_Reconcile.........................:      0.00
  UtilMacIssue_L0InFlight_A......................:         0
  UtilMacIssue_L0InFlight_B......................:         0
  UtilMacIssue_L0InFlight_C......................:         0
  UtilMacIssue_L0InFlight_Other..................:         0
  UtilMacIssue_L0Split_Reconcile.................:      0.00
  UtilMacStageOcc................................:         0
  UtilMacStageIdle...............................:         0
  UtilMacStage_Reconcile.........................:      0.00
  UtilMacFillWeightedUtil........................:      0.00
  UtilMacShadow_CwaitCycles......................:         0
  UtilMacShadow_L0WithCwait......................:         0
  UtilMacStageIdleByCause_Reconcile..............:      0.00
===================CubeCore 1 Statistics====================
Cube Total Cycles................................:     36798
Cube MAC Exec Occupancy..........................:         0    0.00%
Cube MAC Utilization.............................:      0.00    0.00%
Cube Logical MAC Count...........................:         0
Cube Equivalent MAC Count........................:      0.00
Cube Equivalent MAC Rate (MAC/cycle).............:      0.00
Cube core workload units (dtype-normalized)......:      0.00
Cube core workload rate (units/cycle)............:0.00000000
Cube Achieved TFLOPS (equivalent MACs, 1.65GHz)..:  0.000000
Cube core exe tileop count.......................:         0
Cube Uop Generated Count.........................:         0
Cube core retired uop count......................:         0
Cube core total load count.......................:         0
Cube core total store count (CellReg TileC writes):         0
Cube FP16 Logical MAC Count......................:         0
Cube FP16 Equivalent MAC Count...................:      0.00
Cube FP8 Logical MAC Count.......................:         0
Cube FP8 Equivalent MAC Count....................:      0.00
Cube FP4 Logical MAC Count.......................:         0
Cube FP4 Equivalent MAC Count....................:      0.00
Cube TileOp Occupancy............................:         0    0.00%
Cube Load Outstanding............................:         0    0.00%
Cube FixPipe/Store Occupancy.....................:         0    0.00%
Cube core average acc slot use...................:       N/A
Cube core average l0a entry use..................:       N/A
Cube core average l0b entry use..................:       N/A
Cube core average l0a entry use busy.............:       N/A
Cube core average l0b entry use busy.............:       N/A
Cube core average acc slot use busy..............:       N/A
Cube MAC Range...................................:         0
Cube Load Range..................................:         0
Cube Store Range.................................:         0
Cube Load-MAC Range Overlap......................:         0     N/A
accSlotAllocCount................................:         0
accSlotFreeCount.................................:         0
accSlotPeakInUse.................................:         0
accSlotWaitCount.................................:         0
bandPairMapPeakSize..............................:         0
bandPairMapFinalSize.............................:         0
batchDistributeCount.............................:         0
batchFallbackCount...............................:         0
m0TileCReadCount.................................:         0
m1TileCReadCount.................................:         0
tileCReadRequestCount............................:         0
tileCReadBytes...................................:         0
batchMissedDistributeCount.......................:         0
uniqueTileCSourceAddresses.......................:         0
Cube core exe uop count..........................:         0
Cube core retired uop count......................:         0
Cube core total load count.......................:         0
Cube core total store count (CellReg TileC writes):         0
  |--CellReg Load Count..........................:         0
    |--CellReg TileA Count.......................:         0
    |--CellReg TileB Count.......................:         0
    |--CellReg TileC Count.......................:         0
    |--CellReg LeftScale Count...................:         0
    |--CellReg RightScale Count..................:         0
  |--CellReg Load Bytes..........................:         0
    |--CellReg TileA Bytes.......................:         0
    |--CellReg TileB Bytes.......................:         0
    |--CellReg TileC Bytes.......................:         0
    |--CellReg LeftScale Bytes...................:         0
    |--CellReg RightScale Bytes..................:         0
  |--CellReg Store Count.........................:         0
    |--CellReg TileC Count.......................:         0
  |--CellReg Store Bytes.........................:         0
    |--CellReg TileC Bytes.......................:         0
  |--ShareTReg Load Count........................:         0
    |--ShareTReg TileA Count.....................:         0
    |--ShareTReg TileB Count.....................:         0
  |--ShareTReg Load Bytes........................:         0
    |--ShareTReg TileA Bytes.....................:         0
    |--ShareTReg TileB Bytes.....................:         0
  |--Exp CellReg Load Count......................:         0
    |--Exp CellReg TileA Count...................:         0
    |--Exp CellReg TileB Count...................:         0
    |--Exp CellReg TileC Count...................:         0
    |--Exp CellReg LeftScale Count...............:         0
    |--Exp CellReg RightScale Count..............:         0
  |--Exp CellReg Load Delta......................:      0.00
  |--Exp CellReg Store Count.....................:         0
  |--Exp CellReg Store Delta.....................:      0.00
  |--Exp ShareTReg Load Count....................:         0
  |--Exp ShareTReg Load Delta....................:      0.00
Cube core cannot pick main chain uop ratio.......:         0     N/A
Cube core pick cub chain uop ratio...............:         0     N/A
Cube busy cycle..................................:         0
Cube core mmad busy cycle........................:         0     N/A
Cube core load busy cycle........................:         0     N/A
Cube core store busy cycle.......................:         0     N/A
  UtilMacW (array exec)..........................:         0
    |--UtilMacWMad (systolic MAC phase)..........:         0
    |--UtilMacWRamp (staging/fill-drain).........:         0
  UtilMacO (operand in-flight)...................:         0
  UtilMacA (exec/writeback struct)...............:         0
  UtilMacD (dependency chain)....................:         0
  UtilMacI (issue/rename struct).................:         0
  UtilMacS (no tile).............................:     36798
  UtilMacUnaccounted.............................:         0
  UtilMacCycles..................................:     36798
    |--UtilMacSub_O_L0InFlight...................:         0
    |--UtilMacSub_O_ScaleInFlight................:         0
    |--UtilMacSub_O_LoadPath.....................:         0
    |--UtilMacSub_O_LdUopBuf.....................:         0
    |--UtilMacSub_A_AllocBackpressure............:         0
    |--UtilMacSub_A_StoreInFlight................:         0
    |--UtilMacSub_A_FixPipeAnnounce..............:         0
    |--UtilMacSub_A_UopBufQueue..................:         0
    |--UtilMacSub_A_TileBoundary.................:         0
    |--UtilMacSubO_Reconcile.....................:      0.00
    |--UtilMacSubA_Reconcile.....................:      0.00
    |--UtilMacSub_O_L0InFlight_A.................:         0
    |--UtilMacSub_O_L0InFlight_B.................:         0
    |--UtilMacSub_O_L0InFlight_C.................:         0
    |--UtilMacSub_O_L0InFlight_Other.............:         0
    |--UtilMacSubO_L0Split_Reconcile.............:      0.00
  UtilMacIssue_Issued............................:         0
  UtilMacIssue_CStreamWait.......................:         0
  UtilMacIssue_L0InFlight........................:         0
  UtilMacIssue_ScaleInFlight.....................:         0
  UtilMacIssue_AllocBackpressure.................:         0
  UtilMacIssue_KLoopChain........................:         0
  UtilMacIssue_UopBufQueue.......................:         0
  UtilMacIssue_LdUopBufQueue.....................:         0
  UtilMacIssue_NoTile............................:     36798
  UtilMacIssue_TileBoundary......................:         0
  UtilMacIssue_Unaccounted.......................:         0
  UtilMacIssue_Reconcile.........................:      0.00
  UtilMacIssue_L0InFlight_A......................:         0
  UtilMacIssue_L0InFlight_B......................:         0
  UtilMacIssue_L0InFlight_C......................:         0
  UtilMacIssue_L0InFlight_Other..................:         0
  UtilMacIssue_L0Split_Reconcile.................:      0.00
  UtilMacStageOcc................................:         0
  UtilMacStageIdle...............................:         0
  UtilMacStage_Reconcile.........................:      0.00
  UtilMacFillWeightedUtil........................:      0.00
  UtilMacShadow_CwaitCycles......................:         0
  UtilMacShadow_L0WithCwait......................:         0
  UtilMacStageIdleByCause_Reconcile..............:      0.00
===================CubeCore 2 Statistics====================
Cube Total Cycles................................:     36798
Cube MAC Exec Occupancy..........................:         0    0.00%
Cube MAC Utilization.............................:      0.00    0.00%
Cube Logical MAC Count...........................:         0
Cube Equivalent MAC Count........................:      0.00
Cube Equivalent MAC Rate (MAC/cycle).............:      0.00
Cube core workload units (dtype-normalized)......:      0.00
Cube core workload rate (units/cycle)............:0.00000000
Cube Achieved TFLOPS (equivalent MACs, 1.65GHz)..:  0.000000
Cube core exe tileop count.......................:         0
Cube Uop Generated Count.........................:         0
Cube core retired uop count......................:         0
Cube core total load count.......................:         0
Cube core total store count (CellReg TileC writes):         0
Cube FP16 Logical MAC Count......................:         0
Cube FP16 Equivalent MAC Count...................:      0.00
Cube FP8 Logical MAC Count.......................:         0
Cube FP8 Equivalent MAC Count....................:      0.00
Cube FP4 Logical MAC Count.......................:         0
Cube FP4 Equivalent MAC Count....................:      0.00
Cube TileOp Occupancy............................:         0    0.00%
Cube Load Outstanding............................:         0    0.00%
Cube FixPipe/Store Occupancy.....................:         0    0.00%
Cube core average acc slot use...................:       N/A
Cube core average l0a entry use..................:       N/A
Cube core average l0b entry use..................:       N/A
Cube core average l0a entry use busy.............:       N/A
Cube core average l0b entry use busy.............:       N/A
Cube core average acc slot use busy..............:       N/A
Cube MAC Range...................................:         0
Cube Load Range..................................:         0
Cube Store Range.................................:         0
Cube Load-MAC Range Overlap......................:         0     N/A
accSlotAllocCount................................:         0
accSlotFreeCount.................................:         0
accSlotPeakInUse.................................:         0
accSlotWaitCount.................................:         0
bandPairMapPeakSize..............................:         0
bandPairMapFinalSize.............................:         0
batchDistributeCount.............................:         0
batchFallbackCount...............................:         0
m0TileCReadCount.................................:         0
m1TileCReadCount.................................:         0
tileCReadRequestCount............................:         0
tileCReadBytes...................................:         0
batchMissedDistributeCount.......................:         0
uniqueTileCSourceAddresses.......................:         0
Cube core exe uop count..........................:         0
Cube core retired uop count......................:         0
Cube core total load count.......................:         0
Cube core total store count (CellReg TileC writes):         0
  |--CellReg Load Count..........................:         0
    |--CellReg TileA Count.......................:         0
    |--CellReg TileB Count.......................:         0
    |--CellReg TileC Count.......................:         0
    |--CellReg LeftScale Count...................:         0
    |--CellReg RightScale Count..................:         0
  |--CellReg Load Bytes..........................:         0
    |--CellReg TileA Bytes.......................:         0
    |--CellReg TileB Bytes.......................:         0
    |--CellReg TileC Bytes.......................:         0
    |--CellReg LeftScale Bytes...................:         0
    |--CellReg RightScale Bytes..................:         0
  |--CellReg Store Count.........................:         0
    |--CellReg TileC Count.......................:         0
  |--CellReg Store Bytes.........................:         0
    |--CellReg TileC Bytes.......................:         0
  |--ShareTReg Load Count........................:         0
    |--ShareTReg TileA Count.....................:         0
    |--ShareTReg TileB Count.....................:         0
  |--ShareTReg Load Bytes........................:         0
    |--ShareTReg TileA Bytes.....................:         0
    |--ShareTReg TileB Bytes.....................:         0
  |--Exp CellReg Load Count......................:         0
    |--Exp CellReg TileA Count...................:         0
    |--Exp CellReg TileB Count...................:         0
    |--Exp CellReg TileC Count...................:         0
    |--Exp CellReg LeftScale Count...............:         0
    |--Exp CellReg RightScale Count..............:         0
  |--Exp CellReg Load Delta......................:      0.00
  |--Exp CellReg Store Count.....................:         0
  |--Exp CellReg Store Delta.....................:      0.00
  |--Exp ShareTReg Load Count....................:         0
  |--Exp ShareTReg Load Delta....................:      0.00
Cube core cannot pick main chain uop ratio.......:         0     N/A
Cube core pick cub chain uop ratio...............:         0     N/A
Cube busy cycle..................................:         0
Cube core mmad busy cycle........................:         0     N/A
Cube core load busy cycle........................:         0     N/A
Cube core store busy cycle.......................:         0     N/A
  UtilMacW (array exec)..........................:         0
    |--UtilMacWMad (systolic MAC phase)..........:         0
    |--UtilMacWRamp (staging/fill-drain).........:         0
  UtilMacO (operand in-flight)...................:         0
  UtilMacA (exec/writeback struct)...............:         0
  UtilMacD (dependency chain)....................:         0
  UtilMacI (issue/rename struct).................:         0
  UtilMacS (no tile).............................:     36798
  UtilMacUnaccounted.............................:         0
  UtilMacCycles..................................:     36798
    |--UtilMacSub_O_L0InFlight...................:         0
    |--UtilMacSub_O_ScaleInFlight................:         0
    |--UtilMacSub_O_LoadPath.....................:         0
    |--UtilMacSub_O_LdUopBuf.....................:         0
    |--UtilMacSub_A_AllocBackpressure............:         0
    |--UtilMacSub_A_StoreInFlight................:         0
    |--UtilMacSub_A_FixPipeAnnounce..............:         0
    |--UtilMacSub_A_UopBufQueue..................:         0
    |--UtilMacSub_A_TileBoundary.................:         0
    |--UtilMacSubO_Reconcile.....................:      0.00
    |--UtilMacSubA_Reconcile.....................:      0.00
    |--UtilMacSub_O_L0InFlight_A.................:         0
    |--UtilMacSub_O_L0InFlight_B.................:         0
    |--UtilMacSub_O_L0InFlight_C.................:         0
    |--UtilMacSub_O_L0InFlight_Other.............:         0
    |--UtilMacSubO_L0Split_Reconcile.............:      0.00
  UtilMacIssue_Issued............................:         0
  UtilMacIssue_CStreamWait.......................:         0
  UtilMacIssue_L0InFlight........................:         0
  UtilMacIssue_ScaleInFlight.....................:         0
  UtilMacIssue_AllocBackpressure.................:         0
  UtilMacIssue_KLoopChain........................:         0
  UtilMacIssue_UopBufQueue.......................:         0
  UtilMacIssue_LdUopBufQueue.....................:         0
  UtilMacIssue_NoTile............................:     36798
  UtilMacIssue_TileBoundary......................:         0
  UtilMacIssue_Unaccounted.......................:         0
  UtilMacIssue_Reconcile.........................:      0.00
  UtilMacIssue_L0InFlight_A......................:         0
  UtilMacIssue_L0InFlight_B......................:         0
  UtilMacIssue_L0InFlight_C......................:         0
  UtilMacIssue_L0InFlight_Other..................:         0
  UtilMacIssue_L0Split_Reconcile.................:      0.00
  UtilMacStageOcc................................:         0
  UtilMacStageIdle...............................:         0
  UtilMacStage_Reconcile.........................:      0.00
  UtilMacFillWeightedUtil........................:      0.00
  UtilMacShadow_CwaitCycles......................:         0
  UtilMacShadow_L0WithCwait......................:         0
  UtilMacStageIdleByCause_Reconcile..............:      0.00
===================CubeCore 3 Statistics====================
Cube Total Cycles................................:     36798
Cube MAC Exec Occupancy..........................:         0    0.00%
Cube MAC Utilization.............................:      0.00    0.00%
Cube Logical MAC Count...........................:         0
Cube Equivalent MAC Count........................:      0.00
Cube Equivalent MAC Rate (MAC/cycle).............:      0.00
Cube core workload units (dtype-normalized)......:      0.00
Cube core workload rate (units/cycle)............:0.00000000
Cube Achieved TFLOPS (equivalent MACs, 1.65GHz)..:  0.000000
Cube core exe tileop count.......................:         0
Cube Uop Generated Count.........................:         0
Cube core retired uop count......................:         0
Cube core total load count.......................:         0
Cube core total store count (CellReg TileC writes):         0
Cube FP16 Logical MAC Count......................:         0
Cube FP16 Equivalent MAC Count...................:      0.00
Cube FP8 Logical MAC Count.......................:         0
Cube FP8 Equivalent MAC Count....................:      0.00
Cube FP4 Logical MAC Count.......................:         0
Cube FP4 Equivalent MAC Count....................:      0.00
Cube TileOp Occupancy............................:         0    0.00%
Cube Load Outstanding............................:         0    0.00%
Cube FixPipe/Store Occupancy.....................:         0    0.00%
Cube core average acc slot use...................:       N/A
Cube core average l0a entry use..................:       N/A
Cube core average l0b entry use..................:       N/A
Cube core average l0a entry use busy.............:       N/A
Cube core average l0b entry use busy.............:       N/A
Cube core average acc slot use busy..............:       N/A
Cube MAC Range...................................:         0
Cube Load Range..................................:         0
Cube Store Range.................................:         0
Cube Load-MAC Range Overlap......................:         0     N/A
accSlotAllocCount................................:         0
accSlotFreeCount.................................:         0
accSlotPeakInUse.................................:         0
accSlotWaitCount.................................:         0
bandPairMapPeakSize..............................:         0
bandPairMapFinalSize.............................:         0
batchDistributeCount.............................:         0
batchFallbackCount...............................:         0
m0TileCReadCount.................................:         0
m1TileCReadCount.................................:         0
tileCReadRequestCount............................:         0
tileCReadBytes...................................:         0
batchMissedDistributeCount.......................:         0
uniqueTileCSourceAddresses.......................:         0
Cube core exe uop count..........................:         0
Cube core retired uop count......................:         0
Cube core total load count.......................:         0
Cube core total store count (CellReg TileC writes):         0
  |--CellReg Load Count..........................:         0
    |--CellReg TileA Count.......................:         0
    |--CellReg TileB Count.......................:         0
    |--CellReg TileC Count.......................:         0
    |--CellReg LeftScale Count...................:         0
    |--CellReg RightScale Count..................:         0
  |--CellReg Load Bytes..........................:         0
    |--CellReg TileA Bytes.......................:         0
    |--CellReg TileB Bytes.......................:         0
    |--CellReg TileC Bytes.......................:         0
    |--CellReg LeftScale Bytes...................:         0
    |--CellReg RightScale Bytes..................:         0
  |--CellReg Store Count.........................:         0
    |--CellReg TileC Count.......................:         0
  |--CellReg Store Bytes.........................:         0
    |--CellReg TileC Bytes.......................:         0
  |--ShareTReg Load Count........................:         0
    |--ShareTReg TileA Count.....................:         0
    |--ShareTReg TileB Count.....................:         0
  |--ShareTReg Load Bytes........................:         0
    |--ShareTReg TileA Bytes.....................:         0
    |--ShareTReg TileB Bytes.....................:         0
  |--Exp CellReg Load Count......................:         0
    |--Exp CellReg TileA Count...................:         0
    |--Exp CellReg TileB Count...................:         0
    |--Exp CellReg TileC Count...................:         0
    |--Exp CellReg LeftScale Count...............:         0
    |--Exp CellReg RightScale Count..............:         0
  |--Exp CellReg Load Delta......................:      0.00
  |--Exp CellReg Store Count.....................:         0
  |--Exp CellReg Store Delta.....................:      0.00
  |--Exp ShareTReg Load Count....................:         0
  |--Exp ShareTReg Load Delta....................:      0.00
Cube core cannot pick main chain uop ratio.......:         0     N/A
Cube core pick cub chain uop ratio...............:         0     N/A
Cube busy cycle..................................:         0
Cube core mmad busy cycle........................:         0     N/A
Cube core load busy cycle........................:         0     N/A
Cube core store busy cycle.......................:         0     N/A
  UtilMacW (array exec)..........................:         0
    |--UtilMacWMad (systolic MAC phase)..........:         0
    |--UtilMacWRamp (staging/fill-drain).........:         0
  UtilMacO (operand in-flight)...................:         0
  UtilMacA (exec/writeback struct)...............:         0
  UtilMacD (dependency chain)....................:         0
  UtilMacI (issue/rename struct).................:         0
  UtilMacS (no tile).............................:     36798
  UtilMacUnaccounted.............................:         0
  UtilMacCycles..................................:     36798
    |--UtilMacSub_O_L0InFlight...................:         0
    |--UtilMacSub_O_ScaleInFlight................:         0
    |--UtilMacSub_O_LoadPath.....................:         0
    |--UtilMacSub_O_LdUopBuf.....................:         0
    |--UtilMacSub_A_AllocBackpressure............:         0
    |--UtilMacSub_A_StoreInFlight................:         0
    |--UtilMacSub_A_FixPipeAnnounce..............:         0
    |--UtilMacSub_A_UopBufQueue..................:         0
    |--UtilMacSub_A_TileBoundary.................:         0
    |--UtilMacSubO_Reconcile.....................:      0.00
    |--UtilMacSubA_Reconcile.....................:      0.00
    |--UtilMacSub_O_L0InFlight_A.................:         0
    |--UtilMacSub_O_L0InFlight_B.................:         0
    |--UtilMacSub_O_L0InFlight_C.................:         0
    |--UtilMacSub_O_L0InFlight_Other.............:         0
    |--UtilMacSubO_L0Split_Reconcile.............:      0.00
  UtilMacIssue_Issued............................:         0
  UtilMacIssue_CStreamWait.......................:         0
  UtilMacIssue_L0InFlight........................:         0
  UtilMacIssue_ScaleInFlight.....................:         0
  UtilMacIssue_AllocBackpressure.................:         0
  UtilMacIssue_KLoopChain........................:         0
  UtilMacIssue_UopBufQueue.......................:         0
  UtilMacIssue_LdUopBufQueue.....................:         0
  UtilMacIssue_NoTile............................:     36798
  UtilMacIssue_TileBoundary......................:         0
  UtilMacIssue_Unaccounted.......................:         0
  UtilMacIssue_Reconcile.........................:      0.00
  UtilMacIssue_L0InFlight_A......................:         0
  UtilMacIssue_L0InFlight_B......................:         0
  UtilMacIssue_L0InFlight_C......................:         0
  UtilMacIssue_L0InFlight_Other..................:         0
  UtilMacIssue_L0Split_Reconcile.................:      0.00
  UtilMacStageOcc................................:         0
  UtilMacStageIdle...............................:         0
  UtilMacStage_Reconcile.........................:      0.00
  UtilMacFillWeightedUtil........................:      0.00
  UtilMacShadow_CwaitCycles......................:         0
  UtilMacShadow_L0WithCwait......................:         0
  UtilMacStageIdleByCause_Reconcile..............:      0.00
=============== TLSU tile-store STQ residency peId=0 ===============
  resident entry-cycles ....................: 60946
  |-- addr/interval not resolved ...........: 0  (0.00%)
  |-- tile data (rename) not ready .........: 38405  (63.01%)
  |-- BLOCKED BY NON-FLUSH POINTER .........: 4003  (6.57%)
  |-- older store still in STQ .............: 18181  (29.83%)
  |-- SCB full ............................: 0  (0.00%)
  store_issue=9534 scb_enter=9534 stq_peak=63 scb_peak=45
  private_l1_handoff: fragments=9177 acks=9177 wait_entry_cycles=9177 balanced=yes
  invariants: stq_conservation=OK (created=9210 destroyed=9210) a3_tile_violation=0 scb_flush_hit=0 scb_waw_scalar=0 scb_waw_tile=0 nuke=10
=============== TLOAD Sub-path peId=0 ===============
  occupancy entry-cycles ..................: 118619 (25.33%)
  issue events ............................: 11950
=============== TSTORE Sub-path peId=0 ===============
  occupancy entry-cycles ..................: 349663 (74.67%)
  issue events ............................: 9534
=============== TMOV Sub-path peId=0 ===============
  occupancy entry-cycles ..................: 0 (0.00%)
  issue events ............................: 0
========================Streaming L2========================
l2_tr_read_sent..................................:      1200
l2_tr_read_response..............................:      1200
l2_tr_read_wait_cycles...........................:      6252
l2_tr_read_queue_full_cycles.....................:         0
l2_tr_write_sent.................................:       486
l2_tr_write_response.............................:       486
l2_tr_write_wait_cycles..........................:      3029
l2_tr_write_queue_full_cycles....................:         0
l2_rwdb_entry_full_cycles........................:        10
l2_prior_read_raw_renames........................:         2
l2_starvation_bypass_cycles......................:         0
=====================Retired block Type=====================
Retired Block Num................................:     14207
  |--Retired STD Block Num.......................:      4684
  |--Retired PARALLEL Block Num..................:      1843
    |--Retired CUBE Block Num....................:         0    0.00%
    |--Retired VCALL Block Num...................:      1189   64.51%
    |--Retired TLSU Block Num....................:       654   35.49%
  |--Retired SYS Block Num.......................:         0
  |--Retired FP Block Num........................:      7680
  |--Retired OTHER Block Num.....................:         0
==================Retired Template Opcode===================
FENTRY...........................................:        29
FEXIT............................................:         0
FRET.............................................:        29
MEMSET...........................................:         1
MEMCOPY..........................................:         0
Retired Instruction Number.......................:    131982
  |--Retired Scalar Inst Number..................:    131982
  |--Retired Vec Inst Number.....................:         0
Retired Cube TileOp Number.......................:         0
Blocks Per Cycle.................................:  0.386081
IPC..............................................:  3.586662
Average BROB occupancy...........................:     63.61
  |--STID0 Average BROB occupancy................: 14.976439
  |--STID1 Average BROB occupancy................: 15.276265
  |--STID2 Average BROB occupancy................: 16.391896
  |--STID3 Average BROB occupancy................: 16.968449
Effective window size............................:    101.41
MPKB.............................................:     34.77
MPKI.............................................:      3.73
Simulation speed (Kilo Insts Per Second).........:      6.60
Discontinuous BPC Count..........................:     10251
Average Continuous BPC Length....................:  1.385914
Average fetch minsts/header per cycle............:     13.83
==========Block Control Detail Stats(Tile rename)===========
Tile capacity sample cycles......................:     36798
Tile virtual tag capacity T/U/M/N (all threads)..:      4096
Tile virtual peak live tags T/U/M/N (all threads):       419
Tile physical CellReg capacity per PE(B).........:    262144
Tile physical CellReg capacity all PEs(B)........:   1048576
Tile lazy physical allocation enabled............:         0
Tile TLOAD first-data-ready bind enabled.........:         0
Tile physical bind requests......................:         0
Tile physical bind grants........................:         0
Tile physical bind failures......................:         0
Tile rename-to-bind average cycles...............:       N/A
Tile average virtual-only live tags..............:      0.00
Tile stale cell wakeup events....................:         0
Tile register average tag num....................:    169.03
  |--T...........................................:     46.26
  |--U...........................................:     45.19
  |--M...........................................:     39.17
  |--N...........................................:     38.41
  |--ACC.........................................:      0.00
  |--STK.........................................:      0.00
  |--DEP.........................................:      0.00
  |--MCALL_GPR...................................:      0.00
  |--MCALL_STK...................................:      0.00
Tile virtual average requested bytes (all threads):  78640.35
Tile virtual sum of per-hand peak requested bytes:     60288
Tile virtual simultaneous peak requested bytes (all threads):    182784
Tile physical simultaneous peak occupied bytes (all PEs):    109824
Tile physical simultaneous peak occupied cells (all PEs):       858
  |--T virtual requested bytes...................:  18671.09
  |--T virtual peak requested bytes..............:     16896
  |--U virtual requested bytes...................:  18244.01
  |--U virtual peak requested bytes..............:     16640
  |--M virtual requested bytes...................:  19659.80
  |--M virtual peak requested bytes..............:     15360
  |--N virtual requested bytes...................:  22065.45
  |--N virtual peak requested bytes..............:     11392
  |--ACC virtual requested bytes.................:      0.00
  |--ACC virtual peak requested bytes............:         0
  |--STK virtual requested bytes.................:      0.00
  |--STK virtual peak requested bytes............:         0
  |--DEP virtual requested bytes.................:      0.00
  |--DEP virtual peak requested bytes............:         0
  |--MCALL_GPR virtual requested bytes...........:      0.00
  |--MCALL_GPR virtual peak requested bytes......:         0
  |--MCALL_STK virtual requested bytes...........:      0.00
  |--MCALL_STK virtual peak requested bytes......:         0
Tile register average occupied bytes (all threads):  13776.38
Tile register average utilization (%)............:    1.3138
  |--T occupied bytes............................:      1841   13.36%
  |--U occupied bytes............................:     10850   78.76%
  |--M occupied bytes............................:       703    5.10%
  |--N occupied bytes............................:       380    2.76%
  |--ACC occupied bytes..........................:         0    0.00%
  |--STK occupied bytes..........................:         0    0.00%
  |--DEP occupied bytes..........................:         0    0.00%
  |--MCALL_GPR occupied bytes....................:         0    0.00%
  |--MCALL_STK occupied bytes....................:         0    0.00%
Tile physical configured hand size of T..........:     65536
  |-- physical peak utilization..................:      7424   11.33%
Tile physical configured hand size of U..........:     65536
  |-- physical peak utilization..................:     14976   22.85%
Tile physical configured hand size of M..........:     65536
  |-- physical peak utilization..................:      8448   12.89%
Tile physical configured hand size of N..........:     65536
  |-- physical peak utilization..................:      8320   12.70%
STID0 TileReg average occupied bytes.............:   3525.46
STID0 TileReg average utilization (%)............:    1.3449
STID0 virtual Tile average requested bytes.......:  19869.75
STID0 virtual Tile peak requested bytes..........:     46720
STID0 physical Tile peak occupied bytes..........:     31872
STID1 TileReg average occupied bytes.............:   3377.11
STID1 TileReg average utilization (%)............:    1.2883
STID1 virtual Tile average requested bytes.......:  19508.26
STID1 virtual Tile peak requested bytes..........:     47104
STID1 physical Tile peak occupied bytes..........:     31360
STID2 TileReg average occupied bytes.............:   3408.35
STID2 TileReg average utilization (%)............:    1.3002
STID2 virtual Tile average requested bytes.......:  19597.55
STID2 virtual Tile peak requested bytes..........:     49408
STID2 physical Tile peak occupied bytes..........:     31488
STID3 TileReg average occupied bytes.............:   3465.47
STID3 TileReg average utilization (%)............:    1.3220
STID3 virtual Tile average requested bytes.......:  19664.79
STID3 virtual Tile peak requested bytes..........:     49664
STID3 physical Tile peak occupied bytes..........:     32128
Tile size-class allocator enabled................:         1
Tile allocator unit size(B)......................:       128
Tile allocator requests..........................:      1399
Tile allocator failures..........................:         0
Tile allocator successful requested units........:      4985
Tile allocator granted units.....................:      4985
Tile allocator class waste units.................:         0
Tile allocator split events......................:       988
Tile allocator merge events......................:       967
Tile allocator sum of per-thread peak(B).........:    126976
==============Block Control Stall Stats Total===============
BRob Full Stall..................................:         0
RENAME Stall.....................................:         0
Block Rename Get Stall...........................:         0
Block Rename Set Stall...........................:         0
BIsq Full Stall .................................:         0
TileReg Full Stall ..............................:         0
============Block Control Stall Stats SThread 0=============
BRob Full Stall..................................:         0
RENAME Stall.....................................:         0
Block Rename Get Stall...........................:         0
Block Rename Set Stall...........................:         0
BIsq Full Stall .................................:         0
TileReg Full Stall ..............................:         0
============Block Control Stall Stats SThread 1=============
BRob Full Stall..................................:         0
RENAME Stall.....................................:         0
Block Rename Get Stall...........................:         0
Block Rename Set Stall...........................:         0
BIsq Full Stall .................................:         0
TileReg Full Stall ..............................:         0
============Block Control Stall Stats SThread 2=============
BRob Full Stall..................................:         0
RENAME Stall.....................................:         0
Block Rename Get Stall...........................:         0
Block Rename Set Stall...........................:         0
BIsq Full Stall .................................:         0
TileReg Full Stall ..............................:         0
============Block Control Stall Stats SThread 3=============
BRob Full Stall..................................:         0
RENAME Stall.....................................:         0
Block Rename Get Stall...........................:         0
Block Rename Set Stall...........................:         0
BIsq Full Stall .................................:         0
TileReg Full Stall ..............................:         0
============CtlStack (BISQ park head, per-stid)=============
  CtlStackG_S0...................................:      3317
  CtlStackBIQFull_S0.............................:         0
  CtlStackPortBudget_S0..........................:         0
  CtlStackCellRename_S0..........................:         0
  CtlStackGroupGate_S0...........................:         0
  CtlStackTlsuBusy_S0............................:         0
  CtlStackPeCluster_S0...........................:         0
  CtlStackEmpty_S0...............................:     33481
  CtlStackUnaccounted_S0.........................:         0
  CtlStackSyscallGate_S0.........................:         0
  CtlStackResidual_S0............................:         0
  CtlStackG_S1...................................:      3041
  CtlStackBIQFull_S1.............................:         0
  CtlStackPortBudget_S1..........................:         0
  CtlStackCellRename_S1..........................:         0
  CtlStackGroupGate_S1...........................:         0
  CtlStackTlsuBusy_S1............................:         0
  CtlStackPeCluster_S1...........................:         0
  CtlStackEmpty_S1...............................:     33757
  CtlStackUnaccounted_S1.........................:         0
  CtlStackSyscallGate_S1.........................:         0
  CtlStackResidual_S1............................:         0
  CtlStackG_S2...................................:      3046
  CtlStackBIQFull_S2.............................:         0
  CtlStackPortBudget_S2..........................:         0
  CtlStackCellRename_S2..........................:         0
  CtlStackGroupGate_S2...........................:         0
  CtlStackTlsuBusy_S2............................:         0
  CtlStackPeCluster_S2...........................:         0
  CtlStackEmpty_S2...............................:     33752
  CtlStackUnaccounted_S2.........................:         0
  CtlStackSyscallGate_S2.........................:         0
  CtlStackResidual_S2............................:         0
  CtlStackG_S3...................................:      3042
  CtlStackBIQFull_S3.............................:         0
  CtlStackPortBudget_S3..........................:         0
  CtlStackCellRename_S3..........................:         0
  CtlStackGroupGate_S3...........................:         0
  CtlStackTlsuBusy_S3............................:         0
  CtlStackPeCluster_S3...........................:         0
  CtlStackEmpty_S3...............................:     33756
  CtlStackUnaccounted_S3.........................:         0
  CtlStackSyscallGate_S3.........................:         0
  CtlStackResidual_S3............................:         0
==============CtlStack2 (BIQ dispatch, per-IQ)==============
  CtlStack2G_CUBE................................:         0
  CtlStack2Empty_CUBE............................:     36798
  CtlStack2ReadyWait_CUBE........................:         0
  CtlStack2DispQFull_CUBE........................:         0
  CtlStack2Unaccounted_CUBE......................:         0
  CtlStack2Residual_CUBE.........................:         0
  CtlStack2G_VEC_PE0.............................:       316
  CtlStack2Empty_VEC_PE0.........................:     30293
  CtlStack2ReadyWait_VEC_PE0.....................:      6189
  CtlStack2DispQFull_VEC_PE0.....................:         0
  CtlStack2Unaccounted_VEC_PE0...................:         0
  CtlStack2Residual_VEC_PE0......................:         0
  CtlStack2G_VEC_PE1.............................:       291
  CtlStack2Empty_VEC_PE1.........................:     30607
  CtlStack2ReadyWait_VEC_PE1.....................:      5900
  CtlStack2DispQFull_VEC_PE1.....................:         0
  CtlStack2Unaccounted_VEC_PE1...................:         0
  CtlStack2Residual_VEC_PE1......................:         0
  CtlStack2G_VEC_PE2.............................:       291
  CtlStack2Empty_VEC_PE2.........................:     30514
  CtlStack2ReadyWait_VEC_PE2.....................:      5993
  CtlStack2DispQFull_VEC_PE2.....................:         0
  CtlStack2Unaccounted_VEC_PE2...................:         0
  CtlStack2Residual_VEC_PE2......................:         0
  CtlStack2G_VEC_PE3.............................:       291
  CtlStack2Empty_VEC_PE3.........................:     30510
  CtlStack2ReadyWait_VEC_PE3.....................:      5997
  CtlStack2DispQFull_VEC_PE3.....................:         0
  CtlStack2Unaccounted_VEC_PE3...................:         0
  CtlStack2Residual_VEC_PE3......................:         0
============TileCell lifetime by producer module============
  TileCell OccCellCycles_CUBE....................:         0
  TileCell FreedCells_CUBE.......................:         0
  TileCell AvgLifeCycles_CUBE....................:      0.00
  TileCell MaxLifeCycles_CUBE....................:         0
  TileCell OccCellCycles_VEC.....................:   8056261
  TileCell FreedCells_VEC........................:      4099
  TileCell AvgLifeCycles_VEC.....................:   1965.42
  TileCell MaxLifeCycles_VEC.....................:     14414
  TileCell OccCellCycles_TLSU....................:   2938455
  TileCell FreedCells_TLSU.......................:       298
  TileCell AvgLifeCycles_TLSU....................:   9860.59
  TileCell MaxLifeCycles_TLSU....................:     34910
  TileCell OccCellCycles_Other...................:         0
  TileCell FreedCells_Other......................:         0
  TileCell AvgLifeCycles_Other...................:      0.00
  TileCell MaxLifeCycles_Other...................:         0
==========GmmaGenSpread (lockstep 4-PE divergence)==========
  GenCount (4-PE complete).......................:         0
  IssueSpreadMean................................:       N/A
  IssueSpreadMax.................................:         0
  CompleteSpreadMean.............................:       N/A
  CompleteSpreadMax..............................:         0
  CompleteSpreadBucket_le4.......................:         0
  CompleteSpreadBucket_5to16.....................:         0
  CompleteSpreadBucket_17to64....................:         0
  CompleteSpreadBucket_gt64......................:         0
  FirstDivergenceGen (completeSpread>8)..........:         0
  FirstDivergenceCycle...........................:         0
  FirstDivergenceSpread..........................:         0
=====Block Control Detail Stats(Flush Statistics) Total=====
intra-block ld-st conflict.......................:         0
inter-block ld-st conflict.......................:        10
intra-block misp.................................:         0
inter-block misp.................................:       531
===Block Control Detail Stats(Flush Statistics) SThread 0===
intra-block ld-st conflict.......................:         0
inter-block ld-st conflict.......................:         9
intra-block misp.................................:         0
inter-block misp.................................:        95
===Block Control Detail Stats(Flush Statistics) SThread 1===
intra-block ld-st conflict.......................:         0
inter-block ld-st conflict.......................:         0
intra-block misp.................................:         0
inter-block misp.................................:       150
===Block Control Detail Stats(Flush Statistics) SThread 2===
intra-block ld-st conflict.......................:         0
inter-block ld-st conflict.......................:         1
intra-block misp.................................:         0
inter-block misp.................................:       144
===Block Control Detail Stats(Flush Statistics) SThread 3===
intra-block ld-st conflict.......................:         0
inter-block ld-st conflict.......................:         0
intra-block misp.................................:         0
inter-block misp.................................:       142
=====================SPE OOO&IEX stats======================
decode inst bubble...............................:    154822
average decode bundle............................:      0.00
Thread0 Pick Cnt.................................:     32169
Thread1 Pick Cnt.................................:     35560
Thread2 Pick Cnt.................................:     35679
Thread3 Pick Cnt.................................:     35594
Thread0 rob stall cnt............................:       239
Thread1 rob stall cnt............................:         7
Thread2 rob stall cnt............................:        18
Thread3 rob stall cnt............................:        17
decode pe rob stall..............................:         0
decode local gpr stall...........................:         0
inst buffer stall................................:         0
predicate reg stall..............................:         0
vector reg ptag stall............................:         0
vector local scalar reg stall....................:         0
retired ld inst..................................:     11402
retired st inst..................................:      9177
retired scalar inst..............................:    131982
retired vector inst..............................:         0
retired div/sqrt inst............................:       212
MAPQ lg0 stall...................................:         0
MAPQ lg1 stall...................................:         0
MAPQ lg2 stall...................................:         3
MAPQ lg3 stall...................................:       106
ROB lg0 stall....................................:       239
ROB lg1 stall....................................:         7
ROB lg2 stall....................................:        18
ROB lg3 stall....................................:        17
Thread0 decode cycle.............................:      9000
Thread1 decode cycle.............................:      9218
Thread2 decode cycle.............................:      9262
Thread3 decode cycle.............................:      9216
Thread0 alloc cycle..............................:      8012
Thread1 alloc cycle..............................:      8857
Thread2 alloc cycle..............................:      8892
Thread3 alloc cycle..............................:      8857
Thread0 rename cycle.............................:      7963
Thread1 rename cycle.............................:      8825
Thread2 rename cycle.............................:      8845
Thread3 rename cycle.............................:      8833
Thread0 d2_s1 dispatch cnt.......................:      7948
Thread1 d2_s1 dispatch cnt.......................:      8069
Thread2 d2_s1 dispatch cnt.......................:      7836
Thread3 d2_s1 dispatch cnt.......................:      7873
Thread0 slots_total..............................:     72000
Thread1 slots_total..............................:     73744
Thread2 slots_total..............................:     74096
Thread3 slots_total..............................:     73728
Thread0 slots_rob_allocated......................:     32169
Thread1 slots_rob_allocated......................:     35560
Thread2 slots_rob_allocated......................:     35679
Thread3 slots_rob_allocated......................:     35594
Thread0 slots_fe_bubble..........................:     39727
Thread1 slots_fe_bubble..........................:     38184
Thread2 slots_fe_bubble..........................:     38417
Thread3 slots_fe_bubble..........................:     38134
Thread0 slots_idle...............................:       104
Thread1 slots_idle...............................:         0
Thread2 slots_idle...............................:         0
Thread3 slots_idle...............................:         0
Thread0 robStall.................................:      1912
Thread1 robStall.................................:        56
Thread2 robStall.................................:       144
Thread3 robStall.................................:       136
Thread0 retired_load.............................:      2455
Thread1 retired_load.............................:      2971
Thread2 retired_load.............................:      2982
Thread3 retired_load.............................:      2994
Thread0 retired_store............................:      2340
Thread1 retired_store............................:      2279
Thread2 retired_store............................:      2279
Thread3 retired_store............................:      2279
Thread0 retired_innerJump........................:         0
Thread1 retired_innerJump........................:         0
Thread2 retired_innerJump........................:         0
Thread3 retired_innerJump........................:         0
Thread0 retiredAluInst...........................:     26471
Thread1 retiredAluInst...........................:     28235
Thread2 retiredAluInst...........................:     28310
Thread3 retiredAluInst...........................:     28387
Thread0 retiredSAluInst..........................:     26471
Thread1 retiredSAluInst..........................:     28235
Thread2 retiredSAluInst..........................:     28310
Thread3 retiredSAluInst..........................:     28387
Thread0 retiredVAluInst..........................:         0
Thread1 retiredVAluInst..........................:         0
Thread2 retiredVAluInst..........................:         0
Thread3 retiredVAluInst..........................:         0
Thread0 retiredScalar............................:     31266
Thread1 retiredScalar............................:     33485
Thread2 retiredScalar............................:     33571
Thread3 retiredScalar............................:     33660
Thread0 retiredVector............................:         0
Thread1 retiredVector............................:         0
Thread2 retiredVector............................:         0
Thread3 retiredVector............................:         0
Thread0 retiredDivSqrt...........................:        53
Thread1 retiredDivSqrt...........................:        53
Thread2 retiredDivSqrt...........................:        53
Thread3 retiredDivSqrt...........................:        53
====================Vector PMU Stats PE0====================
PEId.............................................:         0
TileopNum........................................:       316
TCMPPackedTileNum................................:         2
TCMPFragmentExpected.............................:        64
TCMPFragmentCompleted............................:        64
TCMPFragmentCanceled.............................:         0
TCMPPackedCellWrites.............................:         2
TCMPPackWriteWaitCycles..........................:         2
TCMPFlushedTileNum...............................:         0
UopNum...........................................:      1196
SplitCellCountMismatch...........................:         0
SplitPartialCellUopCount.........................:         0
SplitUopAvgPayloadBytes..........................:       N/A
UopQDispatch_INT.................................:       132
UopQReadyBypass_INT..............................:        16
UopQDispatchSrcBufFullCycles_INT.................:       110
UopQDispatchSrcBufFullBlockedCycles_INT..........:       110
VecSrcCellNotReadyCycles_INT.....................:       526
SharedReadPortWaitCycles_INT.....................:         0
UopQDispatch_FMA.................................:         0
UopQReadyBypass_FMA..............................:         0
UopQDispatchSrcBufFullCycles_FMA.................:         0
UopQDispatchSrcBufFullBlockedCycles_FMA..........:         0
VecSrcCellNotReadyCycles_FMA.....................:       121
SharedReadPortWaitCycles_FMA.....................:         0
UopQDispatch_LNEXP...............................:         0
UopQReadyBypass_LNEXP............................:         0
UopQDispatchSrcBufFullCycles_LNEXP...............:         0
UopQDispatchSrcBufFullBlockedCycles_LNEXP........:         0
VecSrcCellNotReadyCycles_LNEXP...................:       122
SharedReadPortWaitCycles_LNEXP...................:         0
CellReadMergedUops...............................:         0
StaticUopsIssued.................................:      1064
StaticBoardBlockCycles...........................:         0
StaticWritebacks.................................:      1064
EarlyWakeupFired.................................:       306
StaticDynPipeBlockCycles.........................:       147
DynStaticChainBlockCycles........................:       121
ExpandTagHits_INT................................:        62
ExpandTagMisses_INT..............................:         2
ExpandBankFills_INT..............................:         2
ExpandTempFills_INT..............................:         0
ExpandEvicts_INT.................................:         0
ExpandTagHits_FMA................................:         0
ExpandTagMisses_FMA..............................:         0
ExpandBankFills_FMA..............................:         0
ExpandTempFills_FMA..............................:         0
ExpandEvicts_FMA.................................:         0
ExpandTagHits_LNEXP..............................:         0
ExpandTagMisses_LNEXP............................:         0
ExpandBankFills_LNEXP............................:         0
ExpandTempFills_LNEXP............................:         0
ExpandEvicts_LNEXP...............................:         0
ExpandFillDrops..................................:         0
ExpandReadStaleFallbacks cls0....................:         0
ExpandReadStaleFallbacks cls1....................:         0
ExpandReadStaleFallbacks cls2....................:         0
LeSharedPortBlockCycles..........................:         0
LeSrc1CarrySkips.................................:         0
=======Static Path Bank Access / Conflict Attribution=======
  StaticBankReads Bank[0]........................:       104
  StaticBankReads Bank[1]........................:        98
  StaticBankReads Bank[2]........................:        89
  StaticBankReads Bank[3]........................:        89
  StaticBankReads Bank[4]........................:       105
  StaticBankReads Bank[5]........................:       105
  StaticBankReads Bank[6]........................:       117
  StaticBankReads Bank[7]........................:       112
  StaticDetectReadBlocks Bank[0].................:         8
  StaticDetectReadBlocks Bank[1].................:         8
  StaticDetectReadBlocks Bank[2].................:         4
  StaticDetectReadBlocks Bank[3].................:         2
  StaticDetectReadBlocks Bank[4].................:         6
  StaticDetectReadBlocks Bank[5].................:         8
  StaticDetectReadBlocks Bank[6].................:         7
  StaticDetectReadBlocks Bank[7].................:         6
  StaticDetectWriteBlocks Bank[0]................:         0
  StaticDetectWriteBlocks Bank[1]................:         0
  StaticDetectWriteBlocks Bank[2]................:         0
  StaticDetectWriteBlocks Bank[3]................:         0
  StaticDetectWriteBlocks Bank[4]................:         0
  StaticDetectWriteBlocks Bank[5]................:         0
  StaticDetectWriteBlocks Bank[6]................:         0
  StaticDetectWriteBlocks Bank[7]................:         0
  StaticIntYieldBlocks Bank[0]...................:         0
  StaticIntYieldBlocks Bank[1]...................:         0
  StaticIntYieldBlocks Bank[2]...................:         0
  StaticIntYieldBlocks Bank[3]...................:         0
  StaticIntYieldBlocks Bank[4]...................:         0
  StaticIntYieldBlocks Bank[5]...................:         0
  StaticIntYieldBlocks Bank[6]...................:         0
  StaticIntYieldBlocks Bank[7]...................:         0
  StaticBoardOccSum Bank[0]......................:      1924
  StaticBoardOccSum Bank[1]......................:      1867
  StaticBoardOccSum Bank[2]......................:      1725
  StaticBoardOccSum Bank[3]......................:      1803
  StaticBoardOccSum Bank[4]......................:      1835
  StaticBoardOccSum Bank[5]......................:      1767
  StaticBoardOccSum Bank[6]......................:      1727
  StaticBoardOccSum Bank[7]......................:      1692
  StaticBoardOccColSum Col[0]....................:      1643
  StaticBoardOccColSum Col[1]....................:      1643
  StaticBoardOccColSum Col[2]....................:      1643
  StaticBoardOccColSum Col[3]....................:      1278
  StaticBoardOccColSum Col[4]....................:      1133
  StaticBoardOccColSum Col[5]....................:      1000
  StaticBoardOccColSum Col[6]....................:      1000
  StaticBoardOccColSum Col[7]....................:      1000
  StaticBoardOccColSum Col[8]....................:      1000
  StaticBoardOccColSum Col[9]....................:      1000
  StaticBoardOccColSum Col[10]...................:      1000
  StaticBoardOccColSum Col[11]...................:      1000
  StaticBoardOccColSum Col[12]...................:         0
  StaticBoardOccColSum Col[13]...................:         0
  StaticBoardOccColSum Col[14]...................:         0
  StaticBoardOccColSum Col[15]...................:         0
VecAluAcceptCycles_FMA...........................:       176
VecAluAcceptCycles_INT...........................:       956
VecAluAcceptCycles_LNEXP.........................:        64
VecTripleIssueCycles.............................:         0
VecDualIssueCycles...............................:        62
VecSingleIssueCycles.............................:      1072
VecIdleIssueCycles...............................:     35664
CellReadMergeSaved...............................:         0
SrcBufBypassIssue................................:         0
SplitRawGateBlocked..............................:         0
SplitNoFreeSlotCycles............................:         0
IPC(UOP).........................................:  0.032502
RowExpandTileNum.................................:         0
RowReduceTileNum.................................:        20
RowReduceLayerNum................................:         0
RowReduceUopSplit................................:        80
RowReduceUopDone.................................:        80
RowReduceRootWriteNum............................:        20
RowReduceFlushedTileNum..........................:         0
RowReduceEntryUnavailableCycles..................:         0
RowReduceSplitBandwidthWaitTileCycles............:         0
RowReduceSrcBufFullTileCycles....................:         0
RowReduceLayerWaitTileCycles.....................:         0
RowReduceLayerPublishWaitTileCycles..............:         0
RowReduceReadPortWaitUopCycles...................:         0
RowReduceSourceResponseWaitUopCycles.............:         0
RowReduceIssueIntervalWaitUopCycles..............:         0
RowReduceSameGroupWaitUopCycles..................:         0
RowReduceExecPipeFullUopCycles...................:         0
RowReduceRootDstBufWaitTileCycles................:         0
RowReduceRootWritePortWaitCycles.................:         0
RowReduceRootWriteResponseWaitCycles.............:         0
RowReduceSrcNotReadyCycles.......................:        60
RowReduceTEMPForwardHits.........................:        70
RowReduceCellFallbackReads.......................:        72
RedTempMacroNum..................................:         0
HybridCountGatedTiles............................:         0
ReadNum..........................................:        64
CellReadAccessTotal..............................:       947
CellReadAccess_INT...............................:       549
CellReadAccess_FMA...............................:       352
CellReadAccess_LNEXP.............................:        46
ReadLat..........................................:      6.02
  |--LatLE5......................................:         0
  |--LatLE10.....................................:        64
  |--LatLE15.....................................:         0
  |--LatGT15.....................................:         0
WriteNum.........................................:       134
CellWriteAccessTotal.............................:      1134
CellWriteAccess_INT..............................:       894
CellWriteAccess_FMA..............................:       176
CellWriteAccess_LNEXP............................:        64
TempForwardHits_INT..............................:       369
TempForwardHits_FMA..............................:         0
TempForwardHits_LNEXP............................:        18
TempForwardMisses_INT............................:       483
TempForwardMisses_FMA............................:       352
TempForwardMisses_LNEXP..........................:        46
ExpandTagHits_INT................................:        62
ExpandTagHits_FMA................................:         0
ExpandTagHits_LNEXP..............................:         0
ExpandTagMisses_INT..............................:         2
ExpandTagMisses_FMA..............................:         0
ExpandTagMisses_LNEXP............................:         0
ExpandBankFills_INT..............................:         2
ExpandBankFills_FMA..............................:         0
ExpandBankFills_LNEXP............................:         0
ExpandTempFills_INT..............................:         0
ExpandTempFills_FMA..............................:         0
ExpandTempFills_LNEXP............................:         0
ExpandEvicts_INT.................................:         0
ExpandEvicts_FMA.................................:         0
ExpandEvicts_LNEXP...............................:         0
LeSharedPortBlockCycles..........................:         0
WriteLat.........................................:      1.10
  |--LatLE5......................................:       134
  |--LatLE10.....................................:         0
  |--LatLE15.....................................:         0
  |--LatGT15.....................................:         0
AccountExpCellReads_INT..........................:       980
AccountExpCellReads_FMA..........................:       352
AccountExpCellReads_LNEXP........................:        64
AccountExpRedTempReads...........................:         0
AccountRedTempReads..............................:         0
AccountExpCellWrites_INT.........................:       956
AccountExpCellWrites_FMA.........................:       176
AccountExpCellWrites_LNEXP.......................:        64
AccountExpRedTempWrites..........................:         0
AccountExpReadsTotal.............................:      1396
AccountActReadsTotal.............................:      1396
AccountReadDelta.................................:      0.00
AccountExpWritesTotal............................:      1196
AccountActWritesTotal............................:      1134
AccountWriteDelta................................:     62.00
========================VecUtilStack========================
UtilStackW_INT...................................:       956
UtilStackO_INT...................................:         4
UtilStackA_INT...................................:         0
UtilStackD_INT...................................:         5
UtilStackI_INT...................................:        36
UtilStackS_INT...................................:     35797
UtilStackUnaccounted_INT.........................:         0
UtilStackW_FMA...................................:       176
UtilStackO_FMA...................................:         0
UtilStackA_FMA...................................:         0
UtilStackD_FMA...................................:         0
UtilStackI_FMA...................................:         0
UtilStackS_FMA...................................:     36622
UtilStackUnaccounted_FMA.........................:         0
UtilStackW_LNEXP.................................:        64
UtilStackO_LNEXP.................................:         0
UtilStackA_LNEXP.................................:        66
UtilStackD_LNEXP.................................:         0
UtilStackI_LNEXP.................................:         0
UtilStackS_LNEXP.................................:     36668
UtilStackUnaccounted_LNEXP.......................:         0
UtilStackW_SHARED................................:         0
UtilStackO_SHARED................................:         0
UtilStackA_SHARED................................:         0
UtilStackD_SHARED................................:         0
UtilStackI_SHARED................................:         0
UtilStackS_SHARED................................:     36798
UtilStackUnaccounted_SHARED......................:         0
UtilStackCycles..................................:     36798
UtilStackVecBusy.................................:      3224
UtilStackVecExposed..............................:      3224
  UtilStackSub_O_DstWriteCfl_INT.................:         0
  UtilStackSub_O_BankCfl_INT.....................:         4
  UtilStackSub_O_SharedPort_INT..................:         0
  UtilStackSub_O_YieldFma_INT....................:         0
  UtilStackSub_O_LePort_INT......................:         0
  UtilStackSub_A_RedTempMacro_INT................:         0
  UtilStackSub_A_LeThrottle_INT..................:         0
  UtilStackSub_A_LeFifoFull_INT..................:         0
  UtilStackSub_A_IiCool_INT......................:         0
  UtilStackSub_A_DstbufFull_INT..................:         0
  UtilStackSub_A_PipeFull_INT....................:         0
  UtilStackSub_D_StaticSrc_INT...................:         0
  UtilStackSub_D_RedTempCount_INT................:         0
  UtilStackSub_D_DynSrcbuf_INT...................:         5
  UtilStackSubO_Reconcile_INT....................:      0.00
  UtilStackSubA_Reconcile_INT....................:      0.00
  UtilStackSubD_Reconcile_INT....................:      0.00
  UtilStackSub_O_DstWriteCfl_FMA.................:         0
  UtilStackSub_O_BankCfl_FMA.....................:         0
  UtilStackSub_O_SharedPort_FMA..................:         0
  UtilStackSub_O_YieldFma_FMA....................:         0
  UtilStackSub_O_LePort_FMA......................:         0
  UtilStackSub_A_RedTempMacro_FMA................:         0
  UtilStackSub_A_LeThrottle_FMA..................:         0
  UtilStackSub_A_LeFifoFull_FMA..................:         0
  UtilStackSub_A_IiCool_FMA......................:         0
  UtilStackSub_A_DstbufFull_FMA..................:         0
  UtilStackSub_A_PipeFull_FMA....................:         0
  UtilStackSub_D_StaticSrc_FMA...................:         0
  UtilStackSub_D_RedTempCount_FMA................:         0
  UtilStackSub_D_DynSrcbuf_FMA...................:         0
  UtilStackSubO_Reconcile_FMA....................:      0.00
  UtilStackSubA_Reconcile_FMA....................:      0.00
  UtilStackSubD_Reconcile_FMA....................:      0.00
  UtilStackSub_O_DstWriteCfl_LNEXP...............:         0
  UtilStackSub_O_BankCfl_LNEXP...................:         0
  UtilStackSub_O_SharedPort_LNEXP................:         0
  UtilStackSub_O_YieldFma_LNEXP..................:         0
  UtilStackSub_O_LePort_LNEXP....................:         0
  UtilStackSub_A_RedTempMacro_LNEXP..............:         0
  UtilStackSub_A_LeThrottle_LNEXP................:        62
  UtilStackSub_A_LeFifoFull_LNEXP................:         4
  UtilStackSub_A_IiCool_LNEXP....................:         0
  UtilStackSub_A_DstbufFull_LNEXP................:         0
  UtilStackSub_A_PipeFull_LNEXP..................:         0
  UtilStackSub_D_StaticSrc_LNEXP.................:         0
  UtilStackSub_D_RedTempCount_LNEXP..............:         0
  UtilStackSub_D_DynSrcbuf_LNEXP.................:         0
  UtilStackSubO_Reconcile_LNEXP..................:      0.00
  UtilStackSubA_Reconcile_LNEXP..................:      0.00
  UtilStackSubD_Reconcile_LNEXP..................:      0.00
  UtilStackSub_O_DstWriteCfl_SHARED..............:         0
  UtilStackSub_O_BankCfl_SHARED..................:         0
  UtilStackSub_O_SharedPort_SHARED...............:         0
  UtilStackSub_O_YieldFma_SHARED.................:         0
  UtilStackSub_O_LePort_SHARED...................:         0
  UtilStackSub_A_RedTempMacro_SHARED.............:         0
  UtilStackSub_A_LeThrottle_SHARED...............:         0
  UtilStackSub_A_LeFifoFull_SHARED...............:         0
  UtilStackSub_A_IiCool_SHARED...................:         0
  UtilStackSub_A_DstbufFull_SHARED...............:         0
  UtilStackSub_A_PipeFull_SHARED.................:         0
  UtilStackSub_D_StaticSrc_SHARED................:         0
  UtilStackSub_D_RedTempCount_SHARED.............:         0
  UtilStackSub_D_DynSrcbuf_SHARED................:         0
  UtilStackSubO_Reconcile_SHARED.................:      0.00
  UtilStackSubA_Reconcile_SHARED.................:      0.00
  UtilStackSubD_Reconcile_SHARED.................:      0.00
  UtilStackOBlocker_None_INT.....................:         0
  UtilStackOBlocker_FmaRead_INT..................:         0
  UtilStackOBlocker_IntRead_INT..................:         0
  UtilStackOBlocker_LeRead_INT...................:         0
  UtilStackOBlocker_FmaWrite_INT.................:         0
  UtilStackOBlocker_IntWrite_INT.................:         4
  UtilStackOBlocker_CubeRead_INT.................:         0
  UtilStackOBlocker_CubeWrite_INT................:         0
  UtilStackOBlocker_LeWrite_INT..................:         0
  UtilStackOBlocker_Reconcile_INT................:      0.00
  UtilStackOBlocker_None_FMA.....................:         0
  UtilStackOBlocker_FmaRead_FMA..................:         0
  UtilStackOBlocker_IntRead_FMA..................:         0
  UtilStackOBlocker_LeRead_FMA...................:         0
  UtilStackOBlocker_FmaWrite_FMA.................:         0
  UtilStackOBlocker_IntWrite_FMA.................:         0
  UtilStackOBlocker_CubeRead_FMA.................:         0
  UtilStackOBlocker_CubeWrite_FMA................:         0
  UtilStackOBlocker_LeWrite_FMA..................:         0
  UtilStackOBlocker_Reconcile_FMA................:      0.00
  UtilStackOBlocker_None_LNEXP...................:         0
  UtilStackOBlocker_FmaRead_LNEXP................:         0
  UtilStackOBlocker_IntRead_LNEXP................:         0
  UtilStackOBlocker_LeRead_LNEXP.................:         0
  UtilStackOBlocker_FmaWrite_LNEXP...............:         0
  UtilStackOBlocker_IntWrite_LNEXP...............:         0
  UtilStackOBlocker_CubeRead_LNEXP...............:         0
  UtilStackOBlocker_CubeWrite_LNEXP..............:         0
  UtilStackOBlocker_LeWrite_LNEXP................:         0
  UtilStackOBlocker_Reconcile_LNEXP..............:      0.00
  UtilStackOBlocker_None_SHARED..................:         0
  UtilStackOBlocker_FmaRead_SHARED...............:         0
  UtilStackOBlocker_IntRead_SHARED...............:         0
  UtilStackOBlocker_LeRead_SHARED................:         0
  UtilStackOBlocker_FmaWrite_SHARED..............:         0
  UtilStackOBlocker_IntWrite_SHARED..............:         0
  UtilStackOBlocker_CubeRead_SHARED..............:         0
  UtilStackOBlocker_CubeWrite_SHARED.............:         0
  UtilStackOBlocker_LeWrite_SHARED...............:         0
  UtilStackOBlocker_Reconcile_SHARED.............:      0.00
YieldFmaReadCycles...............................:         0
YieldFmaWriteCycles..............................:         0
UtilStackHideRatio...............................:      0.00
UtilStackHideRatioStrict.........................:      0.00
  UtilStackIssueCombo_None.......................:     35664
  UtilStackIssueCombo_INT........................:       894
  UtilStackIssueCombo_FMA........................:       171
  UtilStackIssueCombo_INT+FMA....................:         5
  UtilStackIssueCombo_LE.........................:         7
  UtilStackIssueCombo_INT+LE.....................:        57
  UtilStackIssueCombo_FMA+LE.....................:         0
  UtilStackIssueCombo_INT+FMA+LE.................:         0
  UtilStackIssueCombo_SH.........................:         0
  UtilStackIssueCombo_INT+SH.....................:         0
  UtilStackIssueCombo_FMA+SH.....................:         0
  UtilStackIssueCombo_INT+FMA+SH.................:         0
  UtilStackIssueCombo_LE+SH......................:         0
  UtilStackIssueCombo_INT+LE+SH..................:         0
  UtilStackIssueCombo_FMA+LE+SH..................:         0
  UtilStackIssueCombo_INT+FMA+LE+SH..............:         0
  UtilStackIssueCombo_Reconcile..................:      0.00
  UtilStackIssueEvent_Reconcile..................:      0.00
UtilStackMultiIssueProb..........................:      0.05
UtilStackAvgIssueRate............................:      0.03
UtilStackIssueWidthUtil..........................:      0.01
====================Vector PMU Stats PE1====================
PEId.............................................:         1
TileopNum........................................:       291
TCMPPackedTileNum................................:         2
TCMPFragmentExpected.............................:        64
TCMPFragmentCompleted............................:        64
TCMPFragmentCanceled.............................:         0
TCMPPackedCellWrites.............................:         2
TCMPPackWriteWaitCycles..........................:         2
TCMPFlushedTileNum...............................:         0
UopNum...........................................:      1100
SplitCellCountMismatch...........................:         0
SplitPartialCellUopCount.........................:         0
SplitUopAvgPayloadBytes..........................:       N/A
UopQDispatch_INT.................................:       132
UopQReadyBypass_INT..............................:        16
UopQDispatchSrcBufFullCycles_INT.................:       110
UopQDispatchSrcBufFullBlockedCycles_INT..........:       110
VecSrcCellNotReadyCycles_INT.....................:       460
SharedReadPortWaitCycles_INT.....................:         0
UopQDispatch_FMA.................................:         0
UopQReadyBypass_FMA..............................:         0
UopQDispatchSrcBufFullCycles_FMA.................:         0
UopQDispatchSrcBufFullBlockedCycles_FMA..........:         0
VecSrcCellNotReadyCycles_FMA.....................:       104
SharedReadPortWaitCycles_FMA.....................:         0
UopQDispatch_LNEXP...............................:         0
UopQReadyBypass_LNEXP............................:         0
UopQDispatchSrcBufFullCycles_LNEXP...............:         0
UopQDispatchSrcBufFullBlockedCycles_LNEXP........:         0
VecSrcCellNotReadyCycles_LNEXP...................:       122
SharedReadPortWaitCycles_LNEXP...................:         0
CellReadMergedUops...............................:         0
StaticUopsIssued.................................:       968
StaticBoardBlockCycles...........................:         0
StaticWritebacks.................................:       968
EarlyWakeupFired.................................:       281
StaticDynPipeBlockCycles.........................:       144
DynStaticChainBlockCycles........................:       122
ExpandTagHits_INT................................:        26
ExpandTagMisses_INT..............................:         2
ExpandBankFills_INT..............................:         2
ExpandTempFills_INT..............................:         0
ExpandEvicts_INT.................................:         0
ExpandTagHits_FMA................................:         0
ExpandTagMisses_FMA..............................:         0
ExpandBankFills_FMA..............................:         0
ExpandTempFills_FMA..............................:         0
ExpandEvicts_FMA.................................:         0
ExpandTagHits_LNEXP..............................:         0
ExpandTagMisses_LNEXP............................:         0
ExpandBankFills_LNEXP............................:         0
ExpandTempFills_LNEXP............................:         0
ExpandEvicts_LNEXP...............................:         0
ExpandFillDrops..................................:         0
ExpandReadStaleFallbacks cls0....................:         0
ExpandReadStaleFallbacks cls1....................:         0
ExpandReadStaleFallbacks cls2....................:         0
LeSharedPortBlockCycles..........................:         0
LeSrc1CarrySkips.................................:         0
=======Static Path Bank Access / Conflict Attribution=======
  StaticBankReads Bank[0]........................:       124
  StaticBankReads Bank[1]........................:       118
  StaticBankReads Bank[2]........................:        96
  StaticBankReads Bank[3]........................:       102
  StaticBankReads Bank[4]........................:        86
  StaticBankReads Bank[5]........................:        83
  StaticBankReads Bank[6]........................:        96
  StaticBankReads Bank[7]........................:        87
  StaticDetectReadBlocks Bank[0].................:         4
  StaticDetectReadBlocks Bank[1].................:        10
  StaticDetectReadBlocks Bank[2].................:         4
  StaticDetectReadBlocks Bank[3].................:         0
  StaticDetectReadBlocks Bank[4].................:         9
  StaticDetectReadBlocks Bank[5].................:        10
  StaticDetectReadBlocks Bank[6].................:         7
  StaticDetectReadBlocks Bank[7].................:         2
  StaticDetectWriteBlocks Bank[0]................:         0
  StaticDetectWriteBlocks Bank[1]................:         0
  StaticDetectWriteBlocks Bank[2]................:         0
  StaticDetectWriteBlocks Bank[3]................:         0
  StaticDetectWriteBlocks Bank[4]................:         0
  StaticDetectWriteBlocks Bank[5]................:         0
  StaticDetectWriteBlocks Bank[6]................:         0
  StaticDetectWriteBlocks Bank[7]................:         0
  StaticIntYieldBlocks Bank[0]...................:         0
  StaticIntYieldBlocks Bank[1]...................:         0
  StaticIntYieldBlocks Bank[2]...................:         0
  StaticIntYieldBlocks Bank[3]...................:         0
  StaticIntYieldBlocks Bank[4]...................:         0
  StaticIntYieldBlocks Bank[5]...................:         0
  StaticIntYieldBlocks Bank[6]...................:         0
  StaticIntYieldBlocks Bank[7]...................:         0
  StaticBoardOccSum Bank[0]......................:      1748
  StaticBoardOccSum Bank[1]......................:      1712
  StaticBoardOccSum Bank[2]......................:      1699
  StaticBoardOccSum Bank[3]......................:      1710
  StaticBoardOccSum Bank[4]......................:      1610
  StaticBoardOccSum Bank[5]......................:      1590
  StaticBoardOccSum Bank[6]......................:      1616
  StaticBoardOccSum Bank[7]......................:      1535
  StaticBoardOccColSum Col[0]....................:      1540
  StaticBoardOccColSum Col[1]....................:      1540
  StaticBoardOccColSum Col[2]....................:      1540
  StaticBoardOccColSum Col[3]....................:      1208
  StaticBoardOccColSum Col[4]....................:      1064
  StaticBoardOccColSum Col[5]....................:       904
  StaticBoardOccColSum Col[6]....................:       904
  StaticBoardOccColSum Col[7]....................:       904
  StaticBoardOccColSum Col[8]....................:       904
  StaticBoardOccColSum Col[9]....................:       904
  StaticBoardOccColSum Col[10]...................:       904
  StaticBoardOccColSum Col[11]...................:       904
  StaticBoardOccColSum Col[12]...................:         0
  StaticBoardOccColSum Col[13]...................:         0
  StaticBoardOccColSum Col[14]...................:         0
  StaticBoardOccColSum Col[15]...................:         0
VecAluAcceptCycles_FMA...........................:       156
VecAluAcceptCycles_INT...........................:       880
VecAluAcceptCycles_LNEXP.........................:        64
VecTripleIssueCycles.............................:         0
VecDualIssueCycles...............................:        60
VecSingleIssueCycles.............................:       980
VecIdleIssueCycles...............................:     35758
CellReadMergeSaved...............................:         0
SrcBufBypassIssue................................:         0
SplitRawGateBlocked..............................:         0
SplitNoFreeSlotCycles............................:         0
IPC(UOP).........................................:  0.029893
RowExpandTileNum.................................:         0
RowReduceTileNum.................................:        20
RowReduceLayerNum................................:         0
RowReduceUopSplit................................:        80
RowReduceUopDone.................................:        80
RowReduceRootWriteNum............................:        20
RowReduceFlushedTileNum..........................:         0
RowReduceEntryUnavailableCycles..................:         0
RowReduceSplitBandwidthWaitTileCycles............:         0
RowReduceSrcBufFullTileCycles....................:         0
RowReduceLayerWaitTileCycles.....................:         0
RowReduceLayerPublishWaitTileCycles..............:         0
RowReduceReadPortWaitUopCycles...................:         0
RowReduceSourceResponseWaitUopCycles.............:         0
RowReduceIssueIntervalWaitUopCycles..............:         0
RowReduceSameGroupWaitUopCycles..................:         0
RowReduceExecPipeFullUopCycles...................:         0
RowReduceRootDstBufWaitTileCycles................:         0
RowReduceRootWritePortWaitCycles.................:         0
RowReduceRootWriteResponseWaitCycles.............:         0
RowReduceSrcNotReadyCycles.......................:        60
RowReduceTEMPForwardHits.........................:        80
RowReduceCellFallbackReads.......................:        62
RedTempMacroNum..................................:         0
HybridCountGatedTiles............................:         0
ReadNum..........................................:        64
CellReadAccessTotal..............................:       920
CellReadAccess_INT...............................:       550
CellReadAccess_FMA...............................:       312
CellReadAccess_LNEXP.............................:        58
ReadLat..........................................:      6.00
  |--LatLE5......................................:         0
  |--LatLE10.....................................:        64
  |--LatLE15.....................................:         0
  |--LatGT15.....................................:         0
WriteNum.........................................:       134
CellWriteAccessTotal.............................:      1038
CellWriteAccess_INT..............................:       818
CellWriteAccess_FMA..............................:       156
CellWriteAccess_LNEXP............................:        64
TempForwardHits_INT..............................:       344
TempForwardHits_FMA..............................:         0
TempForwardHits_LNEXP............................:         6
TempForwardMisses_INT............................:       448
TempForwardMisses_FMA............................:       312
TempForwardMisses_LNEXP..........................:        58
ExpandTagHits_INT................................:        26
ExpandTagHits_FMA................................:         0
ExpandTagHits_LNEXP..............................:         0
ExpandTagMisses_INT..............................:         2
ExpandTagMisses_FMA..............................:         0
ExpandTagMisses_LNEXP............................:         0
ExpandBankFills_INT..............................:         2
ExpandBankFills_FMA..............................:         0
ExpandBankFills_LNEXP............................:         0
ExpandTempFills_INT..............................:         0
ExpandTempFills_FMA..............................:         0
ExpandTempFills_LNEXP............................:         0
ExpandEvicts_INT.................................:         0
ExpandEvicts_FMA.................................:         0
ExpandEvicts_LNEXP...............................:         0
LeSharedPortBlockCycles..........................:         0
WriteLat.........................................:      1.10
  |--LatLE5......................................:       134
  |--LatLE10.....................................:         0
  |--LatLE15.....................................:         0
  |--LatGT15.....................................:         0
AccountExpCellReads_INT..........................:       920
AccountExpCellReads_FMA..........................:       312
AccountExpCellReads_LNEXP........................:        64
AccountExpRedTempReads...........................:         0
AccountRedTempReads..............................:         0
AccountExpCellWrites_INT.........................:       880
AccountExpCellWrites_FMA.........................:       156
AccountExpCellWrites_LNEXP.......................:        64
AccountExpRedTempWrites..........................:         0
AccountExpReadsTotal.............................:      1296
AccountActReadsTotal.............................:      1296
AccountReadDelta.................................:      0.00
AccountExpWritesTotal............................:      1100
AccountActWritesTotal............................:      1038
AccountWriteDelta................................:     62.00
========================VecUtilStack========================
UtilStackW_INT...................................:       880
UtilStackO_INT...................................:         2
UtilStackA_INT...................................:         0
UtilStackD_INT...................................:         4
UtilStackI_INT...................................:        38
UtilStackS_INT...................................:     35874
UtilStackUnaccounted_INT.........................:         0
UtilStackW_FMA...................................:       156
UtilStackO_FMA...................................:         0
UtilStackA_FMA...................................:         0
UtilStackD_FMA...................................:         0
UtilStackI_FMA...................................:         0
UtilStackS_FMA...................................:     36642
UtilStackUnaccounted_FMA.........................:         0
UtilStackW_LNEXP.................................:        64
UtilStackO_LNEXP.................................:         0
UtilStackA_LNEXP.................................:        66
UtilStackD_LNEXP.................................:         0
UtilStackI_LNEXP.................................:         0
UtilStackS_LNEXP.................................:     36668
UtilStackUnaccounted_LNEXP.......................:         0
UtilStackW_SHARED................................:         0
UtilStackO_SHARED................................:         0
UtilStackA_SHARED................................:         0
UtilStackD_SHARED................................:         0
UtilStackI_SHARED................................:         0
UtilStackS_SHARED................................:     36798
UtilStackUnaccounted_SHARED......................:         0
UtilStackCycles..................................:     36798
UtilStackVecBusy.................................:      3011
UtilStackVecExposed..............................:      3011
  UtilStackSub_O_DstWriteCfl_INT.................:         0
  UtilStackSub_O_BankCfl_INT.....................:         2
  UtilStackSub_O_SharedPort_INT..................:         0
  UtilStackSub_O_YieldFma_INT....................:         0
  UtilStackSub_O_LePort_INT......................:         0
  UtilStackSub_A_RedTempMacro_INT................:         0
  UtilStackSub_A_LeThrottle_INT..................:         0
  UtilStackSub_A_LeFifoFull_INT..................:         0
  UtilStackSub_A_IiCool_INT......................:         0
  UtilStackSub_A_DstbufFull_INT..................:         0
  UtilStackSub_A_PipeFull_INT....................:         0
  UtilStackSub_D_StaticSrc_INT...................:         0
  UtilStackSub_D_RedTempCount_INT................:         0
  UtilStackSub_D_DynSrcbuf_INT...................:         4
  UtilStackSubO_Reconcile_INT....................:      0.00
  UtilStackSubA_Reconcile_INT....................:      0.00
  UtilStackSubD_Reconcile_INT....................:      0.00
  UtilStackSub_O_DstWriteCfl_FMA.................:         0
  UtilStackSub_O_BankCfl_FMA.....................:         0
  UtilStackSub_O_SharedPort_FMA..................:         0
  UtilStackSub_O_YieldFma_FMA....................:         0
  UtilStackSub_O_LePort_FMA......................:         0
  UtilStackSub_A_RedTempMacro_FMA................:         0
  UtilStackSub_A_LeThrottle_FMA..................:         0
  UtilStackSub_A_LeFifoFull_FMA..................:         0
  UtilStackSub_A_IiCool_FMA......................:         0
  UtilStackSub_A_DstbufFull_FMA..................:         0
  UtilStackSub_A_PipeFull_FMA....................:         0
  UtilStackSub_D_StaticSrc_FMA...................:         0
  UtilStackSub_D_RedTempCount_FMA................:         0
  UtilStackSub_D_DynSrcbuf_FMA...................:         0
  UtilStackSubO_Reconcile_FMA....................:      0.00
  UtilStackSubA_Reconcile_FMA....................:      0.00
  UtilStackSubD_Reconcile_FMA....................:      0.00
  UtilStackSub_O_DstWriteCfl_LNEXP...............:         0
  UtilStackSub_O_BankCfl_LNEXP...................:         0
  UtilStackSub_O_SharedPort_LNEXP................:         0
  UtilStackSub_O_YieldFma_LNEXP..................:         0
  UtilStackSub_O_LePort_LNEXP....................:         0
  UtilStackSub_A_RedTempMacro_LNEXP..............:         0
  UtilStackSub_A_LeThrottle_LNEXP................:        62
  UtilStackSub_A_LeFifoFull_LNEXP................:         4
  UtilStackSub_A_IiCool_LNEXP....................:         0
  UtilStackSub_A_DstbufFull_LNEXP................:         0
  UtilStackSub_A_PipeFull_LNEXP..................:         0
  UtilStackSub_D_StaticSrc_LNEXP.................:         0
  UtilStackSub_D_RedTempCount_LNEXP..............:         0
  UtilStackSub_D_DynSrcbuf_LNEXP.................:         0
  UtilStackSubO_Reconcile_LNEXP..................:      0.00
  UtilStackSubA_Reconcile_LNEXP..................:      0.00
  UtilStackSubD_Reconcile_LNEXP..................:      0.00
  UtilStackSub_O_DstWriteCfl_SHARED..............:         0
  UtilStackSub_O_BankCfl_SHARED..................:         0
  UtilStackSub_O_SharedPort_SHARED...............:         0
  UtilStackSub_O_YieldFma_SHARED.................:         0
  UtilStackSub_O_LePort_SHARED...................:         0
  UtilStackSub_A_RedTempMacro_SHARED.............:         0
  UtilStackSub_A_LeThrottle_SHARED...............:         0
  UtilStackSub_A_LeFifoFull_SHARED...............:         0
  UtilStackSub_A_IiCool_SHARED...................:         0
  UtilStackSub_A_DstbufFull_SHARED...............:         0
  UtilStackSub_A_PipeFull_SHARED.................:         0
  UtilStackSub_D_StaticSrc_SHARED................:         0
  UtilStackSub_D_RedTempCount_SHARED.............:         0
  UtilStackSub_D_DynSrcbuf_SHARED................:         0
  UtilStackSubO_Reconcile_SHARED.................:      0.00
  UtilStackSubA_Reconcile_SHARED.................:      0.00
  UtilStackSubD_Reconcile_SHARED.................:      0.00
  UtilStackOBlocker_None_INT.....................:         0
  UtilStackOBlocker_FmaRead_INT..................:         0
  UtilStackOBlocker_IntRead_INT..................:         0
  UtilStackOBlocker_LeRead_INT...................:         0
  UtilStackOBlocker_FmaWrite_INT.................:         0
  UtilStackOBlocker_IntWrite_INT.................:         2
  UtilStackOBlocker_CubeRead_INT.................:         0
  UtilStackOBlocker_CubeWrite_INT................:         0
  UtilStackOBlocker_LeWrite_INT..................:         0
  UtilStackOBlocker_Reconcile_INT................:      0.00
  UtilStackOBlocker_None_FMA.....................:         0
  UtilStackOBlocker_FmaRead_FMA..................:         0
  UtilStackOBlocker_IntRead_FMA..................:         0
  UtilStackOBlocker_LeRead_FMA...................:         0
  UtilStackOBlocker_FmaWrite_FMA.................:         0
  UtilStackOBlocker_IntWrite_FMA.................:         0
  UtilStackOBlocker_CubeRead_FMA.................:         0
  UtilStackOBlocker_CubeWrite_FMA................:         0
  UtilStackOBlocker_LeWrite_FMA..................:         0
  UtilStackOBlocker_Reconcile_FMA................:      0.00
  UtilStackOBlocker_None_LNEXP...................:         0
  UtilStackOBlocker_FmaRead_LNEXP................:         0
  UtilStackOBlocker_IntRead_LNEXP................:         0
  UtilStackOBlocker_LeRead_LNEXP.................:         0
  UtilStackOBlocker_FmaWrite_LNEXP...............:         0
  UtilStackOBlocker_IntWrite_LNEXP...............:         0
  UtilStackOBlocker_CubeRead_LNEXP...............:         0
  UtilStackOBlocker_CubeWrite_LNEXP..............:         0
  UtilStackOBlocker_LeWrite_LNEXP................:         0
  UtilStackOBlocker_Reconcile_LNEXP..............:      0.00
  UtilStackOBlocker_None_SHARED..................:         0
  UtilStackOBlocker_FmaRead_SHARED...............:         0
  UtilStackOBlocker_IntRead_SHARED...............:         0
  UtilStackOBlocker_LeRead_SHARED................:         0
  UtilStackOBlocker_FmaWrite_SHARED..............:         0
  UtilStackOBlocker_IntWrite_SHARED..............:         0
  UtilStackOBlocker_CubeRead_SHARED..............:         0
  UtilStackOBlocker_CubeWrite_SHARED.............:         0
  UtilStackOBlocker_LeWrite_SHARED...............:         0
  UtilStackOBlocker_Reconcile_SHARED.............:      0.00
YieldFmaReadCycles...............................:         0
YieldFmaWriteCycles..............................:         0
UtilStackHideRatio...............................:      0.00
UtilStackHideRatioStrict.........................:      0.00
  UtilStackIssueCombo_None.......................:     35758
  UtilStackIssueCombo_INT........................:       820
  UtilStackIssueCombo_FMA........................:       154
  UtilStackIssueCombo_INT+FMA....................:         2
  UtilStackIssueCombo_LE.........................:         6
  UtilStackIssueCombo_INT+LE.....................:        58
  UtilStackIssueCombo_FMA+LE.....................:         0
  UtilStackIssueCombo_INT+FMA+LE.................:         0
  UtilStackIssueCombo_SH.........................:         0
  UtilStackIssueCombo_INT+SH.....................:         0
  UtilStackIssueCombo_FMA+SH.....................:         0
  UtilStackIssueCombo_INT+FMA+SH.................:         0
  UtilStackIssueCombo_LE+SH......................:         0
  UtilStackIssueCombo_INT+LE+SH..................:         0
  UtilStackIssueCombo_FMA+LE+SH..................:         0
  UtilStackIssueCombo_INT+FMA+LE+SH..............:         0
  UtilStackIssueCombo_Reconcile..................:      0.00
  UtilStackIssueEvent_Reconcile..................:      0.00
UtilStackMultiIssueProb..........................:      0.06
UtilStackAvgIssueRate............................:      0.03
UtilStackIssueWidthUtil..........................:      0.01
====================Vector PMU Stats PE2====================
PEId.............................................:         2
TileopNum........................................:       291
TCMPPackedTileNum................................:         2
TCMPFragmentExpected.............................:        64
TCMPFragmentCompleted............................:        64
TCMPFragmentCanceled.............................:         0
TCMPPackedCellWrites.............................:         2
TCMPPackWriteWaitCycles..........................:         2
TCMPFlushedTileNum...............................:         0
UopNum...........................................:      1100
SplitCellCountMismatch...........................:         0
SplitPartialCellUopCount.........................:         0
SplitUopAvgPayloadBytes..........................:       N/A
UopQDispatch_INT.................................:       132
UopQReadyBypass_INT..............................:        16
UopQDispatchSrcBufFullCycles_INT.................:        98
UopQDispatchSrcBufFullBlockedCycles_INT..........:        98
VecSrcCellNotReadyCycles_INT.....................:       474
SharedReadPortWaitCycles_INT.....................:         0
UopQDispatch_FMA.................................:         0
UopQReadyBypass_FMA..............................:         0
UopQDispatchSrcBufFullCycles_FMA.................:         0
UopQDispatchSrcBufFullBlockedCycles_FMA..........:         0
VecSrcCellNotReadyCycles_FMA.....................:       105
SharedReadPortWaitCycles_FMA.....................:         0
UopQDispatch_LNEXP...............................:         0
UopQReadyBypass_LNEXP............................:         0
UopQDispatchSrcBufFullCycles_LNEXP...............:         0
UopQDispatchSrcBufFullBlockedCycles_LNEXP........:         0
VecSrcCellNotReadyCycles_LNEXP...................:       124
SharedReadPortWaitCycles_LNEXP...................:         0
CellReadMergedUops...............................:         0
StaticUopsIssued.................................:       968
StaticBoardBlockCycles...........................:         0
StaticWritebacks.................................:       968
EarlyWakeupFired.................................:       281
StaticDynPipeBlockCycles.........................:       144
DynStaticChainBlockCycles........................:       110
ExpandTagHits_INT................................:        28
ExpandTagMisses_INT..............................:         2
ExpandBankFills_INT..............................:         2
ExpandTempFills_INT..............................:         0
ExpandEvicts_INT.................................:         0
ExpandTagHits_FMA................................:         0
ExpandTagMisses_FMA..............................:         0
ExpandBankFills_FMA..............................:         0
ExpandTempFills_FMA..............................:         0
ExpandEvicts_FMA.................................:         0
ExpandTagHits_LNEXP..............................:         0
ExpandTagMisses_LNEXP............................:         0
ExpandBankFills_LNEXP............................:         0
ExpandTempFills_LNEXP............................:         0
ExpandEvicts_LNEXP...............................:         0
ExpandFillDrops..................................:         0
ExpandReadStaleFallbacks cls0....................:         0
ExpandReadStaleFallbacks cls1....................:         0
ExpandReadStaleFallbacks cls2....................:         0
LeSharedPortBlockCycles..........................:         0
LeSrc1CarrySkips.................................:         0
=======Static Path Bank Access / Conflict Attribution=======
  StaticBankReads Bank[0]........................:       114
  StaticBankReads Bank[1]........................:       107
  StaticBankReads Bank[2]........................:        90
  StaticBankReads Bank[3]........................:        93
  StaticBankReads Bank[4]........................:        93
  StaticBankReads Bank[5]........................:        91
  StaticBankReads Bank[6]........................:       102
  StaticBankReads Bank[7]........................:        93
  StaticDetectReadBlocks Bank[0].................:         5
  StaticDetectReadBlocks Bank[1].................:        42
  StaticDetectReadBlocks Bank[2].................:         4
  StaticDetectReadBlocks Bank[3].................:         0
  StaticDetectReadBlocks Bank[4].................:         8
  StaticDetectReadBlocks Bank[5].................:        10
  StaticDetectReadBlocks Bank[6].................:         6
  StaticDetectReadBlocks Bank[7].................:         2
  StaticDetectWriteBlocks Bank[0]................:         0
  StaticDetectWriteBlocks Bank[1]................:         0
  StaticDetectWriteBlocks Bank[2]................:         0
  StaticDetectWriteBlocks Bank[3]................:         0
  StaticDetectWriteBlocks Bank[4]................:         0
  StaticDetectWriteBlocks Bank[5]................:         0
  StaticDetectWriteBlocks Bank[6]................:         0
  StaticDetectWriteBlocks Bank[7]................:         0
  StaticIntYieldBlocks Bank[0]...................:         0
  StaticIntYieldBlocks Bank[1]...................:         0
  StaticIntYieldBlocks Bank[2]...................:         0
  StaticIntYieldBlocks Bank[3]...................:         0
  StaticIntYieldBlocks Bank[4]...................:         0
  StaticIntYieldBlocks Bank[5]...................:         0
  StaticIntYieldBlocks Bank[6]...................:         0
  StaticIntYieldBlocks Bank[7]...................:         0
  StaticBoardOccSum Bank[0]......................:      1768
  StaticBoardOccSum Bank[1]......................:      1705
  StaticBoardOccSum Bank[2]......................:      1645
  StaticBoardOccSum Bank[3]......................:      1671
  StaticBoardOccSum Bank[4]......................:      1616
  StaticBoardOccSum Bank[5]......................:      1575
  StaticBoardOccSum Bank[6]......................:      1641
  StaticBoardOccSum Bank[7]......................:      1560
  StaticBoardOccColSum Col[0]....................:      1531
  StaticBoardOccColSum Col[1]....................:      1531
  StaticBoardOccColSum Col[2]....................:      1531
  StaticBoardOccColSum Col[3]....................:      1200
  StaticBoardOccColSum Col[4]....................:      1060
  StaticBoardOccColSum Col[5]....................:       904
  StaticBoardOccColSum Col[6]....................:       904
  StaticBoardOccColSum Col[7]....................:       904
  StaticBoardOccColSum Col[8]....................:       904
  StaticBoardOccColSum Col[9]....................:       904
  StaticBoardOccColSum Col[10]...................:       904
  StaticBoardOccColSum Col[11]...................:       904
  StaticBoardOccColSum Col[12]...................:         0
  StaticBoardOccColSum Col[13]...................:         0
  StaticBoardOccColSum Col[14]...................:         0
  StaticBoardOccColSum Col[15]...................:         0
VecAluAcceptCycles_FMA...........................:       156
VecAluAcceptCycles_INT...........................:       880
VecAluAcceptCycles_LNEXP.........................:        64
VecTripleIssueCycles.............................:         0
VecDualIssueCycles...............................:        61
VecSingleIssueCycles.............................:       978
VecIdleIssueCycles...............................:     35759
CellReadMergeSaved...............................:         0
SrcBufBypassIssue................................:         0
SplitRawGateBlocked..............................:         0
SplitNoFreeSlotCycles............................:         0
IPC(UOP).........................................:  0.029893
RowExpandTileNum.................................:         0
RowReduceTileNum.................................:        20
RowReduceLayerNum................................:         0
RowReduceUopSplit................................:        80
RowReduceUopDone.................................:        80
RowReduceRootWriteNum............................:        20
RowReduceFlushedTileNum..........................:         0
RowReduceEntryUnavailableCycles..................:         0
RowReduceSplitBandwidthWaitTileCycles............:         0
RowReduceSrcBufFullTileCycles....................:         0
RowReduceLayerWaitTileCycles.....................:         0
RowReduceLayerPublishWaitTileCycles..............:         0
RowReduceReadPortWaitUopCycles...................:         0
RowReduceSourceResponseWaitUopCycles.............:         0
RowReduceIssueIntervalWaitUopCycles..............:         0
RowReduceSameGroupWaitUopCycles..................:         0
RowReduceExecPipeFullUopCycles...................:         0
RowReduceRootDstBufWaitTileCycles................:         0
RowReduceRootWritePortWaitCycles.................:         0
RowReduceRootWriteResponseWaitCycles.............:         0
RowReduceSrcNotReadyCycles.......................:        60
RowReduceTEMPForwardHits.........................:        80
RowReduceCellFallbackReads.......................:        62
RedTempMacroNum..................................:         0
HybridCountGatedTiles............................:         0
ReadNum..........................................:        64
CellReadAccessTotal..............................:       911
CellReadAccess_INT...............................:       537
CellReadAccess_FMA...............................:       312
CellReadAccess_LNEXP.............................:        62
ReadLat..........................................:      6.00
  |--LatLE5......................................:         0
  |--LatLE10.....................................:        64
  |--LatLE15.....................................:         0
  |--LatGT15.....................................:         0
WriteNum.........................................:       134
CellWriteAccessTotal.............................:      1038
CellWriteAccess_INT..............................:       818
CellWriteAccess_FMA..............................:       156
CellWriteAccess_LNEXP............................:        64
TempForwardHits_INT..............................:       355
TempForwardHits_FMA..............................:         0
TempForwardHits_LNEXP............................:         2
TempForwardMisses_INT............................:       437
TempForwardMisses_FMA............................:       312
TempForwardMisses_LNEXP..........................:        62
ExpandTagHits_INT................................:        28
ExpandTagHits_FMA................................:         0
ExpandTagHits_LNEXP..............................:         0
ExpandTagMisses_INT..............................:         2
ExpandTagMisses_FMA..............................:         0
ExpandTagMisses_LNEXP............................:         0
ExpandBankFills_INT..............................:         2
ExpandBankFills_FMA..............................:         0
ExpandBankFills_LNEXP............................:         0
ExpandTempFills_INT..............................:         0
ExpandTempFills_FMA..............................:         0
ExpandTempFills_LNEXP............................:         0
ExpandEvicts_INT.................................:         0
ExpandEvicts_FMA.................................:         0
ExpandEvicts_LNEXP...............................:         0
LeSharedPortBlockCycles..........................:         0
WriteLat.........................................:      1.09
  |--LatLE5......................................:       134
  |--LatLE10.....................................:         0
  |--LatLE15.....................................:         0
  |--LatGT15.....................................:         0
AccountExpCellReads_INT..........................:       920
AccountExpCellReads_FMA..........................:       312
AccountExpCellReads_LNEXP........................:        64
AccountExpRedTempReads...........................:         0
AccountRedTempReads..............................:         0
AccountExpCellWrites_INT.........................:       880
AccountExpCellWrites_FMA.........................:       156
AccountExpCellWrites_LNEXP.......................:        64
AccountExpRedTempWrites..........................:         0
AccountExpReadsTotal.............................:      1296
AccountActReadsTotal.............................:      1296
AccountReadDelta.................................:      0.00
AccountExpWritesTotal............................:      1100
AccountActWritesTotal............................:      1038
AccountWriteDelta................................:     62.00
========================VecUtilStack========================
UtilStackW_INT...................................:       880
UtilStackO_INT...................................:         5
UtilStackA_INT...................................:         0
UtilStackD_INT...................................:         4
UtilStackI_INT...................................:        37
UtilStackS_INT...................................:     35872
UtilStackUnaccounted_INT.........................:         0
UtilStackW_FMA...................................:       156
UtilStackO_FMA...................................:         0
UtilStackA_FMA...................................:         0
UtilStackD_FMA...................................:         0
UtilStackI_FMA...................................:         0
UtilStackS_FMA...................................:     36642
UtilStackUnaccounted_FMA.........................:         0
UtilStackW_LNEXP.................................:        64
UtilStackO_LNEXP.................................:         0
UtilStackA_LNEXP.................................:        68
UtilStackD_LNEXP.................................:         0
UtilStackI_LNEXP.................................:         0
UtilStackS_LNEXP.................................:     36666
UtilStackUnaccounted_LNEXP.......................:         0
UtilStackW_SHARED................................:         0
UtilStackO_SHARED................................:         0
UtilStackA_SHARED................................:         0
UtilStackD_SHARED................................:         0
UtilStackI_SHARED................................:         0
UtilStackS_SHARED................................:     36798
UtilStackUnaccounted_SHARED......................:         0
UtilStackCycles..................................:     36798
UtilStackVecBusy.................................:      3013
UtilStackVecExposed..............................:      3013
  UtilStackSub_O_DstWriteCfl_INT.................:         0
  UtilStackSub_O_BankCfl_INT.....................:         5
  UtilStackSub_O_SharedPort_INT..................:         0
  UtilStackSub_O_YieldFma_INT....................:         0
  UtilStackSub_O_LePort_INT......................:         0
  UtilStackSub_A_RedTempMacro_INT................:         0
  UtilStackSub_A_LeThrottle_INT..................:         0
  UtilStackSub_A_LeFifoFull_INT..................:         0
  UtilStackSub_A_IiCool_INT......................:         0
  UtilStackSub_A_DstbufFull_INT..................:         0
  UtilStackSub_A_PipeFull_INT....................:         0
  UtilStackSub_D_StaticSrc_INT...................:         0
  UtilStackSub_D_RedTempCount_INT................:         0
  UtilStackSub_D_DynSrcbuf_INT...................:         4
  UtilStackSubO_Reconcile_INT....................:      0.00
  UtilStackSubA_Reconcile_INT....................:      0.00
  UtilStackSubD_Reconcile_INT....................:      0.00
  UtilStackSub_O_DstWriteCfl_FMA.................:         0
  UtilStackSub_O_BankCfl_FMA.....................:         0
  UtilStackSub_O_SharedPort_FMA..................:         0
  UtilStackSub_O_YieldFma_FMA....................:         0
  UtilStackSub_O_LePort_FMA......................:         0
  UtilStackSub_A_RedTempMacro_FMA................:         0
  UtilStackSub_A_LeThrottle_FMA..................:         0
  UtilStackSub_A_LeFifoFull_FMA..................:         0
  UtilStackSub_A_IiCool_FMA......................:         0
  UtilStackSub_A_DstbufFull_FMA..................:         0
  UtilStackSub_A_PipeFull_FMA....................:         0
  UtilStackSub_D_StaticSrc_FMA...................:         0
  UtilStackSub_D_RedTempCount_FMA................:         0
  UtilStackSub_D_DynSrcbuf_FMA...................:         0
  UtilStackSubO_Reconcile_FMA....................:      0.00
  UtilStackSubA_Reconcile_FMA....................:      0.00
  UtilStackSubD_Reconcile_FMA....................:      0.00
  UtilStackSub_O_DstWriteCfl_LNEXP...............:         0
  UtilStackSub_O_BankCfl_LNEXP...................:         0
  UtilStackSub_O_SharedPort_LNEXP................:         0
  UtilStackSub_O_YieldFma_LNEXP..................:         0
  UtilStackSub_O_LePort_LNEXP....................:         0
  UtilStackSub_A_RedTempMacro_LNEXP..............:         0
  UtilStackSub_A_LeThrottle_LNEXP................:        64
  UtilStackSub_A_LeFifoFull_LNEXP................:         4
  UtilStackSub_A_IiCool_LNEXP....................:         0
  UtilStackSub_A_DstbufFull_LNEXP................:         0
  UtilStackSub_A_PipeFull_LNEXP..................:         0
  UtilStackSub_D_StaticSrc_LNEXP.................:         0
  UtilStackSub_D_RedTempCount_LNEXP..............:         0
  UtilStackSub_D_DynSrcbuf_LNEXP.................:         0
  UtilStackSubO_Reconcile_LNEXP..................:      0.00
  UtilStackSubA_Reconcile_LNEXP..................:      0.00
  UtilStackSubD_Reconcile_LNEXP..................:      0.00
  UtilStackSub_O_DstWriteCfl_SHARED..............:         0
  UtilStackSub_O_BankCfl_SHARED..................:         0
  UtilStackSub_O_SharedPort_SHARED...............:         0
  UtilStackSub_O_YieldFma_SHARED.................:         0
  UtilStackSub_O_LePort_SHARED...................:         0
  UtilStackSub_A_RedTempMacro_SHARED.............:         0
  UtilStackSub_A_LeThrottle_SHARED...............:         0
  UtilStackSub_A_LeFifoFull_SHARED...............:         0
  UtilStackSub_A_IiCool_SHARED...................:         0
  UtilStackSub_A_DstbufFull_SHARED...............:         0
  UtilStackSub_A_PipeFull_SHARED.................:         0
  UtilStackSub_D_StaticSrc_SHARED................:         0
  UtilStackSub_D_RedTempCount_SHARED.............:         0
  UtilStackSub_D_DynSrcbuf_SHARED................:         0
  UtilStackSubO_Reconcile_SHARED.................:      0.00
  UtilStackSubA_Reconcile_SHARED.................:      0.00
  UtilStackSubD_Reconcile_SHARED.................:      0.00
  UtilStackOBlocker_None_INT.....................:         0
  UtilStackOBlocker_FmaRead_INT..................:         0
  UtilStackOBlocker_IntRead_INT..................:         0
  UtilStackOBlocker_LeRead_INT...................:         1
  UtilStackOBlocker_FmaWrite_INT.................:         0
  UtilStackOBlocker_IntWrite_INT.................:         4
  UtilStackOBlocker_CubeRead_INT.................:         0
  UtilStackOBlocker_CubeWrite_INT................:         0
  UtilStackOBlocker_LeWrite_INT..................:         0
  UtilStackOBlocker_Reconcile_INT................:      0.00
  UtilStackOBlocker_None_FMA.....................:         0
  UtilStackOBlocker_FmaRead_FMA..................:         0
  UtilStackOBlocker_IntRead_FMA..................:         0
  UtilStackOBlocker_LeRead_FMA...................:         0
  UtilStackOBlocker_FmaWrite_FMA.................:         0
  UtilStackOBlocker_IntWrite_FMA.................:         0
  UtilStackOBlocker_CubeRead_FMA.................:         0
  UtilStackOBlocker_CubeWrite_FMA................:         0
  UtilStackOBlocker_LeWrite_FMA..................:         0
  UtilStackOBlocker_Reconcile_FMA................:      0.00
  UtilStackOBlocker_None_LNEXP...................:         0
  UtilStackOBlocker_FmaRead_LNEXP................:         0
  UtilStackOBlocker_IntRead_LNEXP................:         0
  UtilStackOBlocker_LeRead_LNEXP.................:         0
  UtilStackOBlocker_FmaWrite_LNEXP...............:         0
  UtilStackOBlocker_IntWrite_LNEXP...............:         0
  UtilStackOBlocker_CubeRead_LNEXP...............:         0
  UtilStackOBlocker_CubeWrite_LNEXP..............:         0
  UtilStackOBlocker_LeWrite_LNEXP................:         0
  UtilStackOBlocker_Reconcile_LNEXP..............:      0.00
  UtilStackOBlocker_None_SHARED..................:         0
  UtilStackOBlocker_FmaRead_SHARED...............:         0
  UtilStackOBlocker_IntRead_SHARED...............:         0
  UtilStackOBlocker_LeRead_SHARED................:         0
  UtilStackOBlocker_FmaWrite_SHARED..............:         0
  UtilStackOBlocker_IntWrite_SHARED..............:         0
  UtilStackOBlocker_CubeRead_SHARED..............:         0
  UtilStackOBlocker_CubeWrite_SHARED.............:         0
  UtilStackOBlocker_LeWrite_SHARED...............:         0
  UtilStackOBlocker_Reconcile_SHARED.............:      0.00
YieldFmaReadCycles...............................:         0
YieldFmaWriteCycles..............................:         0
UtilStackHideRatio...............................:      0.00
UtilStackHideRatioStrict.........................:      0.00
  UtilStackIssueCombo_None.......................:     35759
  UtilStackIssueCombo_INT........................:       819
  UtilStackIssueCombo_FMA........................:       156
  UtilStackIssueCombo_INT+FMA....................:         0
  UtilStackIssueCombo_LE.........................:         3
  UtilStackIssueCombo_INT+LE.....................:        61
  UtilStackIssueCombo_FMA+LE.....................:         0
  UtilStackIssueCombo_INT+FMA+LE.................:         0
  UtilStackIssueCombo_SH.........................:         0
  UtilStackIssueCombo_INT+SH.....................:         0
  UtilStackIssueCombo_FMA+SH.....................:         0
  UtilStackIssueCombo_INT+FMA+SH.................:         0
  UtilStackIssueCombo_LE+SH......................:         0
  UtilStackIssueCombo_INT+LE+SH..................:         0
  UtilStackIssueCombo_FMA+LE+SH..................:         0
  UtilStackIssueCombo_INT+FMA+LE+SH..............:         0
  UtilStackIssueCombo_Reconcile..................:      0.00
  UtilStackIssueEvent_Reconcile..................:      0.00
UtilStackMultiIssueProb..........................:      0.06
UtilStackAvgIssueRate............................:      0.03
UtilStackIssueWidthUtil..........................:      0.01
====================Vector PMU Stats PE3====================
PEId.............................................:         3
TileopNum........................................:       291
TCMPPackedTileNum................................:         2
TCMPFragmentExpected.............................:        64
TCMPFragmentCompleted............................:        64
TCMPFragmentCanceled.............................:         0
TCMPPackedCellWrites.............................:         2
TCMPPackWriteWaitCycles..........................:         2
TCMPFlushedTileNum...............................:         0
UopNum...........................................:      1100
SplitCellCountMismatch...........................:         0
SplitPartialCellUopCount.........................:         0
SplitUopAvgPayloadBytes..........................:       N/A
UopQDispatch_INT.................................:       132
UopQReadyBypass_INT..............................:        16
UopQDispatchSrcBufFullCycles_INT.................:       111
UopQDispatchSrcBufFullBlockedCycles_INT..........:       111
VecSrcCellNotReadyCycles_INT.....................:       471
SharedReadPortWaitCycles_INT.....................:         0
UopQDispatch_FMA.................................:         0
UopQReadyBypass_FMA..............................:         0
UopQDispatchSrcBufFullCycles_FMA.................:         0
UopQDispatchSrcBufFullBlockedCycles_FMA..........:         0
VecSrcCellNotReadyCycles_FMA.....................:       106
SharedReadPortWaitCycles_FMA.....................:         0
UopQDispatch_LNEXP...............................:         0
UopQReadyBypass_LNEXP............................:         0
UopQDispatchSrcBufFullCycles_LNEXP...............:         0
UopQDispatchSrcBufFullBlockedCycles_LNEXP........:         0
VecSrcCellNotReadyCycles_LNEXP...................:       124
SharedReadPortWaitCycles_LNEXP...................:         0
CellReadMergedUops...............................:         0
StaticUopsIssued.................................:       968
StaticBoardBlockCycles...........................:         0
StaticWritebacks.................................:       968
EarlyWakeupFired.................................:       281
StaticDynPipeBlockCycles.........................:       148
DynStaticChainBlockCycles........................:       121
ExpandTagHits_INT................................:        28
ExpandTagMisses_INT..............................:         2
ExpandBankFills_INT..............................:         2
ExpandTempFills_INT..............................:         0
ExpandEvicts_INT.................................:         0
ExpandTagHits_FMA................................:         0
ExpandTagMisses_FMA..............................:         0
ExpandBankFills_FMA..............................:         0
ExpandTempFills_FMA..............................:         0
ExpandEvicts_FMA.................................:         0
ExpandTagHits_LNEXP..............................:         0
ExpandTagMisses_LNEXP............................:         0
ExpandBankFills_LNEXP............................:         0
ExpandTempFills_LNEXP............................:         0
ExpandEvicts_LNEXP...............................:         0
ExpandFillDrops..................................:         0
ExpandReadStaleFallbacks cls0....................:         0
ExpandReadStaleFallbacks cls1....................:         0
ExpandReadStaleFallbacks cls2....................:         0
LeSharedPortBlockCycles..........................:         0
LeSrc1CarrySkips.................................:         0
=======Static Path Bank Access / Conflict Attribution=======
  StaticBankReads Bank[0]........................:       120
  StaticBankReads Bank[1]........................:       108
  StaticBankReads Bank[2]........................:        97
  StaticBankReads Bank[3]........................:        97
  StaticBankReads Bank[4]........................:       100
  StaticBankReads Bank[5]........................:        97
  StaticBankReads Bank[6]........................:        93
  StaticBankReads Bank[7]........................:        85
  StaticDetectReadBlocks Bank[0].................:         9
  StaticDetectReadBlocks Bank[1].................:         7
  StaticDetectReadBlocks Bank[2].................:         7
  StaticDetectReadBlocks Bank[3].................:         4
  StaticDetectReadBlocks Bank[4].................:         8
  StaticDetectReadBlocks Bank[5].................:         7
  StaticDetectReadBlocks Bank[6].................:         7
  StaticDetectReadBlocks Bank[7].................:         7
  StaticDetectWriteBlocks Bank[0]................:         0
  StaticDetectWriteBlocks Bank[1]................:         0
  StaticDetectWriteBlocks Bank[2]................:         0
  StaticDetectWriteBlocks Bank[3]................:         0
  StaticDetectWriteBlocks Bank[4]................:         0
  StaticDetectWriteBlocks Bank[5]................:         0
  StaticDetectWriteBlocks Bank[6]................:         0
  StaticDetectWriteBlocks Bank[7]................:         0
  StaticIntYieldBlocks Bank[0]...................:         0
  StaticIntYieldBlocks Bank[1]...................:         0
  StaticIntYieldBlocks Bank[2]...................:         0
  StaticIntYieldBlocks Bank[3]...................:         0
  StaticIntYieldBlocks Bank[4]...................:         0
  StaticIntYieldBlocks Bank[5]...................:         0
  StaticIntYieldBlocks Bank[6]...................:         0
  StaticIntYieldBlocks Bank[7]...................:         0
  StaticBoardOccSum Bank[0]......................:      1815
  StaticBoardOccSum Bank[1]......................:      1696
  StaticBoardOccSum Bank[2]......................:      1726
  StaticBoardOccSum Bank[3]......................:      1704
  StaticBoardOccSum Bank[4]......................:      1554
  StaticBoardOccSum Bank[5]......................:      1536
  StaticBoardOccSum Bank[6]......................:      1623
  StaticBoardOccSum Bank[7]......................:      1573
  StaticBoardOccColSum Col[0]....................:      1545
  StaticBoardOccColSum Col[1]....................:      1545
  StaticBoardOccColSum Col[2]....................:      1545
  StaticBoardOccColSum Col[3]....................:      1205
  StaticBoardOccColSum Col[4]....................:      1059
  StaticBoardOccColSum Col[5]....................:       904
  StaticBoardOccColSum Col[6]....................:       904
  StaticBoardOccColSum Col[7]....................:       904
  StaticBoardOccColSum Col[8]....................:       904
  StaticBoardOccColSum Col[9]....................:       904
  StaticBoardOccColSum Col[10]...................:       904
  StaticBoardOccColSum Col[11]...................:       904
  StaticBoardOccColSum Col[12]...................:         0
  StaticBoardOccColSum Col[13]...................:         0
  StaticBoardOccColSum Col[14]...................:         0
  StaticBoardOccColSum Col[15]...................:         0
VecAluAcceptCycles_FMA...........................:       156
VecAluAcceptCycles_INT...........................:       880
VecAluAcceptCycles_LNEXP.........................:        64
VecTripleIssueCycles.............................:         0
VecDualIssueCycles...............................:        61
VecSingleIssueCycles.............................:       978
VecIdleIssueCycles...............................:     35759
CellReadMergeSaved...............................:         0
SrcBufBypassIssue................................:         0
SplitRawGateBlocked..............................:         0
SplitNoFreeSlotCycles............................:         0
IPC(UOP).........................................:  0.029893
RowExpandTileNum.................................:         0
RowReduceTileNum.................................:        20
RowReduceLayerNum................................:         0
RowReduceUopSplit................................:        80
RowReduceUopDone.................................:        80
RowReduceRootWriteNum............................:        20
RowReduceFlushedTileNum..........................:         0
RowReduceEntryUnavailableCycles..................:         0
RowReduceSplitBandwidthWaitTileCycles............:         0
RowReduceSrcBufFullTileCycles....................:         0
RowReduceLayerWaitTileCycles.....................:         0
RowReduceLayerPublishWaitTileCycles..............:         0
RowReduceReadPortWaitUopCycles...................:         0
RowReduceSourceResponseWaitUopCycles.............:         0
RowReduceIssueIntervalWaitUopCycles..............:         0
RowReduceSameGroupWaitUopCycles..................:         0
RowReduceExecPipeFullUopCycles...................:         0
RowReduceRootDstBufWaitTileCycles................:         0
RowReduceRootWritePortWaitCycles.................:         0
RowReduceRootWriteResponseWaitCycles.............:         0
RowReduceSrcNotReadyCycles.......................:        61
RowReduceTEMPForwardHits.........................:        70
RowReduceCellFallbackReads.......................:        72
RedTempMacroNum..................................:         0
HybridCountGatedTiles............................:         0
ReadNum..........................................:        64
CellReadAccessTotal..............................:       925
CellReadAccess_INT...............................:       553
CellReadAccess_FMA...............................:       312
CellReadAccess_LNEXP.............................:        60
ReadLat..........................................:      6.03
  |--LatLE5......................................:         0
  |--LatLE10.....................................:        64
  |--LatLE15.....................................:         0
  |--LatGT15.....................................:         0
WriteNum.........................................:       134
CellWriteAccessTotal.............................:      1038
CellWriteAccess_INT..............................:       818
CellWriteAccess_FMA..............................:       156
CellWriteAccess_LNEXP............................:        64
TempForwardHits_INT..............................:       339
TempForwardHits_FMA..............................:         0
TempForwardHits_LNEXP............................:         4
TempForwardMisses_INT............................:       453
TempForwardMisses_FMA............................:       312
TempForwardMisses_LNEXP..........................:        60
ExpandTagHits_INT................................:        28
ExpandTagHits_FMA................................:         0
ExpandTagHits_LNEXP..............................:         0
ExpandTagMisses_INT..............................:         2
ExpandTagMisses_FMA..............................:         0
ExpandTagMisses_LNEXP............................:         0
ExpandBankFills_INT..............................:         2
ExpandBankFills_FMA..............................:         0
ExpandBankFills_LNEXP............................:         0
ExpandTempFills_INT..............................:         0
ExpandTempFills_FMA..............................:         0
ExpandTempFills_LNEXP............................:         0
ExpandEvicts_INT.................................:         0
ExpandEvicts_FMA.................................:         0
ExpandEvicts_LNEXP...............................:         0
LeSharedPortBlockCycles..........................:         0
WriteLat.........................................:      1.10
  |--LatLE5......................................:       134
  |--LatLE10.....................................:         0
  |--LatLE15.....................................:         0
  |--LatGT15.....................................:         0
AccountExpCellReads_INT..........................:       920
AccountExpCellReads_FMA..........................:       312
AccountExpCellReads_LNEXP........................:        64
AccountExpRedTempReads...........................:         0
AccountRedTempReads..............................:         0
AccountExpCellWrites_INT.........................:       880
AccountExpCellWrites_FMA.........................:       156
AccountExpCellWrites_LNEXP.......................:        64
AccountExpRedTempWrites..........................:         0
AccountExpReadsTotal.............................:      1296
AccountActReadsTotal.............................:      1296
AccountReadDelta.................................:      0.00
AccountExpWritesTotal............................:      1100
AccountActWritesTotal............................:      1038
AccountWriteDelta................................:     62.00
========================VecUtilStack========================
UtilStackW_INT...................................:       880
UtilStackO_INT...................................:         7
UtilStackA_INT...................................:         0
UtilStackD_INT...................................:         6
UtilStackI_INT...................................:        36
UtilStackS_INT...................................:     35869
UtilStackUnaccounted_INT.........................:         0
UtilStackW_FMA...................................:       156
UtilStackO_FMA...................................:         0
UtilStackA_FMA...................................:         0
UtilStackD_FMA...................................:         0
UtilStackI_FMA...................................:         0
UtilStackS_FMA...................................:     36642
UtilStackUnaccounted_FMA.........................:         0
UtilStackW_LNEXP.................................:        64
UtilStackO_LNEXP.................................:         0
UtilStackA_LNEXP.................................:        68
UtilStackD_LNEXP.................................:         0
UtilStackI_LNEXP.................................:         0
UtilStackS_LNEXP.................................:     36666
UtilStackUnaccounted_LNEXP.......................:         0
UtilStackW_SHARED................................:         0
UtilStackO_SHARED................................:         0
UtilStackA_SHARED................................:         0
UtilStackD_SHARED................................:         0
UtilStackI_SHARED................................:         0
UtilStackS_SHARED................................:     36798
UtilStackUnaccounted_SHARED......................:         0
UtilStackCycles..................................:     36798
UtilStackVecBusy.................................:      2914
UtilStackVecExposed..............................:      2914
  UtilStackSub_O_DstWriteCfl_INT.................:         0
  UtilStackSub_O_BankCfl_INT.....................:         7
  UtilStackSub_O_SharedPort_INT..................:         0
  UtilStackSub_O_YieldFma_INT....................:         0
  UtilStackSub_O_LePort_INT......................:         0
  UtilStackSub_A_RedTempMacro_INT................:         0
  UtilStackSub_A_LeThrottle_INT..................:         0
  UtilStackSub_A_LeFifoFull_INT..................:         0
  UtilStackSub_A_IiCool_INT......................:         0
  UtilStackSub_A_DstbufFull_INT..................:         0
  UtilStackSub_A_PipeFull_INT....................:         0
  UtilStackSub_D_StaticSrc_INT...................:         0
  UtilStackSub_D_RedTempCount_INT................:         0
  UtilStackSub_D_DynSrcbuf_INT...................:         6
  UtilStackSubO_Reconcile_INT....................:      0.00
  UtilStackSubA_Reconcile_INT....................:      0.00
  UtilStackSubD_Reconcile_INT....................:      0.00
  UtilStackSub_O_DstWriteCfl_FMA.................:         0
  UtilStackSub_O_BankCfl_FMA.....................:         0
  UtilStackSub_O_SharedPort_FMA..................:         0
  UtilStackSub_O_YieldFma_FMA....................:         0
  UtilStackSub_O_LePort_FMA......................:         0
  UtilStackSub_A_RedTempMacro_FMA................:         0
  UtilStackSub_A_LeThrottle_FMA..................:         0
  UtilStackSub_A_LeFifoFull_FMA..................:         0
  UtilStackSub_A_IiCool_FMA......................:         0
  UtilStackSub_A_DstbufFull_FMA..................:         0
  UtilStackSub_A_PipeFull_FMA....................:         0
  UtilStackSub_D_StaticSrc_FMA...................:         0
  UtilStackSub_D_RedTempCount_FMA................:         0
  UtilStackSub_D_DynSrcbuf_FMA...................:         0
  UtilStackSubO_Reconcile_FMA....................:      0.00
  UtilStackSubA_Reconcile_FMA....................:      0.00
  UtilStackSubD_Reconcile_FMA....................:      0.00
  UtilStackSub_O_DstWriteCfl_LNEXP...............:         0
  UtilStackSub_O_BankCfl_LNEXP...................:         0
  UtilStackSub_O_SharedPort_LNEXP................:         0
  UtilStackSub_O_YieldFma_LNEXP..................:         0
  UtilStackSub_O_LePort_LNEXP....................:         0
  UtilStackSub_A_RedTempMacro_LNEXP..............:         0
  UtilStackSub_A_LeThrottle_LNEXP................:        64
  UtilStackSub_A_LeFifoFull_LNEXP................:         4
  UtilStackSub_A_IiCool_LNEXP....................:         0
  UtilStackSub_A_DstbufFull_LNEXP................:         0
  UtilStackSub_A_PipeFull_LNEXP..................:         0
  UtilStackSub_D_StaticSrc_LNEXP.................:         0
  UtilStackSub_D_RedTempCount_LNEXP..............:         0
  UtilStackSub_D_DynSrcbuf_LNEXP.................:         0
  UtilStackSubO_Reconcile_LNEXP..................:      0.00
  UtilStackSubA_Reconcile_LNEXP..................:      0.00
  UtilStackSubD_Reconcile_LNEXP..................:      0.00
  UtilStackSub_O_DstWriteCfl_SHARED..............:         0
  UtilStackSub_O_BankCfl_SHARED..................:         0
  UtilStackSub_O_SharedPort_SHARED...............:         0
  UtilStackSub_O_YieldFma_SHARED.................:         0
  UtilStackSub_O_LePort_SHARED...................:         0
  UtilStackSub_A_RedTempMacro_SHARED.............:         0
  UtilStackSub_A_LeThrottle_SHARED...............:         0
  UtilStackSub_A_LeFifoFull_SHARED...............:         0
  UtilStackSub_A_IiCool_SHARED...................:         0
  UtilStackSub_A_DstbufFull_SHARED...............:         0
  UtilStackSub_A_PipeFull_SHARED.................:         0
  UtilStackSub_D_StaticSrc_SHARED................:         0
  UtilStackSub_D_RedTempCount_SHARED.............:         0
  UtilStackSub_D_DynSrcbuf_SHARED................:         0
  UtilStackSubO_Reconcile_SHARED.................:      0.00
  UtilStackSubA_Reconcile_SHARED.................:      0.00
  UtilStackSubD_Reconcile_SHARED.................:      0.00
  UtilStackOBlocker_None_INT.....................:         0
  UtilStackOBlocker_FmaRead_INT..................:         0
  UtilStackOBlocker_IntRead_INT..................:         1
  UtilStackOBlocker_LeRead_INT...................:         0
  UtilStackOBlocker_FmaWrite_INT.................:         0
  UtilStackOBlocker_IntWrite_INT.................:         6
  UtilStackOBlocker_CubeRead_INT.................:         0
  UtilStackOBlocker_CubeWrite_INT................:         0
  UtilStackOBlocker_LeWrite_INT..................:         0
  UtilStackOBlocker_Reconcile_INT................:      0.00
  UtilStackOBlocker_None_FMA.....................:         0
  UtilStackOBlocker_FmaRead_FMA..................:         0
  UtilStackOBlocker_IntRead_FMA..................:         0
  UtilStackOBlocker_LeRead_FMA...................:         0
  UtilStackOBlocker_FmaWrite_FMA.................:         0
  UtilStackOBlocker_IntWrite_FMA.................:         0
  UtilStackOBlocker_CubeRead_FMA.................:         0
  UtilStackOBlocker_CubeWrite_FMA................:         0
  UtilStackOBlocker_LeWrite_FMA..................:         0
  UtilStackOBlocker_Reconcile_FMA................:      0.00
  UtilStackOBlocker_None_LNEXP...................:         0
  UtilStackOBlocker_FmaRead_LNEXP................:         0
  UtilStackOBlocker_IntRead_LNEXP................:         0
  UtilStackOBlocker_LeRead_LNEXP.................:         0
  UtilStackOBlocker_FmaWrite_LNEXP...............:         0
  UtilStackOBlocker_IntWrite_LNEXP...............:         0
  UtilStackOBlocker_CubeRead_LNEXP...............:         0
  UtilStackOBlocker_CubeWrite_LNEXP..............:         0
  UtilStackOBlocker_LeWrite_LNEXP................:         0
  UtilStackOBlocker_Reconcile_LNEXP..............:      0.00
  UtilStackOBlocker_None_SHARED..................:         0
  UtilStackOBlocker_FmaRead_SHARED...............:         0
  UtilStackOBlocker_IntRead_SHARED...............:         0
  UtilStackOBlocker_LeRead_SHARED................:         0
  UtilStackOBlocker_FmaWrite_SHARED..............:         0
  UtilStackOBlocker_IntWrite_SHARED..............:         0
  UtilStackOBlocker_CubeRead_SHARED..............:         0
  UtilStackOBlocker_CubeWrite_SHARED.............:         0
  UtilStackOBlocker_LeWrite_SHARED...............:         0
  UtilStackOBlocker_Reconcile_SHARED.............:      0.00
YieldFmaReadCycles...............................:         0
YieldFmaWriteCycles..............................:         0
UtilStackHideRatio...............................:      0.00
UtilStackHideRatioStrict.........................:      0.00
  UtilStackIssueCombo_None.......................:     35759
  UtilStackIssueCombo_INT........................:       819
  UtilStackIssueCombo_FMA........................:       153
  UtilStackIssueCombo_INT+FMA....................:         3
  UtilStackIssueCombo_LE.........................:         6
  UtilStackIssueCombo_INT+LE.....................:        58
  UtilStackIssueCombo_FMA+LE.....................:         0
  UtilStackIssueCombo_INT+FMA+LE.................:         0
  UtilStackIssueCombo_SH.........................:         0
  UtilStackIssueCombo_INT+SH.....................:         0
  UtilStackIssueCombo_FMA+SH.....................:         0
  UtilStackIssueCombo_INT+FMA+SH.................:         0
  UtilStackIssueCombo_LE+SH......................:         0
  UtilStackIssueCombo_INT+LE+SH..................:         0
  UtilStackIssueCombo_FMA+LE+SH..................:         0
  UtilStackIssueCombo_INT+FMA+LE+SH..............:         0
  UtilStackIssueCombo_Reconcile..................:      0.00
  UtilStackIssueEvent_Reconcile..................:      0.00
UtilStackMultiIssueProb..........................:      0.06
UtilStackAvgIssueRate............................:      0.03
UtilStackIssueWidthUtil..........................:      0.01
===============CellReg Bank Arbitration Stats===============
Bank Active Cycles (>=1 pending).................:      2942
  |--Bank Conflict Cycles (>=2 pending)..........:         4    0.14%
  |--Bank Urgent(aged) Cycles....................:         0
Bank Grants (winners) Total......................:      2750
Bank Lose (non-winner waits) Total...............:       196
Bank Port-Yield (no free channel) Total..........:       192
Total Served Read Bytes..........................:    221184
Total Served Write Bytes.........................:     98048
  |--RQ_CUBE Win.................................:         0
  |--RQ_CUBE Lose................................:         0     N/A
  |--RQ_CUBE PortYield...........................:         0
  |--RQ_CUBE Served Bytes........................:         0
  |--RQ_VEC Win..................................:       512
  |--RQ_VEC Lose.................................:         3    0.58%
  |--RQ_VEC PortYield............................:         0
  |--RQ_VEC Served Bytes.........................:     65536
  |--RQ_TLSU Win.................................:      1216
  |--RQ_TLSU Lose................................:        91    6.96%
  |--RQ_TLSU PortYield...........................:        90
  |--RQ_TLSU Served Bytes........................:    155648
  |--WQ_CUBE Win.................................:         0
  |--WQ_CUBE Lose................................:         0     N/A
  |--WQ_CUBE PortYield...........................:         0
  |--WQ_CUBE Served Bytes........................:         0
  |--WQ_VEC Win..................................:       280
  |--WQ_VEC Lose.................................:         0    0.00%
  |--WQ_VEC PortYield............................:         0
  |--WQ_VEC Served Bytes.........................:     35840
  |--WQ_VEC_LNEXP Win............................:       256
  |--WQ_VEC_LNEXP Lose...........................:         0    0.00%
  |--WQ_VEC_LNEXP PortYield......................:         0
  |--WQ_VEC_LNEXP Served Bytes...................:     32768
  |--WQ_TLSU Win.................................:       486
  |--WQ_TLSU Lose................................:       102   17.35%
  |--WQ_TLSU PortYield...........................:       102
  |--WQ_TLSU Served Bytes........................:     62208
==============CellReg CUBE Bank-Group Backlog===============
WQ_CUBE active cycles............................:         0
  |--WQ_CUBE cross-group cycles..................:         0     N/A
RQ_CUBE active cycles............................:         0
  |--RQ_CUBE cross-group cycles..................:         0     N/A
CUBE Rd+Wr concurrent cycles.....................:         0
  |--Rd/Wr different-group cycles................:         0     N/A
  |--Wr-starved-by-Rd cycles (each owns a group).:         0     N/A
Direct OOR access dropped (pool end).............:         0
===========CellReg Per-Bank Conflict Distribution===========
  Bank[0] conflict cycles........................:         1   25.00%
  Bank[1] conflict cycles........................:         0    0.00%
  Bank[2] conflict cycles........................:         0    0.00%
  Bank[3] conflict cycles........................:         3   75.00%
  Bank[4] conflict cycles........................:         0    0.00%
  Bank[5] conflict cycles........................:         0    0.00%
  Bank[6] conflict cycles........................:         0    0.00%
  Bank[7] conflict cycles........................:         0    0.00%
==================SuperScalar Report Stop===================
======================Syscall Barrier=======================
sb_requested.....................................:         4
sb_executed......................................:         1
sb_canceled......................................:         3
sb_stashed.......................................:         2
sb_stash_overflow................................:         0
sb_pending.......................................:         0
sb_phase_idle....................................:     36607
sb_phase_pre_commit..............................:        18
sb_phase_quiet_wait..............................:         0
sb_phase_gate_all................................:         1
sb_phase_draining................................:       142
sb_phase_executing...............................:         1
syscall_owner_precommit_wait.....................:        18
syscall_worker_quiet_wait........................:         0
syscall_worker_quiet_cycles_total................:         0
syscall_worker_quiet_cycles_max..................:         0
syscall_commit_wait..............................:         0
syscall_l1_scb_drain_wait........................:       141
syscall_sl2_drain_wait...........................:         0
drain_wait.......................................:       141
syscall_drain_progress_timeout...................:         0
sb_T_complete....................................:      9998
sb_T_deadlock_effective..........................:      9999
sb_last_progress_cycle...........................:     36796
sb_lockstep_enabled..............................:         1
sb_lockstep_registered...........................:         4
sb_lockstep_blocks...............................:         1
sb_lockstep_executes.............................:         1
sb_lockstep_withdraw_startup.....................:         0
sb_lockstep_withdraw_flush.......................:         0
sb_lockstep_overflow.............................:         0
sb_lockstep_and_timeout..........................:         0
sb_lockstep_hold_cycles..........................:       616
sb_lockstep_exit_parks...........................:         4
syscall_post_ecall_issue_rejects.................:      5342
syscall_bstop_admission_rejects..................:         0
sb_lockstep_held_now.............................:         0
sb_lockstep_ready_hist_0.........................:         0
sb_lockstep_ready_hist_1.........................:         0
sb_lockstep_ready_hist_2.........................:         0
sb_lockstep_ready_hist_3.........................:         0
sb_lockstep_ready_hist_4.........................:         1
