./bin/gfsim -f /mnt/workspace/projects/1009_SuperNPUBench_v2/SuperNPUBench/benchmark/one-level-arch/output/solution/mega_moe/elf/solution_mega_moe_mega_moe_sim_mt_dyn.elf --conf fourpe --pto-v02 true -s tlsu.fake_l2_enable=false 
[gfsim] explicit PE config present; skipping ELF auto-detection
Parse Config File:
Parse Config File:
Parse Config File:
Parse Config File:
Parse Config File:
Parse Config File:
Parse Config File:
Parse Config File:
Parse Config File:
Parse Config File:
Parse Config File:
Parse Config File:
Parse Config File:
Parse Config File:
Parse Config File:
Parse Config File:
Parse Config File:
Parse Config File:
Parse Config File:
Parse Config File:
Parse Config File:
Parse Config File:
Parse Config File:
Parse Config File:
Parse Config File:
Parse Config File:
Parse Config File:
Parse Config File:
Parse Config File:
Parse Config File:
Parse Config File:
Parse Config File:
Parse Config File:
Parse Config File:
Parse Config File:
Parse Config File:
Parse Config File:
Parse Config File:
Parse Config File:
Parse Config File:
Parse Config File:
Parse Config File:
Parse Config File:
Parse Config File:
Parse Config File:
Parse Config File:
Parse Config File:
Parse Config File:
Parse Config File:
Parse Config File:
Parse Config File:
Parse Config File:
Parse Config File:
Parse Config File:
Parse Config File:
Parse Config File:
Parse Config File:
Parse Config File:
Parse Config File:
Parse Config File:
Parse Config File:
Parse Config File:
Parse Config File:
Parse Config File:
Parse Config File:
Parse Config File:
Parse Config File:
Parse Config File:
Parse Config File:
Override configurations:
tlsu.fake_l2_enable=false
core.threadCount=4
core.stdPeCount=1
core.cube_core_num=4
core.cube_thread_num=1
core.vec_core_num=4
fourpe.pe_cluster_enable=true
fourpe.pe_cluster_count=4
fourpe.pe_cluster_frontend_thread_count=4
fourpe.pe_cluster_aggregate_decode_width=8
fourpe.pe_cluster_gpr_rename_partition_entries=128
fourpe.pe_cluster_scalar_rob_partition_entries=128
fourpe.pe_cluster_scalar_iq_partition_entries=128
fourpe.pe_cluster_block_rob_partition_entries=256
fourpe.pe_cluster_block_iq_partition_entries=88
fourpe.pe_cluster_local_reg_partition_entries=88
bfu.brq_depth=1024
fourpe.pe_cluster_partition_borrow_enable=false
fourpe.pe_cluster_eligible_rr_fairness_check=true
fourpe.pe_cluster_group_contract_fatal=false
dfx.swimCounterSampleInterval=8
Memory: 0x10200 - 0x102e8 (Size=0KB) [.rodata]
Memory: 0x102ec - 0x10307 (Size=0KB) [.eh_frame_hdr]
Memory: 0x10308 - 0x10373 (Size=0KB) [.eh_frame]
Memory: 0x11374 - 0x138cb (Size=9KB) [.text]
Memory: 0x148d0 - 0x1498f (Size=0KB) [.init_array]
Memory: 0x14990 - 0x149a7 (Size=0KB) [.data.rel.ro]
Memory: 0x18000 - 0x7423b (Size=368KB) [.bss]
Memory: 0x75000 - 0x760c7 (Size=4KB) [.sbss]
Memory: 0x760d0 - 0x80860d0 (Size=131136KB) [stack mem]
Memory: 0x4000802000 - 0x4008803000 (Size=131076KB) [map mem]
[C:62798  ][TMA.NA    ]: scb_waw_violation peId=0 scalar=0 private=0 younger_bid=246 younger_rid=246 older_bid=234 older_rid=234 younger_slot=2 older_slot=5
[C:62833  ][TMA.NA    ]: scb_waw_violation peId=0 scalar=0 private=0 younger_bid=69 younger_rid=69 older_bid=57 older_rid=57 younger_slot=8 older_slot=7
[C:62836  ][TMA.NA    ]: scb_waw_violation peId=0 scalar=0 private=0 younger_bid=74 younger_rid=74 older_bid=62 older_rid=62 younger_slot=11 older_slot=3
[C:62894  ][TMA.NA    ]: scb_waw_violation peId=0 scalar=0 private=0 younger_bid=79 younger_rid=79 older_bid=67 older_rid=67 younger_slot=10 older_slot=9
[C:63468  ][TMA.NA    ]: scb_waw_violation peId=0 scalar=0 private=0 younger_bid=73 younger_rid=73 older_bid=61 older_rid=61 younger_slot=8 older_slot=7
[C:63491  ][TMA.NA    ]: scb_waw_violation peId=0 scalar=0 private=0 younger_bid=152 younger_rid=152 older_bid=140 older_rid=140 younger_slot=9 older_slot=6
[C:63514  ][TMA.NA    ]: scb_waw_violation peId=0 scalar=0 private=0 younger_bid=157 younger_rid=157 older_bid=145 older_rid=145 younger_slot=12 older_slot=11
[C:63566  ][TMA.NA    ]: scb_waw_violation peId=0 scalar=0 private=0 younger_bid=162 younger_rid=162 older_bid=150 older_rid=150 younger_slot=2 older_slot=8
[C:64086  ][TMA.NA    ]: scb_waw_violation peId=0 scalar=0 private=0 younger_bid=156 younger_rid=156 older_bid=144 older_rid=144 younger_slot=7 older_slot=6
[C:64227  ][TMA.NA    ]: scb_waw_violation peId=0 scalar=0 private=0 younger_bid=235 younger_rid=235 older_bid=223 older_rid=223 younger_slot=7 older_slot=5
[C:64239  ][TMA.NA    ]: scb_waw_violation peId=0 scalar=0 private=0 younger_bid=245 younger_rid=245 older_bid=233 older_rid=233 younger_slot=12 older_slot=11
[C:64240  ][TMA.NA    ]: scb_waw_violation peId=0 scalar=0 private=0 younger_bid=240 younger_rid=240 older_bid=228 older_rid=228 younger_slot=13 older_slot=10
[C:64611  ][TMA.NA    ]: scb_waw_violation peId=0 scalar=0 private=0 younger_bid=231 younger_rid=231 older_bid=217 older_rid=217 younger_slot=2 older_slot=1
[C:64612  ][TMA.NA    ]: scb_waw_violation peId=0 scalar=0 private=0 younger_bid=245 younger_rid=245 older_bid=231 older_rid=231 younger_slot=3 older_slot=2
[C:64613  ][TMA.NA    ]: scb_waw_violation peId=0 scalar=0 private=0 younger_bid=3 younger_rid=3 older_bid=245 older_rid=245 younger_slot=4 older_slot=3
[C:64797  ][TMA.NA    ]: scb_waw_violation peId=0 scalar=0 private=0 younger_bid=82 younger_rid=82 older_bid=68 older_rid=68 younger_slot=1 older_slot=4
[C:64798  ][TMA.NA    ]: scb_waw_violation peId=0 scalar=0 private=0 younger_bid=54 younger_rid=54 older_bid=40 older_rid=40 younger_slot=3 older_slot=2
[C:64799  ][TMA.NA    ]: scb_waw_violation peId=0 scalar=0 private=0 younger_bid=68 younger_rid=68 older_bid=54 older_rid=54 younger_slot=4 older_slot=3
[C:64808  ][TMA.NA    ]: scb_waw_violation peId=0 scalar=0 private=0 younger_bid=87 younger_rid=87 older_bid=73 older_rid=73 younger_slot=7 older_slot=13
[C:64809  ][TMA.NA    ]: scb_waw_violation peId=0 scalar=0 private=0 younger_bid=64 younger_rid=64 older_bid=50 older_rid=50 younger_slot=9 older_slot=8
[C:64810  ][TMA.NA    ]: scb_waw_violation peId=0 scalar=0 private=0 younger_bid=78 younger_rid=78 older_bid=64 older_rid=64 younger_slot=10 older_slot=9
[C:64812  ][TMA.NA    ]: scb_waw_violation peId=0 scalar=0 private=0 younger_bid=59 younger_rid=59 older_bid=45 older_rid=45 younger_slot=12 older_slot=11
[C:64813  ][TMA.NA    ]: scb_waw_violation peId=0 scalar=0 private=0 younger_bid=73 younger_rid=73 older_bid=59 older_rid=59 younger_slot=13 older_slot=12
[C:64834  ][TMA.NA    ]: scb_waw_violation peId=0 scalar=0 private=0 younger_bid=92 younger_rid=92 older_bid=78 older_rid=78 younger_slot=0 older_slot=10
[C:65723  ][TMA.NA    ]: scb_waw_violation peId=0 scalar=0 private=0 younger_bid=125 younger_rid=125 older_bid=113 older_rid=113 younger_slot=8 older_slot=7
[C:65724  ][TMA.NA    ]: scb_waw_violation peId=0 scalar=0 private=0 younger_bid=204 younger_rid=204 older_bid=192 older_rid=192 younger_slot=9 older_slot=2
[C:65761  ][TMA.NA    ]: scb_waw_violation peId=0 scalar=0 private=0 younger_bid=209 younger_rid=209 older_bid=197 older_rid=197 younger_slot=10 older_slot=1
[C:66027  ][TMA.NA    ]: scb_waw_violation peId=0 scalar=0 private=0 younger_bid=214 younger_rid=214 older_bid=202 older_rid=202 younger_slot=7 older_slot=6
[C:66341  ][TMA.NA    ]: scb_waw_violation peId=0 scalar=0 private=0 younger_bid=208 younger_rid=208 older_bid=196 older_rid=196 younger_slot=6 older_slot=5
[C:66362  ][TMA.NA    ]: scb_waw_violation peId=0 scalar=0 private=0 younger_bid=31 younger_rid=31 older_bid=19 older_rid=19 younger_slot=1 older_slot=8
[C:66374  ][TMA.NA    ]: scb_waw_violation peId=0 scalar=0 private=0 younger_bid=36 younger_rid=36 older_bid=24 older_rid=24 younger_slot=14 older_slot=3
[C:66648  ][TMA.NA    ]: scb_waw_violation peId=0 scalar=0 private=0 younger_bid=41 younger_rid=41 older_bid=29 older_rid=29 younger_slot=1 older_slot=5
[C:66938  ][TMA.NA    ]: scb_waw_violation peId=0 scalar=0 private=0 younger_bid=35 younger_rid=35 older_bid=23 older_rid=23 younger_slot=8 older_slot=7
[C:67051  ][TMA.NA    ]: scb_waw_violation peId=0 scalar=0 private=0 younger_bid=114 younger_rid=114 older_bid=102 older_rid=102 younger_slot=7 older_slot=6
[C:67055  ][TMA.NA    ]: scb_waw_violation peId=0 scalar=0 private=0 younger_bid=119 younger_rid=119 older_bid=107 older_rid=107 younger_slot=11 older_slot=10
[C:67257  ][TMA.NA    ]: scb_waw_violation peId=0 scalar=0 private=0 younger_bid=124 younger_rid=124 older_bid=112 older_rid=112 younger_slot=6 older_slot=5
tid: 0 Core@100000: Retired blocks 35722. BROB head info: B102 STID0 BPC 0x1278a [FP COND]
tid: 1 Core@100000: Retired blocks 35722. BROB head info: B205 STID1 BPC 0x1239a [STD COND]
tid: 2 Core@100000: Retired blocks 35722. BROB head info: B206 STID2 BPC 0x1239a [STD COND]
tid: 3 Core@100000: Retired blocks 35722. BROB head info: B137 STID3 BPC 0x1239a [STD COND]
tid: 0 Core@200000: Retired blocks 99252. BROB head info: B49 STID0 BPC 0x1278a [FP COND]
tid: 1 Core@200000: Retired blocks 99252. BROB head info: B236 STID1 BPC 0x1239a [STD COND]
tid: 2 Core@200000: Retired blocks 99252. BROB head info: B238 STID2 BPC 0x1239a [STD COND]
tid: 3 Core@200000: Retired blocks 99252. BROB head info: B169 STID3 BPC 0x1239a [STD COND]
tid: 0 Core@300000: Retired blocks 163622. BROB head info: B59 STID0 BPC 0x12814 [FP COND]
tid: 1 Core@300000: Retired blocks 163622. BROB head info: B20 STID1 BPC 0x1239a [STD COND]
tid: 2 Core@300000: Retired blocks 163622. BROB head info: B14 STID2 BPC 0x1239a [STD COND]
tid: 3 Core@300000: Retired blocks 163622. BROB head info: B201 STID3 BPC 0x1239a [STD COND]
tid: 0 Core@400000: Retired blocks 226304. BROB head info: B196 STID0 BPC 0x12c44 [FP COND]
tid: 1 Core@400000: Retired blocks 226304. BROB head info: B41 STID1 BPC 0x1239a [STD COND]
tid: 2 Core@400000: Retired blocks 226304. BROB head info: B42 STID2 BPC 0x1239a [STD COND]
tid: 3 Core@400000: Retired blocks 226304. BROB head info: B233 STID3 BPC 0x1239a [STD COND]
tid: 0 Core@500000: Retired blocks 289647. BROB head info: B225 STID0 BPC 0x129f8 [STD DIRECT]
tid: 1 Core@500000: Retired blocks 289647. BROB head info: B68 STID1 BPC 0x1239a [STD COND]
tid: 2 Core@500000: Retired blocks 289647. BROB head info: B65 STID2 BPC 0x1239a [STD COND]
tid: 3 Core@500000: Retired blocks 289647. BROB head info: B9 STID3 BPC 0x1239a [STD COND]
tid: 0 Core@600000: Retired blocks 352908. BROB head info: B163 STID0 BPC 0x129ce [FP COND]
tid: 1 Core@600000: Retired blocks 352908. BROB head info: B96 STID1 BPC 0x1239a [STD COND]
tid: 2 Core@600000: Retired blocks 352908. BROB head info: B96 STID2 BPC 0x1239a [STD COND]
tid: 3 Core@600000: Retired blocks 352908. BROB head info: B41 STID3 BPC 0x1239a [STD COND]
tid: 0 Core@700000: Retired blocks 417447. BROB head info: B114 STID0 BPC 0x129ce [FP COND]
tid: 1 Core@700000: Retired blocks 417447. BROB head info: B118 STID1 BPC 0x1239a [STD COND]
tid: 2 Core@700000: Retired blocks 417447. BROB head info: B118 STID2 BPC 0x1239a [STD COND]
tid: 3 Core@700000: Retired blocks 417447. BROB head info: B73 STID3 BPC 0x1239a [STD COND]
tid: 0 Core@800000: Retired blocks 480389. BROB head info: B211 STID0 BPC 0x129f8 [STD DIRECT]
tid: 1 Core@800000: Retired blocks 480389. BROB head info: B166 STID1 BPC 0x1239a [STD COND]
tid: 2 Core@800000: Retired blocks 480389. BROB head info: B163 STID2 BPC 0x1239a [STD COND]
tid: 3 Core@800000: Retired blocks 480389. BROB head info: B105 STID3 BPC 0x1239a [STD COND]
tid: 0 Core@900000: Retired blocks 544167. BROB head info: B160 STID0 BPC 0x12ac4 [FP COND]
tid: 1 Core@900000: Retired blocks 544167. BROB head info: B191 STID1 BPC 0x1239a [STD COND]
tid: 2 Core@900000: Retired blocks 544167. BROB head info: B191 STID2 BPC 0x1239a [STD COND]
tid: 3 Core@900000: Retired blocks 544167. BROB head info: B137 STID3 BPC 0x1239a [STD COND]
tid: 0 Core@1000000: Retired blocks 607433. BROB head info: B94 STID0 BPC 0x12ac4 [FP COND]
tid: 1 Core@1000000: Retired blocks 607433. BROB head info: B225 STID1 BPC 0x1239a [STD COND]
tid: 2 Core@1000000: Retired blocks 607433. BROB head info: B225 STID2 BPC 0x1239a [STD COND]
tid: 3 Core@1000000: Retired blocks 607433. BROB head info: B169 STID3 BPC 0x1239a [STD COND]
tid: 0 Core@1100000: Retired blocks 672456. BROB head info: B16 STID0 BPC 0x129ce [FP COND]
tid: 1 Core@1100000: Retired blocks 672456. BROB head info: B247 STID1 BPC 0x1239a [STD COND]
tid: 2 Core@1100000: Retired blocks 672456. BROB head info: B248 STID2 BPC 0x1239a [STD COND]
tid: 3 Core@1100000: Retired blocks 672456. BROB head info: B201 STID3 BPC 0x1239a [STD COND]
tid: 0 Core@1200000: Retired blocks 735702. BROB head info: B174 STID0 BPC 0x12ac4 [FP COND]
tid: 1 Core@1200000: Retired blocks 735702. BROB head info: B31 STID1 BPC 0x1239a [STD COND]
tid: 2 Core@1200000: Retired blocks 735702. BROB head info: B32 STID2 BPC 0x1239a [STD COND]
tid: 3 Core@1200000: Retired blocks 735702. BROB head info: B233 STID3 BPC 0x1239a [STD COND]
tid: 0 Core@1300000: Retired blocks 795130. BROB head info: B168 STID0 BPC 0x11626 [STD COND]
tid: 1 Core@1300000: Retired blocks 795130. BROB head info: B159 STID1 BPC 0x11626 [STD COND]
tid: 2 Core@1300000: Retired blocks 795130. BROB head info: B129 STID2 BPC 0x11626 [STD COND]
tid: 3 Core@1300000: Retired blocks 795130. BROB head info: B50 STID3 BPC 0x11626 [STD COND]
[C:1397633][TMA.NA    ]: scb_waw_violation peId=0 scalar=0 private=0 younger_bid=156 younger_rid=156 older_bid=145 older_rid=145 younger_slot=3 older_slot=0
[C:1397637][TMA.NA    ]: scb_waw_violation peId=0 scalar=0 private=0 younger_bid=157 younger_rid=157 older_bid=146 older_rid=146 younger_slot=4 older_slot=1
[C:1397643][TMA.NA    ]: scb_waw_violation peId=0 scalar=0 private=0 younger_bid=67 younger_rid=67 older_bid=56 older_rid=56 younger_slot=5 older_slot=2
[C:1398060][TMA.NA    ]: scb_waw_violation peId=0 scalar=0 private=0 younger_bid=130 younger_rid=130 older_bid=118 older_rid=118 younger_slot=1 older_slot=0
[C:1398658][TMA.NA    ]: scb_waw_violation peId=0 scalar=0 private=0 younger_bid=15 younger_rid=15 older_bid=3 older_rid=3 younger_slot=0 older_slot=1
[C:1398687][TMA.NA    ]: scb_waw_violation peId=0 scalar=0 private=0 younger_bid=26 younger_rid=26 older_bid=14 older_rid=14 younger_slot=1 older_slot=2
[C:1398702][TMA.NA    ]: scb_waw_violation peId=0 scalar=0 private=0 younger_bid=27 younger_rid=27 older_bid=15 older_rid=15 younger_slot=3 older_slot=0
[C:1398831][TMA.NA    ]: scb_waw_violation peId=0 scalar=0 private=0 younger_bid=38 younger_rid=38 older_bid=26 older_rid=26 younger_slot=0 older_slot=1
[C:1398840][TMA.NA    ]: scb_waw_violation peId=0 scalar=0 private=0 younger_bid=39 younger_rid=39 older_bid=27 older_rid=27 younger_slot=1 older_slot=3
[C:1399094][TMA.NA    ]: scb_waw_violation peId=0 scalar=0 private=0 younger_bid=247 younger_rid=247 older_bid=235 older_rid=235 younger_slot=6 older_slot=1
[C:1399095][TMA.NA    ]: scb_waw_violation peId=0 scalar=0 private=0 younger_bid=3 younger_rid=3 older_bid=247 older_rid=247 younger_slot=7 older_slot=6
[C:1399096][TMA.NA    ]: scb_waw_violation peId=0 scalar=0 private=0 younger_bid=15 younger_rid=15 older_bid=3 older_rid=3 younger_slot=8 older_slot=7
[C:1399824][TMA.NA    ]: scb_waw_violation peId=0 scalar=0 private=0 younger_bid=124 younger_rid=124 older_bid=113 older_rid=113 younger_slot=2 older_slot=1
[C:1399845][TMA.NA    ]: scb_waw_violation peId=0 scalar=0 private=0 younger_bid=144 younger_rid=144 older_bid=132 older_rid=132 younger_slot=9 older_slot=4
[C:1399846][TMA.NA    ]: scb_waw_violation peId=0 scalar=0 private=0 younger_bid=156 younger_rid=156 older_bid=144 older_rid=144 younger_slot=10 older_slot=9
[C:1399847][TMA.NA    ]: scb_waw_violation peId=0 scalar=0 private=0 younger_bid=168 younger_rid=168 older_bid=156 older_rid=156 younger_slot=11 older_slot=10
[C:1399851][TMA.NA    ]: scb_waw_violation peId=0 scalar=0 private=0 younger_bid=143 younger_rid=143 older_bid=131 older_rid=131 younger_slot=15 older_slot=6
[C:1399852][TMA.NA    ]: scb_waw_violation peId=0 scalar=0 private=0 younger_bid=155 younger_rid=155 older_bid=143 older_rid=143 younger_slot=16 older_slot=15
[C:1399853][TMA.NA    ]: scb_waw_violation peId=0 scalar=0 private=0 younger_bid=167 younger_rid=167 older_bid=155 older_rid=155 younger_slot=17 older_slot=16
tid: 0 Core@1400000: Retired blocks 811014. BROB head info: B143 STID0 BPC 0x13542 [TMA FALL] rdy:1  TSTORE, lb0:32, lb1:1, lb2:1 FP32 DR, M162ND.normal, INVALID, none U#1 TileTag:101 generation:1 physValid:1 addr:0x8000 regCat:0 accSrcCat:0 accDstCat:0 size:2048 ready:1 isZero: 0 cellTracked: 0-> GMBase:0x29af4 stride:128
tid: 1 Core@1400000: Retired blocks 811014. BROB head info: B168 STID1 BPC 0x13542 [TMA FALL] rdy:1  TSTORE, lb0:32, lb1:1, lb2:1 FP32 DR, M162ND.normal, INVALID, none U#1 TileTag:107 generation:1 physValid:1 addr:0x9800 regCat:0 accSrcCat:0 accDstCat:0 size:2048 ready:1 isZero: 0 cellTracked: 0-> GMBase:0x2ffb4 stride:128
tid: 2 Core@1400000: Retired blocks 811014. BROB head info: B154 STID2 BPC 0x13430 [TMA FALL] rdy:1  TLOAD, lb0:32, lb1:1, lb2:1 FP16 DR, ND2M16.normal, INVALID, zero GMBase:0x3cd34 stride:64 -> U TileTag:112 generation:1 physValid:1 addr:0x400 regCat:0 accSrcCat:0 accDstCat:0 size:1024 ready:0 isZero: 0 cellTracked: 0
tid: 3 Core@1400000: Retired blocks 811014. BROB head info: B53 STID3 BPC 0x12302 [STD COND]
[C:1400244][TMA.NA    ]: scb_waw_violation peId=0 scalar=0 private=0 younger_bid=175 younger_rid=175 older_bid=163 older_rid=163 younger_slot=1 older_slot=0
[C:1400766][TMA.NA    ]: scb_waw_violation peId=0 scalar=0 private=0 younger_bid=20 younger_rid=20 older_bid=8 older_rid=8 younger_slot=5 older_slot=1
[C:1400767][TMA.NA    ]: scb_waw_violation peId=0 scalar=0 private=0 younger_bid=32 younger_rid=32 older_bid=20 older_rid=20 younger_slot=6 older_slot=5
[C:1400864][TMA.NA    ]: scb_waw_violation peId=0 scalar=0 private=0 younger_bid=31 younger_rid=31 older_bid=19 older_rid=19 younger_slot=3 older_slot=10
[C:1400865][TMA.NA    ]: scb_waw_violation peId=0 scalar=0 private=0 younger_bid=43 younger_rid=43 older_bid=31 older_rid=31 younger_slot=4 older_slot=3
[C:1400869][TMA.NA    ]: scb_waw_violation peId=0 scalar=0 private=0 younger_bid=19 younger_rid=19 older_bid=7 older_rid=7 younger_slot=10 older_slot=9
[C:1400893][TMA.NA    ]: scb_waw_violation peId=0 scalar=0 private=0 younger_bid=44 younger_rid=44 older_bid=32 older_rid=32 younger_slot=1 older_slot=6
[C:1401140][TMA.NA    ]: scb_waw_violation peId=0 scalar=0 private=0 younger_bid=60 younger_rid=60 older_bid=48 older_rid=48 younger_slot=1 older_slot=7
[C:1401141][TMA.NA    ]: scb_waw_violation peId=0 scalar=0 private=0 younger_bid=72 younger_rid=72 older_bid=60 older_rid=60 younger_slot=2 older_slot=1
[C:1401146][TMA.NA    ]: scb_waw_violation peId=0 scalar=0 private=0 younger_bid=48 younger_rid=48 older_bid=36 older_rid=36 younger_slot=7 older_slot=6
[C:1401940][TMA.NA    ]: scb_waw_violation peId=0 scalar=0 private=0 younger_bid=148 younger_rid=148 older_bid=136 older_rid=136 younger_slot=1 older_slot=5
[C:1401945][TMA.NA    ]: scb_waw_violation peId=0 scalar=0 private=0 younger_bid=160 younger_rid=160 older_bid=148 older_rid=148 younger_slot=7 older_slot=1
[C:1401946][TMA.NA    ]: scb_waw_violation peId=0 scalar=0 private=0 younger_bid=172 younger_rid=172 older_bid=160 older_rid=160 younger_slot=8 older_slot=7
[C:1401969][TMA.NA    ]: scb_waw_violation peId=0 scalar=0 private=0 younger_bid=149 younger_rid=149 older_bid=137 older_rid=137 younger_slot=11 older_slot=10
[C:1401970][TMA.NA    ]: scb_waw_violation peId=0 scalar=0 private=0 younger_bid=161 younger_rid=161 older_bid=149 older_rid=149 younger_slot=12 older_slot=11
[C:1401971][TMA.NA    ]: scb_waw_violation peId=0 scalar=0 private=0 younger_bid=173 younger_rid=173 older_bid=161 older_rid=161 younger_slot=13 older_slot=12
[C:1402721][TMA.NA    ]: scb_waw_violation peId=0 scalar=0 private=0 younger_bid=24 younger_rid=24 older_bid=12 older_rid=12 younger_slot=2 older_slot=1
[C:1402726][TMA.NA    ]: scb_waw_violation peId=0 scalar=0 private=0 younger_bid=36 younger_rid=36 older_bid=24 older_rid=24 younger_slot=7 older_slot=2
[C:1402729][TMA.NA    ]: scb_waw_violation peId=0 scalar=0 private=0 younger_bid=48 younger_rid=48 older_bid=36 older_rid=36 younger_slot=3 older_slot=7
[C:1402881][TMA.NA    ]: scb_waw_violation peId=0 scalar=0 private=0 younger_bid=25 younger_rid=25 older_bid=13 older_rid=13 younger_slot=1 older_slot=2
[C:1402884][TMA.NA    ]: scb_waw_violation peId=0 scalar=0 private=0 younger_bid=37 younger_rid=37 older_bid=25 older_rid=25 younger_slot=5 older_slot=1
[C:1402885][TMA.NA    ]: scb_waw_violation peId=0 scalar=0 private=0 younger_bid=49 younger_rid=49 older_bid=37 older_rid=37 younger_slot=6 older_slot=5
[C:1403459][TMA.NA    ]: scb_waw_violation peId=0 scalar=0 private=0 younger_bid=165 younger_rid=165 older_bid=153 older_rid=153 younger_slot=3 older_slot=6
[C:1403462][TMA.NA    ]: scb_waw_violation peId=0 scalar=0 private=0 younger_bid=153 younger_rid=153 older_bid=141 older_rid=141 younger_slot=6 older_slot=2
[C:1403526][TMA.NA    ]: scb_waw_violation peId=0 scalar=0 private=0 younger_bid=177 younger_rid=177 older_bid=165 older_rid=165 younger_slot=0 older_slot=3
[C:1403593][TMA.NA    ]: scb_waw_violation peId=0 scalar=0 private=0 younger_bid=154 younger_rid=154 older_bid=142 older_rid=142 younger_slot=6 older_slot=5
[C:1403594][TMA.NA    ]: scb_waw_violation peId=0 scalar=0 private=0 younger_bid=166 younger_rid=166 older_bid=154 older_rid=154 younger_slot=7 older_slot=6
[C:1403595][TMA.NA    ]: scb_waw_violation peId=0 scalar=0 private=0 younger_bid=178 younger_rid=178 older_bid=166 older_rid=166 younger_slot=8 older_slot=7
[C:1404185][TMA.NA    ]: scb_waw_violation peId=0 scalar=0 private=0 younger_bid=29 younger_rid=29 older_bid=17 older_rid=17 younger_slot=1 older_slot=6
[C:1404221][TMA.NA    ]: scb_waw_violation peId=0 scalar=0 private=0 younger_bid=30 younger_rid=30 older_bid=18 older_rid=18 younger_slot=2 older_slot=8
[C:1404269][TMA.NA    ]: scb_waw_violation peId=0 scalar=0 private=0 younger_bid=41 younger_rid=41 older_bid=29 older_rid=29 younger_slot=3 older_slot=1
[C:1404289][TMA.NA    ]: scb_waw_violation peId=0 scalar=0 private=0 younger_bid=42 younger_rid=42 older_bid=30 older_rid=30 younger_slot=4 older_slot=2
[C:1404393][TMA.NA    ]: scb_waw_violation peId=0 scalar=0 private=0 younger_bid=53 younger_rid=53 older_bid=41 older_rid=41 younger_slot=0 older_slot=3
[C:1405008][TMA.NA    ]: scb_waw_violation peId=0 scalar=0 private=0 younger_bid=158 younger_rid=158 older_bid=146 older_rid=146 younger_slot=6 older_slot=5
[C:1405015][TMA.NA    ]: scb_waw_violation peId=0 scalar=0 private=0 younger_bid=159 younger_rid=159 older_bid=147 older_rid=147 younger_slot=1 older_slot=10
[C:1405051][TMA.NA    ]: scb_waw_violation peId=0 scalar=0 private=0 younger_bid=170 younger_rid=170 older_bid=158 older_rid=158 younger_slot=2 older_slot=6
[C:1405071][TMA.NA    ]: scb_waw_violation peId=0 scalar=0 private=0 younger_bid=171 younger_rid=171 older_bid=159 older_rid=159 younger_slot=3 older_slot=1
[C:1405121][TMA.NA    ]: scb_waw_violation peId=0 scalar=0 private=0 younger_bid=182 younger_rid=182 older_bid=170 older_rid=170 younger_slot=0 older_slot=2
[C:1405156][TMA.NA    ]: scb_waw_violation peId=0 scalar=0 private=0 younger_bid=183 younger_rid=183 older_bid=171 older_rid=171 younger_slot=4 older_slot=3
[C:1405678][TMA.NA    ]: scb_waw_violation peId=0 scalar=0 private=0 younger_bid=23 younger_rid=23 older_bid=12 older_rid=12 younger_slot=2 older_slot=3
[C:1405750][TMA.NA    ]: scb_waw_violation peId=0 scalar=0 private=0 younger_bid=24 younger_rid=24 older_bid=13 older_rid=13 younger_slot=3 older_slot=2
[C:1406612][TMA.NA    ]: scb_waw_violation peId=0 scalar=0 private=0 younger_bid=149 younger_rid=149 older_bid=137 older_rid=137 younger_slot=2 older_slot=0
[C:1406631][TMA.NA    ]: scb_waw_violation peId=0 scalar=0 private=0 younger_bid=150 younger_rid=150 older_bid=138 older_rid=138 younger_slot=3 older_slot=1
[C:1407344][TMA.NA    ]: scb_waw_violation peId=0 scalar=0 private=0 younger_bid=10 younger_rid=10 older_bid=254 older_rid=254 younger_slot=1 older_slot=6
[C:1407360][TMA.NA    ]: scb_waw_violation peId=0 scalar=0 private=0 younger_bid=11 younger_rid=11 older_bid=255 older_rid=255 younger_slot=3 older_slot=12
[C:1407395][TMA.NA    ]: scb_waw_violation peId=0 scalar=0 private=0 younger_bid=22 younger_rid=22 older_bid=10 older_rid=10 younger_slot=4 older_slot=1
[C:1407414][TMA.NA    ]: scb_waw_violation peId=0 scalar=0 private=0 younger_bid=23 younger_rid=23 older_bid=11 older_rid=11 younger_slot=5 older_slot=3
[C:1407464][TMA.NA    ]: scb_waw_violation peId=0 scalar=0 private=0 younger_bid=34 younger_rid=34 older_bid=22 older_rid=22 younger_slot=0 older_slot=4
[C:1407500][TMA.NA    ]: scb_waw_violation peId=0 scalar=0 private=0 younger_bid=35 younger_rid=35 older_bid=23 older_rid=23 younger_slot=1 older_slot=5
[C:1408122][TMA.NA    ]: scb_waw_violation peId=0 scalar=0 private=0 younger_bid=142 younger_rid=142 older_bid=130 older_rid=130 younger_slot=7 older_slot=6
[C:1408147][TMA.NA    ]: scb_waw_violation peId=0 scalar=0 private=0 younger_bid=154 younger_rid=154 older_bid=142 older_rid=142 younger_slot=1 older_slot=7
[C:1408160][TMA.NA    ]: scb_waw_violation peId=0 scalar=0 private=0 younger_bid=143 younger_rid=143 older_bid=131 older_rid=131 younger_slot=3 older_slot=10
[C:1408188][TMA.NA    ]: scb_waw_violation peId=0 scalar=0 private=0 younger_bid=155 younger_rid=155 older_bid=143 older_rid=143 younger_slot=0 older_slot=3
[C:1408229][TMA.NA    ]: scb_waw_violation peId=0 scalar=0 private=0 younger_bid=166 younger_rid=166 older_bid=154 older_rid=154 younger_slot=4 older_slot=1
[C:1408272][TMA.NA    ]: scb_waw_violation peId=0 scalar=0 private=0 younger_bid=167 younger_rid=167 older_bid=155 older_rid=155 younger_slot=1 older_slot=0
[C:1408876][TMA.NA    ]: scb_waw_violation peId=0 scalar=0 private=0 younger_bid=15 younger_rid=15 older_bid=3 older_rid=3 younger_slot=7 older_slot=6
[C:1408900][TMA.NA    ]: scb_waw_violation peId=0 scalar=0 private=0 younger_bid=27 younger_rid=27 older_bid=15 older_rid=15 younger_slot=1 older_slot=7
[C:1408919][TMA.NA    ]: scb_waw_violation peId=0 scalar=0 private=0 younger_bid=16 younger_rid=16 older_bid=4 older_rid=4 younger_slot=3 older_slot=10
[C:1408942][TMA.NA    ]: scb_waw_violation peId=0 scalar=0 private=0 younger_bid=28 younger_rid=28 older_bid=16 older_rid=16 younger_slot=4 older_slot=3
[C:1408984][TMA.NA    ]: scb_waw_violation peId=0 scalar=0 private=0 younger_bid=39 younger_rid=39 older_bid=27 older_rid=27 younger_slot=0 older_slot=1
[C:1409028][TMA.NA    ]: scb_waw_violation peId=0 scalar=0 private=0 younger_bid=40 younger_rid=40 older_bid=28 older_rid=28 younger_slot=1 older_slot=4
[C:1409655][TMA.NA    ]: scb_waw_violation peId=0 scalar=0 private=0 younger_bid=147 younger_rid=147 older_bid=135 older_rid=135 younger_slot=1 older_slot=6
[C:1409669][TMA.NA    ]: scb_waw_violation peId=0 scalar=0 private=0 younger_bid=148 younger_rid=148 older_bid=136 older_rid=136 younger_slot=9 older_slot=8
[C:1409706][TMA.NA    ]: scb_waw_violation peId=0 scalar=0 private=0 younger_bid=159 younger_rid=159 older_bid=147 older_rid=147 younger_slot=3 older_slot=1
[C:1409725][TMA.NA    ]: scb_waw_violation peId=0 scalar=0 private=0 younger_bid=160 younger_rid=160 older_bid=148 older_rid=148 younger_slot=0 older_slot=9
[C:1409773][TMA.NA    ]: scb_waw_violation peId=0 scalar=0 private=0 younger_bid=171 younger_rid=171 older_bid=159 older_rid=159 younger_slot=1 older_slot=3
[C:1409809][TMA.NA    ]: scb_waw_violation peId=0 scalar=0 private=0 younger_bid=172 younger_rid=172 older_bid=160 older_rid=160 younger_slot=2 older_slot=0
[C:1410415][TMA.NA    ]: scb_waw_violation peId=0 scalar=0 private=0 younger_bid=20 younger_rid=20 older_bid=8 older_rid=8 younger_slot=7 older_slot=6
[C:1410443][TMA.NA    ]: scb_waw_violation peId=0 scalar=0 private=0 younger_bid=32 younger_rid=32 older_bid=20 older_rid=20 younger_slot=1 older_slot=7
[C:1410494][TMA.NA    ]: scb_waw_violation peId=0 scalar=0 private=0 younger_bid=33 younger_rid=33 older_bid=21 older_rid=21 younger_slot=3 older_slot=9
[C:1410498][TMA.NA    ]: scb_waw_violation peId=0 scalar=0 private=0 younger_bid=21 younger_rid=21 older_bid=9 older_rid=9 younger_slot=9 older_slot=8
[C:1410527][TMA.NA    ]: scb_waw_violation peId=0 scalar=0 private=0 younger_bid=44 younger_rid=44 older_bid=32 older_rid=32 younger_slot=2 older_slot=1
[C:1410563][TMA.NA    ]: scb_waw_violation peId=0 scalar=0 private=0 younger_bid=45 younger_rid=45 older_bid=33 older_rid=33 younger_slot=0 older_slot=3
[C:1411173][TMA.NA    ]: scb_waw_violation peId=0 scalar=0 private=0 younger_bid=152 younger_rid=152 older_bid=140 older_rid=140 younger_slot=7 older_slot=6
[C:1411198][TMA.NA    ]: scb_waw_violation peId=0 scalar=0 private=0 younger_bid=164 younger_rid=164 older_bid=152 older_rid=152 younger_slot=1 older_slot=7
[C:1411214][TMA.NA    ]: scb_waw_violation peId=0 scalar=0 private=0 younger_bid=153 younger_rid=153 older_bid=141 older_rid=141 younger_slot=3 older_slot=10
[C:1411239][TMA.NA    ]: scb_waw_violation peId=0 scalar=0 private=0 younger_bid=165 younger_rid=165 older_bid=153 older_rid=153 younger_slot=0 older_slot=3
[C:1411280][TMA.NA    ]: scb_waw_violation peId=0 scalar=0 private=0 younger_bid=176 younger_rid=176 older_bid=164 older_rid=164 younger_slot=4 older_slot=1
[C:1411323][TMA.NA    ]: scb_waw_violation peId=0 scalar=0 private=0 younger_bid=177 younger_rid=177 older_bid=165 older_rid=165 younger_slot=1 older_slot=0
[C:1411925][TMA.NA    ]: scb_waw_violation peId=0 scalar=0 private=0 younger_bid=25 younger_rid=25 older_bid=13 older_rid=13 younger_slot=7 older_slot=6
[C:1411953][TMA.NA    ]: scb_waw_violation peId=0 scalar=0 private=0 younger_bid=37 younger_rid=37 older_bid=25 older_rid=25 younger_slot=1 older_slot=7
[C:1411972][TMA.NA    ]: scb_waw_violation peId=0 scalar=0 private=0 younger_bid=26 younger_rid=26 older_bid=14 older_rid=14 younger_slot=11 older_slot=10
[C:1411991][TMA.NA    ]: scb_waw_violation peId=0 scalar=0 private=0 younger_bid=38 younger_rid=38 older_bid=26 older_rid=26 younger_slot=3 older_slot=11
[C:1412037][TMA.NA    ]: scb_waw_violation peId=0 scalar=0 private=0 younger_bid=49 younger_rid=49 older_bid=37 older_rid=37 younger_slot=0 older_slot=1
[C:1412077][TMA.NA    ]: scb_waw_violation peId=0 scalar=0 private=0 younger_bid=50 younger_rid=50 older_bid=38 older_rid=38 younger_slot=1 older_slot=3
tid: 0 Core@1500000: Retired blocks 876313. BROB head info: B172 STID0 BPC 0x1275e [FP COND]
tid: 1 Core@1500000: Retired blocks 876313. BROB head info: B207 STID1 BPC 0x12622 [STD COND]
tid: 2 Core@1500000: Retired blocks 876313. BROB head info: B207 STID2 BPC 0x12622 [STD COND]
tid: 3 Core@1500000: Retired blocks 876313. BROB head info: B207 STID3 BPC 0x12622 [STD COND]
tid: 0 Core@1600000: Retired blocks 943001. BROB head info: B200 STID0 BPC 0x12814 [FP COND]
tid: 1 Core@1600000: Retired blocks 943001. BROB head info: B240 STID1 BPC 0x12622 [STD COND]
tid: 2 Core@1600000: Retired blocks 943001. BROB head info: B240 STID2 BPC 0x12622 [STD COND]
tid: 3 Core@1600000: Retired blocks 943001. BROB head info: B241 STID3 BPC 0x12622 [STD COND]
tid: 0 Core@1700000: Retired blocks 1006783. BROB head info: B129 STID0 BPC 0x1286e [FP DIRECT]
tid: 1 Core@1700000: Retired blocks 1006783. BROB head info: B22 STID1 BPC 0x12622 [STD COND]
tid: 2 Core@1700000: Retired blocks 1006783. BROB head info: B21 STID2 BPC 0x12622 [STD COND]
tid: 3 Core@1700000: Retired blocks 1006783. BROB head info: B19 STID3 BPC 0x12622 [STD COND]
tid: 0 Core@1800000: Retired blocks 1072156. BROB head info: B131 STID0 BPC 0x12c18 [FP COND]
tid: 1 Core@1800000: Retired blocks 1072156. BROB head info: B52 STID1 BPC 0x12622 [STD COND]
tid: 2 Core@1800000: Retired blocks 1072156. BROB head info: B50 STID2 BPC 0x12622 [STD COND]
tid: 3 Core@1800000: Retired blocks 1072156. BROB head info: B51 STID3 BPC 0x12622 [STD COND]
tid: 0 Core@1900000: Retired blocks 1136407. BROB head info: B45 STID0 BPC 0x12cce [FP COND]
tid: 1 Core@1900000: Retired blocks 1136407. BROB head info: B78 STID1 BPC 0x12622 [STD COND]
tid: 2 Core@1900000: Retired blocks 1136407. BROB head info: B77 STID2 BPC 0x12622 [STD COND]
tid: 3 Core@1900000: Retired blocks 1136407. BROB head info: B79 STID3 BPC 0x12622 [STD COND]
tid: 0 Core@2000000: Retired blocks 1201425. BROB head info: B212 STID0 BPC 0x129a2 [STD COND]
tid: 1 Core@2000000: Retired blocks 1201425. BROB head info: B106 STID1 BPC 0x12622 [STD COND]
tid: 2 Core@2000000: Retired blocks 1201425. BROB head info: B104 STID2 BPC 0x12622 [STD COND]
tid: 3 Core@2000000: Retired blocks 1201425. BROB head info: B107 STID3 BPC 0x12622 [STD COND]
tid: 0 Core@2100000: Retired blocks 1266637. BROB head info: B48 STID0 BPC 0x129ce [FP COND]
tid: 1 Core@2100000: Retired blocks 1266637. BROB head info: B138 STID1 BPC 0x12622 [STD COND]
tid: 2 Core@2100000: Retired blocks 1266637. BROB head info: B136 STID2 BPC 0x12622 [STD COND]
tid: 3 Core@2100000: Retired blocks 1266637. BROB head info: B139 STID3 BPC 0x12622 [STD COND]
tid: 0 Core@2200000: Retired blocks 1329127. BROB head info: B235 STID0 BPC 0x129ce [FP COND]
tid: 1 Core@2200000: Retired blocks 1329127. BROB head info: B170 STID1 BPC 0x12622 [STD COND]
tid: 2 Core@2200000: Retired blocks 1329127. BROB head info: B168 STID2 BPC 0x12622 [STD COND]
tid: 3 Core@2200000: Retired blocks 1329127. BROB head info: B170 STID3 BPC 0x12622 [STD COND]
tid: 0 Core@2300000: Retired blocks 1393194. BROB head info: B206 STID0 BPC 0x129ce [FP COND]
tid: 1 Core@2300000: Retired blocks 1393194. BROB head info: B202 STID1 BPC 0x12622 [STD COND]
tid: 2 Core@2300000: Retired blocks 1393194. BROB head info: B200 STID2 BPC 0x12622 [STD COND]
tid: 3 Core@2300000: Retired blocks 1393194. BROB head info: B202 STID3 BPC 0x12622 [STD COND]
tid: 0 Core@2400000: Retired blocks 1457731. BROB head info: B242 STID0 BPC 0x129ce [FP COND]
tid: 1 Core@2400000: Retired blocks 1457731. BROB head info: B123 STID1 BPC 0x12622 [STD COND]
tid: 2 Core@2400000: Retired blocks 1457731. BROB head info: B232 STID2 BPC 0x12622 [STD COND]
tid: 3 Core@2400000: Retired blocks 1457731. BROB head info: B238 STID3 BPC 0x12622 [STD COND]
tid: 0 Core@2500000: Retired blocks 1522359. BROB head info: B156 STID0 BPC 0x129ce [FP COND]
tid: 1 Core@2500000: Retired blocks 1522359. BROB head info: B11 STID1 BPC 0x12622 [STD COND]
tid: 2 Core@2500000: Retired blocks 1522359. BROB head info: B8 STID2 BPC 0x12622 [STD COND]
tid: 3 Core@2500000: Retired blocks 1522359. BROB head info: B8 STID3 BPC 0x12622 [STD COND]
tid: 0 Core@2600000: Retired blocks 1586510. BROB head info: B213 STID0 BPC 0x129ce [FP COND]
tid: 1 Core@2600000: Retired blocks 1586510. BROB head info: B42 STID1 BPC 0x12622 [STD COND]
tid: 2 Core@2600000: Retired blocks 1586510. BROB head info: B40 STID2 BPC 0x12622 [STD COND]
tid: 3 Core@2600000: Retired blocks 1586510. BROB head info: B39 STID3 BPC 0x12622 [STD COND]
tid: 0 Core@2700000: Retired blocks 1650956. BROB head info: B52 STID0 BPC 0x129ce [FP COND]
tid: 1 Core@2700000: Retired blocks 1650956. BROB head info: B73 STID1 BPC 0x12622 [STD COND]
tid: 2 Core@2700000: Retired blocks 1650956. BROB head info: B72 STID2 BPC 0x12622 [STD COND]
tid: 3 Core@2700000: Retired blocks 1650956. BROB head info: B71 STID3 BPC 0x12622 [STD COND]
tid: 0 Core@2800000: Retired blocks 1713822. BROB head info: B103 STID0 BPC 0x129ce [FP COND]
tid: 1 Core@2800000: Retired blocks 1713822. BROB head info: B104 STID1 BPC 0x12622 [STD COND]
tid: 2 Core@2800000: Retired blocks 1713822. BROB head info: B104 STID2 BPC 0x12622 [STD COND]
tid: 3 Core@2800000: Retired blocks 1713822. BROB head info: B103 STID3 BPC 0x12622 [STD COND]
tid: 0 Core@2900000: Retired blocks 1777025. BROB head info: B233 STID0 BPC 0x129ce [FP COND]
tid: 1 Core@2900000: Retired blocks 1777025. BROB head info: B136 STID1 BPC 0x12622 [STD COND]
tid: 2 Core@2900000: Retired blocks 1777025. BROB head info: B136 STID2 BPC 0x12622 [STD COND]
tid: 3 Core@2900000: Retired blocks 1777025. BROB head info: B136 STID3 BPC 0x12622 [STD COND]
tid: 0 Core@3000000: Retired blocks 1841882. BROB head info: B223 STID0 BPC 0x129ce [FP COND]
tid: 1 Core@3000000: Retired blocks 1841882. BROB head info: B171 STID1 BPC 0x12622 [STD COND]
tid: 2 Core@3000000: Retired blocks 1841882. BROB head info: B168 STID2 BPC 0x12622 [STD COND]
tid: 3 Core@3000000: Retired blocks 1841882. BROB head info: B168 STID3 BPC 0x12622 [STD COND]
tid: 0 Core@3100000: Retired blocks 1907896. BROB head info: B97 STID0 BPC 0x129ce [FP COND]
tid: 1 Core@3100000: Retired blocks 1907896. BROB head info: B201 STID1 BPC 0x12622 [STD COND]
tid: 2 Core@3100000: Retired blocks 1907896. BROB head info: B199 STID2 BPC 0x12622 [STD COND]
tid: 3 Core@3100000: Retired blocks 1907896. BROB head info: B199 STID3 BPC 0x12622 [STD COND]
tid: 0 Core@3200000: Retired blocks 1974341. BROB head info: B139 STID0 BPC 0x129ce [FP COND]
tid: 1 Core@3200000: Retired blocks 1974341. BROB head info: B234 STID1 BPC 0x12622 [STD COND]
tid: 2 Core@3200000: Retired blocks 1974341. BROB head info: B232 STID2 BPC 0x12622 [STD COND]
tid: 3 Core@3200000: Retired blocks 1974341. BROB head info: B232 STID3 BPC 0x12622 [STD COND]
tid: 0 Core@3300000: Retired blocks 2038690. BROB head info: B139 STID0 BPC 0x129ce [FP COND]
tid: 1 Core@3300000: Retired blocks 2038690. BROB head info: B8 STID1 BPC 0x12622 [STD COND]
tid: 2 Core@3300000: Retired blocks 2038690. BROB head info: B7 STID2 BPC 0x12622 [STD COND]
tid: 3 Core@3300000: Retired blocks 2038690. BROB head info: B8 STID3 BPC 0x12622 [STD COND]
tid: 0 Core@3400000: Retired blocks 2104508. BROB head info: B212 STID0 BPC 0x12a76 [STD DIRECT]
tid: 1 Core@3400000: Retired blocks 2104508. BROB head info: B152 STID1 BPC 0x12622 [STD COND]
tid: 2 Core@3400000: Retired blocks 2104508. BROB head info: B40 STID2 BPC 0x12622 [STD COND]
tid: 3 Core@3400000: Retired blocks 2104508. BROB head info: B40 STID3 BPC 0x12622 [STD COND]
tid: 0 Core@3500000: Retired blocks 2169322. BROB head info: B18 STID0 BPC 0x12a58 [FP COND]
tid: 1 Core@3500000: Retired blocks 2169322. BROB head info: B73 STID1 BPC 0x12622 [STD COND]
tid: 2 Core@3500000: Retired blocks 2169322. BROB head info: B72 STID2 BPC 0x12622 [STD COND]
tid: 3 Core@3500000: Retired blocks 2169322. BROB head info: B71 STID3 BPC 0x12622 [STD COND]
tid: 0 Core@3600000: Retired blocks 2233677. BROB head info: B25 STID0 BPC 0x12a58 [FP COND]
tid: 1 Core@3600000: Retired blocks 2233677. BROB head info: B104 STID1 BPC 0x12622 [STD COND]
tid: 2 Core@3600000: Retired blocks 2233677. BROB head info: B101 STID2 BPC 0x12622 [STD COND]
tid: 3 Core@3600000: Retired blocks 2233677. BROB head info: B103 STID3 BPC 0x12622 [STD COND]
tid: 0 Core@3700000: Retired blocks 2297335. BROB head info: B99 STID0 BPC 0x12a58 [FP COND]
tid: 1 Core@3700000: Retired blocks 2297335. BROB head info: B135 STID1 BPC 0x12622 [STD COND]
tid: 2 Core@3700000: Retired blocks 2297335. BROB head info: B134 STID2 BPC 0x12622 [STD COND]
tid: 3 Core@3700000: Retired blocks 2297335. BROB head info: B135 STID3 BPC 0x12622 [STD COND]
tid: 0 Core@3800000: Retired blocks 2360816. BROB head info: B252 STID0 BPC 0x12a58 [FP COND]
tid: 1 Core@3800000: Retired blocks 2360816. BROB head info: B168 STID1 BPC 0x12622 [STD COND]
tid: 2 Core@3800000: Retired blocks 2360816. BROB head info: B167 STID2 BPC 0x12622 [STD COND]
tid: 3 Core@3800000: Retired blocks 2360816. BROB head info: B165 STID3 BPC 0x12622 [STD COND]
[C:3827412][TMA.NA    ]: nuke_pair_diag ld_stid=0 ld_bid=2/w0 ld_rid=15 st_stid=0 st_bid=0/w0 st_rid=121
Simulation time: 2402s 
+-------------------------+--------------+
| Block Control Config Name | Value        |
+-------------------------+--------------+
| inst_decode_bw          | 4            |
| block_rob_depth         | 256          |
| BISQ:cube_isq_depth     | 32           |
| BISQ:vector_isq_depth   | 32           |
+-------------------------+--------------+
+-------------------+--------------+
| CUBE Config Name  | Value        |
+-------------------+--------------+
| uop_isq_depth     | 32           |
| tcvt_isq_depth    | 16           |
| L0A_size          | 32           |
| L0B_size          | 32           |
| L0C_size          | 32           |
+-------------------+--------------+
===================SuperScalar NPU Stats====================
Total Cycles.....................................:   3827616
================SuperScalar Unified Top-Down================
Retiring.........................................:     45.28%
Bad Speculation..................................:     19.10%
Frontend Bound...................................:      0.00%
CMD Bound........................................:      0.04%
Backend Bound....................................:     35.57%
=============Top-Down Normalization Diagnostics=============
Bad Speculation Clipped Slots....................:         0
Frontend Bound Clipped Slots.....................:         0
  |-- LD Retiring................................:      8.20%
  |-- ST Retiring................................:      0.15%
  |-- BR Retiring................................:      0.00%
  |-- ALU Retiring...............................:     36.94%
  |-- Other Retiring.............................:      0.00%
  |-- Misprediction..............................:      0.03%
  |-- Machine Clear..............................:     19.07%
  |-- Fetch Latency..............................:      0.00%
  |-- Fetch Bandwidth............................:      0.00%
    |-- Branch Resteering........................:      0.00%
    |-- ITLB/BTLB miss...........................:      0.00%
    |-- BHC miss penalty.........................:      0.00%
    |-- Other fetch lat..........................:      0.00%
    |-- Decode Stall.............................:      0.00%
    |-- Rename Stall.............................:      0.00%
    |-- BROB Stall...............................:      0.00%
    |-- SYS Block Stall..........................:      0.00%
  |-- CMD queue backpressure.....................:      0.04%
    |-- Operand not ready........................:      0.04%
    |-- BIQ capacity full........................:      0.00%
      |-- CUBE BIQ full..........................:      0.00%
      |-- VECTOR BIQ full........................:      0.00%
      |-- TLSU BIQ full..........................:      0.00%
      |-- GROUP/SHU BIQ full.....................:      0.00%
      |-- Other BIQ full.........................:      0.00%
    |-- TileReg capacity full....................:      0.00%
    |-- GPR LPV/no-cancel gate...................:      0.00%
    |-- Other CMD queue block....................:      0.00%
  |-- CMDPipe tile backpressure..................:      0.00%
    |-- TileReg resource unavailable.............:      0.00%
    |-- Other CMDPipe stall......................:      0.00%
  |-- Other CMD control..........................:      0.00%
  |-- Memory Bound...............................:      0.00%
  |-- Core Bound.................................:     35.57%
    |-- L1 Bound.................................:      0.00%
    |-- L2 Bound.................................:      0.00%
    |-- L3/DRAM Bound............................:      0.00%
    |-- Store Bound..............................:      0.00%
    |-- Scalar ALU...............................:     16.15%
    |-- Cube.....................................:      0.10%
    |-- Vector...................................:      0.04%
    |-- TLSU Tload...............................:     15.37%
    |-- TLSU Tstore..............................:      3.91%
    |-- TLSU TMOV................................:      0.00%
    |-- Idle.....................................:      0.00%
    |-- Other Core...............................:      0.00%
      |-- Simple ALU pipe full...................:      0.00%
      |-- Complex INT busy.......................:      1.97%
      |-- Branch port busy.......................:     18.32%
===============Top-Down Boundary Attribution================
IFU-OEX boundary observations (slots)............:  15310464
  |-- Frontend supply bubble (F5)................:      0.55%
  |-- Backend backpressure (F5)..................:      3.62%
  |-- Delivered to OEX (F5)......................:     95.83%
CMD queue/Pipe boundary observations (cycles)....:   3827616
  |-- CMD queue supply bubble....................:     99.57%
  |-- CMD queue backpressure.....................:      0.04%
  |-- CMD blocked union cycles...................:      1708
  |-- CMD issued slots...........................:     22083
  |-- CMD IQ TileOp issue count..................:      3352
  |-- CMD IQ non-empty cycles....................:     16406
  |-- CMD IQ TileOp issue rate (tileops/cycle)...:0.20431549
  |-- CMDPipe tile backpressure events...........:         0
=======Core-Cycles Oldest-Block Top-Down (diagnostic)=======
Core cycles......................................:   3827616
L1 Retiring......................................:      0.01%
L1 Recovery......................................:      0.00%
L1 Frontend Bound................................:     99.37%
L1 CMD Bound.....................................:      0.00%
L1 Backend Bound.................................:      0.62%
L1 Idle/Other....................................:      0.00%
  |-- L2 Memory Bound............................:      0.00%
  |-- L2 Group Sync Bound........................:      0.00%
  |-- L2 Core Bound..............................:      0.62%
    |-- L3 Cube..................................:      0.08%
    |-- L3 Vector................................:      0.02%
    |-- L3 TLSU..................................:      0.52%
    |-- L3 Scalar ALU............................:      0.00%
      |-- L4 Cube execution/queue owner..........:      0.08%
      |-- L4 Vector execution owner..............:      0.02%
      |-- L4 TLSU Tload owner....................:      0.14%
      |-- L4 TLSU Tstore owner...................:      0.38%
      |-- L4 Scalar ALU owner....................:      0.00%
Core-cycle attribution sum.......................:   3827616
STID0 oldest observations........................:   3827616
STID1 oldest observations........................:   3827616
STID2 oldest observations........................:   3827616
STID3 oldest observations........................:   3827616
  |-- RETIRING representative STID...............:         1
  |-- RETIRING representative BID................:         0
  |-- RETIRING participant mask..................:        15
  |-- FRONTEND_BOUND representative STID.........:         0
  |-- FRONTEND_BOUND representative BID..........:         0
  |-- FRONTEND_BOUND participant mask............:        15
  |-- CUBE representative STID...................:         1
  |-- CUBE representative BID....................:         7
  |-- CUBE participant mask......................:        15
  |-- TLSU_TLOAD representative STID.............:         0
  |-- TLSU_TLOAD representative BID..............:         1
  |-- TLSU_TLOAD participant mask................:        15
  |-- TLSU_TSTORE representative STID............:         0
  |-- TLSU_TSTORE representative BID.............:         0
  |-- TLSU_TSTORE participant mask...............:        15
  |-- VECTOR representative STID.................:         1
  |-- VECTOR representative BID..................:         2
  |-- VECTOR participant mask....................:        15
  |-- IDLE_NO_OLDEST representative STID.........:         0
  |-- IDLE_NO_OLDEST representative BID..........:18446744073709551615
  |-- IDLE_NO_OLDEST participant mask............:        15
===================superScalar Key Stats====================
superScalar Tileop Total Cycles..................:  15310464
  |--Cube Tileop Total Cycles....................:     11752
  |--Vector Tileop Total Cycles..................:      9413
  |--TLSU Tileop Total Cycles....................:     45547
superScalar Total Tileop Counter.................:      3352
  |--Cube Execute Tileop Counter.................:       312
  |--Vector Execute Tileop Counter...............:       900
  |--TLSU Execute Tileop Counter.................:      2140
    |--AccountExpTlsuCellReads...................:      1176
    |--AccountExpTlsuCellWrites..................:      1908
superScalar Run Tileop Wall Cycles...............:   3792424
  |--Cube Busy Resource-Cycles (PE-summed).......:     22654
  |--Vector Busy Resource-Cycles (PE-summed).....:     13400
  |--TLSU Busy Resource-Cycles (PE-summed).......:   3792424
  |--Cube Active Wall Cycles (union).............:     12188
  |--Vector Active Wall Cycles (union)...........:      6925
  |--TLSU Active Wall Cycles (union).............:   3792424
    |--TLSU Tload Resource-Cycles (PE-summed)....:   3622165
      |--write Blocked By Ring Cycles............:         0
    |--TLSU Tstore Resource-Cycles (PE-summed)...:    922094
    |--TLSU Tmov Resource-Cycles (PE-summed).....:         0
    |--TLSU Mgather Resource-Cycles (PE-summed)..:         0
    |--TLSU Mscatter Resource-Cycles (PE-summed).:         0
    |--TLSU Vgather Resource-Cycles (PE-summed)..:         0
    |--TLSU Vscatter Resource-Cycles (PE-summed).:         0
  |--All Cores Idle Wall Cycles..................:     35192
  |--Vector-Cube Concurrent Wall Cycles (union)..:      2120
  |--Vector-Cube Active Wall Cycles (union)......:     16993
  |--Cube-TLSU Concurrent Wall Cycles (union)....:     12188
  |--Cube-TLSU Active Wall Cycles (union)........:   3792424
  |--Vector-TLSU Concurrent Wall Cycles (union)..:      6925
  |--Vector-TLSU Active Wall Cycles (union)......:   3792424
=============TileOp Efficiency (explicit units)=============
PE0 CUBE ExecCycles/TileOp.......................:     46.04
PE0 CUBE TileOpRate (ops/cycle)..................:0.00000627
PE0 CUBE TileOp Occupancy (%)....................:      0.05
PE1 CUBE ExecCycles/TileOp.......................:     47.25
PE1 CUBE TileOpRate (ops/cycle)..................:0.00001254
PE1 CUBE TileOp Occupancy (%)....................:      0.09
PE2 CUBE ExecCycles/TileOp.......................:     47.92
PE2 CUBE TileOpRate (ops/cycle)..................:0.00003135
PE2 CUBE TileOp Occupancy (%)....................:      0.23
PE3 CUBE ExecCycles/TileOp.......................:     47.90
PE3 CUBE TileOpRate (ops/cycle)..................:0.00003135
PE3 CUBE TileOp Occupancy (%)....................:      0.22
PE0 VECTOR ReadLatency (cycles/op)...............:      0.00
PE0 VECTOR TileOpRate (ops/cycle)................:      0.00
PE0 VECTOR Utilization...........................:      0.00
PE0 VECTOR Utilization (issue-events)............:      0.00
PE1 VECTOR ReadLatency (cycles/op)...............:      0.00
PE1 VECTOR TileOpRate (ops/cycle)................:      0.00
PE1 VECTOR Utilization...........................:      0.00
PE1 VECTOR Utilization (issue-events)............:      0.00
PE2 VECTOR ReadLatency (cycles/op)...............:      0.00
PE2 VECTOR TileOpRate (ops/cycle)................:      0.00
PE2 VECTOR Utilization...........................:      0.00
PE2 VECTOR Utilization (issue-events)............:      0.00
PE3 VECTOR ReadLatency (cycles/op)...............:      0.00
PE3 VECTOR TileOpRate (ops/cycle)................:      0.00
PE3 VECTOR Utilization...........................:      0.00
PE3 VECTOR Utilization (issue-events)............:      0.00
PE0 TLSU Occupancy/Issue (cycles/event)..........:      7.58
PE0 TLSU IssueRate (events/cycle)................:      0.67
PE0 TLSU Utilization (%).........................:     99.09
Vector-Cube overlap ratio........................:      0.00
Vector-TLSU overlap ratio........................:      0.00
============PROB Status Occupancy (entry-cycles)============
  |--free........................................:         0
  |--alloc.......................................: 447073567
  |--renamed.....................................:         0
  |--dispatched..................................:   9138350
  |--in_queue....................................: 106532932
  |--issued......................................:   9137517
  |--executing...................................:   5423588
  |--writeback...................................:   4201890
  |--completed...................................: 271650802
  |--retired.....................................:  17776706
  |--fault.......................................:         0
  |--need_flush..................................:         0
===============Block Control Key Stats total================
Average Outstanding Block Number.................:      0.08
  |--Average Outstanding Cube Block Number.......:      0.01
  |--Average Outstanding Vector Block Number.....:      0.00
  |--Average Outstanding TLoad Number............:      0.05
  |--Average Outstanding TStore Number...........:      0.02
=============Block Control Key Stats SThread 0==============
Average Outstanding Block Number.................:      0.03
  |--Average Outstanding Cube Block Number.......:      0.00
  |--Average Outstanding Vector Block Number.....:      0.00
  |--Average Outstanding TLoad Number............:      0.02
  |--Average Outstanding TStore Number...........:      0.01
=============Block Control Key Stats SThread 1==============
Average Outstanding Block Number.................:      0.03
  |--Average Outstanding Cube Block Number.......:      0.00
  |--Average Outstanding Vector Block Number.....:      0.00
  |--Average Outstanding TLoad Number............:      0.02
  |--Average Outstanding TStore Number...........:      0.01
=============Block Control Key Stats SThread 2==============
Average Outstanding Block Number.................:      0.01
  |--Average Outstanding Cube Block Number.......:      0.00
  |--Average Outstanding Vector Block Number.....:      0.00
  |--Average Outstanding TLoad Number............:      0.01
  |--Average Outstanding TStore Number...........:      0.00
=============Block Control Key Stats SThread 3==============
Average Outstanding Block Number.................:      0.01
  |--Average Outstanding Cube Block Number.......:      0.00
  |--Average Outstanding Vector Block Number.....:      0.00
  |--Average Outstanding TLoad Number............:      0.01
  |--Average Outstanding TStore Number...........:      0.00
===================CubeCore 0 Statistics====================
Cube Total Cycles................................:   3827616
Cube MAC Exec Occupancy..........................:       714    0.02%
Cube MAC Utilization.............................:     24.00    0.00%
Cube Logical MAC Count...........................:     24576
Cube Equivalent MAC Count........................:  24576.00
Cube Equivalent MAC Rate (MAC/cycle).............:      0.01
Cube core workload units (dtype-normalized)......:     24.00
Cube core workload rate (units/cycle)............:0.00000627
Cube Achieved TFLOPS (equivalent MACs, 1.65GHz)..:  0.000021
Cube core exe tileop count.......................:        24
L0A Tag Hits (A resident)........................:         0
L0A Tag Misses (A resident)......................:         0
L0A Tag Flushes (A resident).....................:         0
Cube Uop Generated Count.........................:       384
Cube core retired uop count......................:       384
Cube core total load count.......................:       576
Cube core total store count (CellReg TileC writes):       384
==================InternalAcc Feature PMU===================
internal_acc_entry_alloc_count...................:         0
internal_acc_entry_read_count....................:         0
internal_acc_entry_write_count...................:         0
internal_acc_entry_peak_occupancy................:         0
internal_acc_active_cycles.......................:         0
internal_acc_entry_unavailable_stall_cycles......:         0
internal_acc_entry_lookup_wait_stall_cycles......:         0
internal_acc_entry_not_ready_stall_cycles........:         0
internal_acc_stale_reference_count...............:         0
Cube FP16 Logical MAC Count......................:     24576
Cube FP16 Equivalent MAC Count...................:  24576.00
Cube FP8 Logical MAC Count.......................:         0
Cube FP8 Equivalent MAC Count....................:      0.00
Cube FP4 Logical MAC Count.......................:         0
Cube FP4 Equivalent MAC Count....................:      0.00
Cube TileOp Occupancy............................:      1800    0.05%
Cube Load Outstanding............................:       934    0.02%
Cube FixPipe/Store Occupancy.....................:       312    0.01%
Cube core average acc slot use...................:      0.00
Cube core average l0a entry use..................:      2.14
Cube core average l0b entry use..................:      4.17
Cube core average l0a entry use busy.............:      2.18
Cube core average l0b entry use busy.............:      4.25
Cube core average acc slot use busy..............:       N/A
Cube MAC Range...................................:       714
Cube Load Range..................................:       956
Cube Store Range.................................:       312
Cube Load-MAC Range Overlap......................:       405   56.72%
accSlotAllocCount................................:         0
accSlotFreeCount.................................:         0
accSlotPeakInUse.................................:         0
accSlotWaitCount.................................:         0
bandPairMapPeakSize..............................:         0
bandPairMapFinalSize.............................:         0
batchDistributeCount.............................:         0
batchFallbackCount...............................:         0
m0TileCReadCount.................................:         0
m1TileCReadCount.................................:         0
tileCReadRequestCount............................:         0
tileCReadBytes...................................:         0
batchMissedDistributeCount.......................:         0
uniqueTileCSourceAddresses.......................:         0
Cube core exe uop count..........................:       384
Cube core retired uop count......................:       384
Cube core total load count.......................:       576
Cube core total store count (CellReg TileC writes):       384
  |--CellReg Load Count..........................:       576
    |--CellReg TileA Count.......................:       192
    |--CellReg TileB Count.......................:       384
    |--CellReg TileC Count.......................:         0
    |--CellReg LeftScale Count...................:         0
    |--CellReg RightScale Count..................:         0
  |--CellReg Load Bytes..........................:     73728
    |--CellReg TileA Bytes.......................:     24576
    |--CellReg TileB Bytes.......................:     49152
    |--CellReg TileC Bytes.......................:         0
    |--CellReg LeftScale Bytes...................:         0
    |--CellReg RightScale Bytes..................:         0
  |--CellReg Store Count.........................:       384
    |--CellReg TileC Count.......................:       384
  |--CellReg Store Bytes.........................:     49152
    |--CellReg TileC Bytes.......................:     49152
  |--ShareTReg Load Count........................:         0
    |--ShareTReg TileA Count.....................:         0
    |--ShareTReg TileB Count.....................:         0
  |--ShareTReg Load Bytes........................:         0
    |--ShareTReg TileA Bytes.....................:         0
    |--ShareTReg TileB Bytes.....................:         0
  |--Exp CellReg Load Count......................:       408
    |--Exp CellReg TileA Count...................:        24
    |--Exp CellReg TileB Count...................:       384
    |--Exp CellReg TileC Count...................:         0
    |--Exp CellReg LeftScale Count...............:         0
    |--Exp CellReg RightScale Count..............:         0
  |--Exp CellReg Load Delta......................:   -168.00
  |--Exp CellReg Store Count.....................:        24
  |--Exp CellReg Store Delta.....................:   -360.00
  |--Exp ShareTReg Load Count....................:         0
  |--Exp ShareTReg Load Cache Skip...............:         0
  |--Exp ShareTReg Load Delta....................:      0.00
Cube core cannot pick main chain uop ratio.......:         0    0.00%
Cube core pick cub chain uop ratio...............:         0     N/A
Cube busy cycle..................................:         0
Cube core mmad busy cycle........................:         0     N/A
Cube core load busy cycle........................:         0     N/A
Cube core store busy cycle.......................:         0     N/A
  UtilMacW (array exec)..........................:       691
    |--UtilMacWMad (systolic MAC phase)..........:       622
    |--UtilMacWRamp (staging/fill-drain).........:        69
  UtilMacO (operand in-flight)...................:       591
  UtilMacA (exec/writeback struct)...............:       501
  UtilMacD (dependency chain)....................:         0
  UtilMacI (issue/rename struct).................:         0
  UtilMacS (no tile).............................:   3825833
  UtilMacUnaccounted.............................:         0
  UtilMacCycles..................................:   3827616
    |--UtilMacSub_O_L0InFlight...................:       574
    |--UtilMacSub_O_ScaleInFlight................:         0
    |--UtilMacSub_O_LoadPath.....................:         0
    |--UtilMacSub_O_LdUopBuf.....................:        17
    |--UtilMacSub_A_AllocBackpressure............:         0
    |--UtilMacSub_A_StoreInFlight................:       238
    |--UtilMacSub_A_FixPipeAnnounce..............:       195
    |--UtilMacSub_A_UopBufQueue..................:         0
    |--UtilMacSub_A_TileBoundary.................:        68
    |--UtilMacSub_A_AccPoolFull..................:         0
    |--UtilMacSub_A_AccEntryRelease..............:         0
    |--UtilMacSub_D_KLoopChain...................:         0
    |--UtilMacSub_D_AccEntryNotReady.............:         0
    |--UtilMacSubO_Reconcile.....................:      0.00
    |--UtilMacSubA_Reconcile.....................:      0.00
    |--UtilMacSubD_Reconcile.....................:      0.00
    |--UtilMacSub_O_L0InFlight_A.................:       529
    |--UtilMacSub_O_L0InFlight_B.................:        23
    |--UtilMacSub_O_L0InFlight_C.................:         0
    |--UtilMacSub_O_L0InFlight_Other.............:        22
    |--UtilMacSubO_L0Split_Reconcile.............:      0.00
  UtilMacIssue_Issued............................:       384
  UtilMacIssue_CStreamWait.......................:         0
  UtilMacIssue_L0InFlight........................:       677
  UtilMacIssue_ScaleInFlight.....................:         0
  UtilMacIssue_AllocBackpressure.................:         0
  UtilMacIssue_KLoopChain........................:         0
  UtilMacIssue_UopBufQueue.......................:        21
  UtilMacIssue_LdUopBufQueue.....................:         0
  UtilMacIssue_NoTile............................:   3825833
  UtilMacIssue_TileBoundary......................:       701
  UtilMacIssue_Unaccounted.......................:         0
  UtilMacIssue_Reconcile.........................:      0.00
  UtilMacIssue_L0InFlight_A......................:       629
  UtilMacIssue_L0InFlight_B......................:         0
  UtilMacIssue_L0InFlight_C......................:         0
  UtilMacIssue_L0InFlight_Other..................:        48
  UtilMacIssue_L0Split_Reconcile.................:      0.00
  UtilMacStageOcc................................:      2688
  RenameAllocAFailCycles.........................:         0
  RenameAllocBFailCycles.........................:         0
  RenameFifoFullCycles...........................:         0
  UtilMacStageIdle...............................:      1666
  UtilMacStage_Reconcile.........................:      0.00
  UtilMacFillWeightedUtil........................:      0.00
  UtilMacShadow_CwaitCycles......................:         0
  UtilMacShadow_L0WithCwait......................:         0
  UtilMacStageIdle_L0InFlight....................:      1226
  UtilMacStageIdle_UopBufQueue...................:         2
  UtilMacStageIdle_TileBoundary..................:       438
  UtilMacStageIdleByCause_Reconcile..............:      0.00
===================CubeCore 1 Statistics====================
Cube Total Cycles................................:   3827616
Cube MAC Exec Occupancy..........................:      1475    0.04%
Cube MAC Utilization.............................:     48.00    0.00%
Cube Logical MAC Count...........................:     49152
Cube Equivalent MAC Count........................:  49152.00
Cube Equivalent MAC Rate (MAC/cycle).............:      0.01
Cube core workload units (dtype-normalized)......:     48.00
Cube core workload rate (units/cycle)............:0.00001254
Cube Achieved TFLOPS (equivalent MACs, 1.65GHz)..:  0.000042
Cube core exe tileop count.......................:        48
L0A Tag Hits (A resident)........................:         0
L0A Tag Misses (A resident)......................:         0
L0A Tag Flushes (A resident).....................:         0
Cube Uop Generated Count.........................:       768
Cube core retired uop count......................:       768
Cube core total load count.......................:      1216
Cube core total store count (CellReg TileC writes):       768
==================InternalAcc Feature PMU===================
internal_acc_entry_alloc_count...................:         0
internal_acc_entry_read_count....................:         0
internal_acc_entry_write_count...................:         0
internal_acc_entry_peak_occupancy................:         0
internal_acc_active_cycles.......................:         0
internal_acc_entry_unavailable_stall_cycles......:         0
internal_acc_entry_lookup_wait_stall_cycles......:         0
internal_acc_entry_not_ready_stall_cycles........:         0
internal_acc_stale_reference_count...............:         0
Cube FP16 Logical MAC Count......................:     49152
Cube FP16 Equivalent MAC Count...................:  49152.00
Cube FP8 Logical MAC Count.......................:         0
Cube FP8 Equivalent MAC Count....................:      0.00
Cube FP4 Logical MAC Count.......................:         0
Cube FP4 Equivalent MAC Count....................:      0.00
Cube TileOp Occupancy............................:      3543    0.09%
Cube Load Outstanding............................:      1913    0.05%
Cube FixPipe/Store Occupancy.....................:       624    0.02%
Cube core average acc slot use...................:      0.29
Cube core average l0a entry use..................:      2.21
Cube core average l0b entry use..................:      4.30
Cube core average l0a entry use busy.............:      2.24
Cube core average l0b entry use busy.............:      4.37
Cube core average acc slot use busy..............:      5.57
Cube MAC Range...................................:      1475
Cube Load Range..................................:      1955
Cube Store Range.................................:       624
Cube Load-MAC Range Overlap......................:       860   58.31%
accSlotAllocCount................................:        32
accSlotFreeCount.................................:        32
accSlotPeakInUse.................................:         8
accSlotWaitCount.................................:         0
bandPairMapPeakSize..............................:         8
bandPairMapFinalSize.............................:         0
batchDistributeCount.............................:         0
batchFallbackCount...............................:         0
m0TileCReadCount.................................:         0
m1TileCReadCount.................................:         0
tileCReadRequestCount............................:        64
tileCReadBytes...................................:      8192
batchMissedDistributeCount.......................:         0
uniqueTileCSourceAddresses.......................:        64
Cube core exe uop count..........................:       768
Cube core retired uop count......................:       768
Cube core total load count.......................:      1216
Cube core total store count (CellReg TileC writes):       768
  |--CellReg Load Count..........................:      1216
    |--CellReg TileA Count.......................:       384
    |--CellReg TileB Count.......................:       768
    |--CellReg TileC Count.......................:        64
    |--CellReg LeftScale Count...................:         0
    |--CellReg RightScale Count..................:         0
  |--CellReg Load Bytes..........................:    155648
    |--CellReg TileA Bytes.......................:     49152
    |--CellReg TileB Bytes.......................:     98304
    |--CellReg TileC Bytes.......................:      8192
    |--CellReg LeftScale Bytes...................:         0
    |--CellReg RightScale Bytes..................:         0
  |--CellReg Store Count.........................:       768
    |--CellReg TileC Count.......................:       768
  |--CellReg Store Bytes.........................:     98304
    |--CellReg TileC Bytes.......................:     98304
  |--ShareTReg Load Count........................:         0
    |--ShareTReg TileA Count.....................:         0
    |--ShareTReg TileB Count.....................:         0
  |--ShareTReg Load Bytes........................:         0
    |--ShareTReg TileA Bytes.....................:         0
    |--ShareTReg TileB Bytes.....................:         0
  |--Exp CellReg Load Count......................:       820
    |--Exp CellReg TileA Count...................:        48
    |--Exp CellReg TileB Count...................:       768
    |--Exp CellReg TileC Count...................:         4
    |--Exp CellReg LeftScale Count...............:         0
    |--Exp CellReg RightScale Count..............:         0
  |--Exp CellReg Load Delta......................:   -396.00
  |--Exp CellReg Store Count.....................:        48
  |--Exp CellReg Store Delta.....................:   -720.00
  |--Exp ShareTReg Load Count....................:         0
  |--Exp ShareTReg Load Cache Skip...............:         0
  |--Exp ShareTReg Load Delta....................:      0.00
Cube core cannot pick main chain uop ratio.......:         0    0.00%
Cube core pick cub chain uop ratio...............:         0     N/A
Cube busy cycle..................................:         0
Cube core mmad busy cycle........................:         0     N/A
Cube core load busy cycle........................:         0     N/A
Cube core store busy cycle.......................:         0     N/A
  UtilMacW (array exec)..........................:      1431
    |--UtilMacWMad (systolic MAC phase)..........:      1294
    |--UtilMacWRamp (staging/fill-drain).........:       137
  UtilMacO (operand in-flight)...................:      1168
  UtilMacA (exec/writeback struct)...............:       917
  UtilMacD (dependency chain)....................:         0
  UtilMacI (issue/rename struct).................:         0
  UtilMacS (no tile).............................:   3824100
  UtilMacUnaccounted.............................:         0
  UtilMacCycles..................................:   3827616
    |--UtilMacSub_O_L0InFlight...................:      1139
    |--UtilMacSub_O_ScaleInFlight................:         0
    |--UtilMacSub_O_LoadPath.....................:         0
    |--UtilMacSub_O_LdUopBuf.....................:        29
    |--UtilMacSub_A_AllocBackpressure............:         0
    |--UtilMacSub_A_StoreInFlight................:       454
    |--UtilMacSub_A_FixPipeAnnounce..............:       349
    |--UtilMacSub_A_UopBufQueue..................:         0
    |--UtilMacSub_A_TileBoundary.................:       114
    |--UtilMacSub_A_AccPoolFull..................:         0
    |--UtilMacSub_A_AccEntryRelease..............:         0
    |--UtilMacSub_D_KLoopChain...................:         0
    |--UtilMacSub_D_AccEntryNotReady.............:         0
    |--UtilMacSubO_Reconcile.....................:      0.00
    |--UtilMacSubA_Reconcile.....................:      0.00
    |--UtilMacSubD_Reconcile.....................:      0.00
    |--UtilMacSub_O_L0InFlight_A.................:      1051
    |--UtilMacSub_O_L0InFlight_B.................:        41
    |--UtilMacSub_O_L0InFlight_C.................:         3
    |--UtilMacSub_O_L0InFlight_Other.............:        44
    |--UtilMacSubO_L0Split_Reconcile.............:      0.00
  UtilMacIssue_Issued............................:       768
  UtilMacIssue_CStreamWait.......................:         0
  UtilMacIssue_L0InFlight........................:      1396
  UtilMacIssue_ScaleInFlight.....................:         0
  UtilMacIssue_AllocBackpressure.................:         0
  UtilMacIssue_KLoopChain........................:         0
  UtilMacIssue_UopBufQueue.......................:        41
  UtilMacIssue_LdUopBufQueue.....................:         0
  UtilMacIssue_NoTile............................:   3824100
  UtilMacIssue_TileBoundary......................:      1311
  UtilMacIssue_Unaccounted.......................:         0
  UtilMacIssue_Reconcile.........................:      0.00
  UtilMacIssue_L0InFlight_A......................:      1256
  UtilMacIssue_L0InFlight_B......................:        16
  UtilMacIssue_L0InFlight_C......................:        24
  UtilMacIssue_L0InFlight_Other..................:       100
  UtilMacIssue_L0Split_Reconcile.................:      0.00
  UtilMacStageOcc................................:      5376
  RenameAllocAFailCycles.........................:         0
  RenameAllocBFailCycles.........................:         0
  RenameFifoFullCycles...........................:         0
  UtilMacStageIdle...............................:      3682
  UtilMacStage_Reconcile.........................:      0.00
  UtilMacFillWeightedUtil........................:      0.00
  UtilMacShadow_CwaitCycles......................:         0
  UtilMacShadow_L0WithCwait......................:         0
  UtilMacStageIdle_L0InFlight....................:      2821
  UtilMacStageIdle_UopBufQueue...................:         1
  UtilMacStageIdle_TileBoundary..................:       860
  UtilMacStageIdleByCause_Reconcile..............:      0.00
===================CubeCore 2 Statistics====================
Cube Total Cycles................................:   3827616
Cube MAC Exec Occupancy..........................:      3744    0.10%
Cube MAC Utilization.............................:    120.00    0.00%
Cube Logical MAC Count...........................:    122880
Cube Equivalent MAC Count........................: 122880.00
Cube Equivalent MAC Rate (MAC/cycle).............:      0.03
Cube core workload units (dtype-normalized)......:    120.00
Cube core workload rate (units/cycle)............:0.00003135
Cube Achieved TFLOPS (equivalent MACs, 1.65GHz)..:  0.000106
Cube core exe tileop count.......................:       120
L0A Tag Hits (A resident)........................:         0
L0A Tag Misses (A resident)......................:         0
L0A Tag Flushes (A resident).....................:         0
Cube Uop Generated Count.........................:      1920
Cube core retired uop count......................:      1920
Cube core total load count.......................:      3136
Cube core total store count (CellReg TileC writes):      1920
==================InternalAcc Feature PMU===================
internal_acc_entry_alloc_count...................:         0
internal_acc_entry_read_count....................:         0
internal_acc_entry_write_count...................:         0
internal_acc_entry_peak_occupancy................:         0
internal_acc_active_cycles.......................:         0
internal_acc_entry_unavailable_stall_cycles......:         0
internal_acc_entry_lookup_wait_stall_cycles......:         0
internal_acc_entry_not_ready_stall_cycles........:         0
internal_acc_stale_reference_count...............:         0
Cube FP16 Logical MAC Count......................:    122880
Cube FP16 Equivalent MAC Count...................: 122880.00
Cube FP8 Logical MAC Count.......................:         0
Cube FP8 Equivalent MAC Count....................:      0.00
Cube FP4 Logical MAC Count.......................:         0
Cube FP4 Equivalent MAC Count....................:      0.00
Cube TileOp Occupancy............................:      8717    0.23%
Cube Load Outstanding............................:      4802    0.13%
Cube FixPipe/Store Occupancy.....................:      1560    0.04%
Cube core average acc slot use...................:      0.48
Cube core average l0a entry use..................:      2.30
Cube core average l0b entry use..................:      4.49
Cube core average l0a entry use busy.............:      2.34
Cube core average l0b entry use busy.............:      4.56
Cube core average acc slot use busy..............:      5.59
Cube MAC Range...................................:      3744
Cube Load Range..................................:      4903
Cube Store Range.................................:      1560
Cube Load-MAC Range Overlap......................:      2302   61.49%
accSlotAllocCount................................:       128
accSlotFreeCount.................................:       128
accSlotPeakInUse.................................:         8
accSlotWaitCount.................................:         0
bandPairMapPeakSize..............................:         8
bandPairMapFinalSize.............................:         0
batchDistributeCount.............................:         0
batchFallbackCount...............................:         0
m0TileCReadCount.................................:         0
m1TileCReadCount.................................:         0
tileCReadRequestCount............................:       256
tileCReadBytes...................................:     32768
batchMissedDistributeCount.......................:         0
uniqueTileCSourceAddresses.......................:        96
Cube core exe uop count..........................:      1920
Cube core retired uop count......................:      1920
Cube core total load count.......................:      3136
Cube core total store count (CellReg TileC writes):      1920
  |--CellReg Load Count..........................:      3136
    |--CellReg TileA Count.......................:       960
    |--CellReg TileB Count.......................:      1920
    |--CellReg TileC Count.......................:       256
    |--CellReg LeftScale Count...................:         0
    |--CellReg RightScale Count..................:         0
  |--CellReg Load Bytes..........................:    401408
    |--CellReg TileA Bytes.......................:    122880
    |--CellReg TileB Bytes.......................:    245760
    |--CellReg TileC Bytes.......................:     32768
    |--CellReg LeftScale Bytes...................:         0
    |--CellReg RightScale Bytes..................:         0
  |--CellReg Store Count.........................:      1920
    |--CellReg TileC Count.......................:      1920
  |--CellReg Store Bytes.........................:    245760
    |--CellReg TileC Bytes.......................:    245760
  |--ShareTReg Load Count........................:         0
    |--ShareTReg TileA Count.....................:         0
    |--ShareTReg TileB Count.....................:         0
  |--ShareTReg Load Bytes........................:         0
    |--ShareTReg TileA Bytes.....................:         0
    |--ShareTReg TileB Bytes.....................:         0
  |--Exp CellReg Load Count......................:      2056
    |--Exp CellReg TileA Count...................:       120
    |--Exp CellReg TileB Count...................:      1920
    |--Exp CellReg TileC Count...................:        16
    |--Exp CellReg LeftScale Count...............:         0
    |--Exp CellReg RightScale Count..............:         0
  |--Exp CellReg Load Delta......................:  -1080.00
  |--Exp CellReg Store Count.....................:       120
  |--Exp CellReg Store Delta.....................:  -1800.00
  |--Exp ShareTReg Load Count....................:         0
  |--Exp ShareTReg Load Cache Skip...............:         0
  |--Exp ShareTReg Load Delta....................:      0.00
Cube core cannot pick main chain uop ratio.......:         0    0.00%
Cube core pick cub chain uop ratio...............:         0     N/A
Cube busy cycle..................................:         0
Cube core mmad busy cycle........................:         0     N/A
Cube core load busy cycle........................:         0     N/A
Cube core store busy cycle.......................:         0     N/A
  UtilMacW (array exec)..........................:      3640
    |--UtilMacWMad (systolic MAC phase)..........:      3306
    |--UtilMacWRamp (staging/fill-drain).........:       334
  UtilMacO (operand in-flight)...................:      2779
  UtilMacA (exec/writeback struct)...............:      2235
  UtilMacD (dependency chain)....................:         0
  UtilMacI (issue/rename struct).................:         0
  UtilMacS (no tile).............................:   3818962
  UtilMacUnaccounted.............................:         0
  UtilMacCycles..................................:   3827616
    |--UtilMacSub_O_L0InFlight...................:      2705
    |--UtilMacSub_O_ScaleInFlight................:         0
    |--UtilMacSub_O_LoadPath.....................:         0
    |--UtilMacSub_O_LdUopBuf.....................:        74
    |--UtilMacSub_A_AllocBackpressure............:         0
    |--UtilMacSub_A_StoreInFlight................:      1115
    |--UtilMacSub_A_FixPipeAnnounce..............:       836
    |--UtilMacSub_A_UopBufQueue..................:         0
    |--UtilMacSub_A_TileBoundary.................:       284
    |--UtilMacSub_A_AccPoolFull..................:         0
    |--UtilMacSub_A_AccEntryRelease..............:         0
    |--UtilMacSub_D_KLoopChain...................:         0
    |--UtilMacSub_D_AccEntryNotReady.............:         0
    |--UtilMacSubO_Reconcile.....................:      0.00
    |--UtilMacSubA_Reconcile.....................:      0.00
    |--UtilMacSubD_Reconcile.....................:      0.00
    |--UtilMacSub_O_L0InFlight_A.................:      2497
    |--UtilMacSub_O_L0InFlight_B.................:        90
    |--UtilMacSub_O_L0InFlight_C.................:        14
    |--UtilMacSub_O_L0InFlight_Other.............:       104
    |--UtilMacSubO_L0Split_Reconcile.............:      0.00
  UtilMacIssue_Issued............................:      1920
  UtilMacIssue_CStreamWait.......................:         0
  UtilMacIssue_L0InFlight........................:      3483
  UtilMacIssue_ScaleInFlight.....................:         0
  UtilMacIssue_AllocBackpressure.................:         0
  UtilMacIssue_KLoopChain........................:         0
  UtilMacIssue_UopBufQueue.......................:        97
  UtilMacIssue_LdUopBufQueue.....................:         0
  UtilMacIssue_NoTile............................:   3818962
  UtilMacIssue_TileBoundary......................:      3154
  UtilMacIssue_Unaccounted.......................:         0
  UtilMacIssue_Reconcile.........................:      0.00
  UtilMacIssue_L0InFlight_A......................:      3067
  UtilMacIssue_L0InFlight_B......................:        64
  UtilMacIssue_L0InFlight_C......................:        96
  UtilMacIssue_L0InFlight_Other..................:       256
  UtilMacIssue_L0Split_Reconcile.................:      0.00
  UtilMacStageOcc................................:     13440
  RenameAllocAFailCycles.........................:         0
  RenameAllocBFailCycles.........................:         0
  RenameFifoFullCycles...........................:         0
  UtilMacStageIdle...............................:      9702
  UtilMacStage_Reconcile.........................:      0.00
  UtilMacFillWeightedUtil........................:      0.00
  UtilMacShadow_CwaitCycles......................:         0
  UtilMacShadow_L0WithCwait......................:         0
  UtilMacStageIdle_L0InFlight....................:      7695
  UtilMacStageIdle_UopBufQueue...................:        15
  UtilMacStageIdle_TileBoundary..................:      1992
  UtilMacStageIdleByCause_Reconcile..............:      0.00
===================CubeCore 3 Statistics====================
Cube Total Cycles................................:   3827616
Cube MAC Exec Occupancy..........................:      3724    0.10%
Cube MAC Utilization.............................:    120.00    0.00%
Cube Logical MAC Count...........................:    122880
Cube Equivalent MAC Count........................: 122880.00
Cube Equivalent MAC Rate (MAC/cycle).............:      0.03
Cube core workload units (dtype-normalized)......:    120.00
Cube core workload rate (units/cycle)............:0.00003135
Cube Achieved TFLOPS (equivalent MACs, 1.65GHz)..:  0.000106
Cube core exe tileop count.......................:       120
L0A Tag Hits (A resident)........................:         0
L0A Tag Misses (A resident)......................:         0
L0A Tag Flushes (A resident).....................:         0
Cube Uop Generated Count.........................:      1920
Cube core retired uop count......................:      1920
Cube core total load count.......................:      3136
Cube core total store count (CellReg TileC writes):      1920
==================InternalAcc Feature PMU===================
internal_acc_entry_alloc_count...................:         0
internal_acc_entry_read_count....................:         0
internal_acc_entry_write_count...................:         0
internal_acc_entry_peak_occupancy................:         0
internal_acc_active_cycles.......................:         0
internal_acc_entry_unavailable_stall_cycles......:         0
internal_acc_entry_lookup_wait_stall_cycles......:         0
internal_acc_entry_not_ready_stall_cycles........:         0
internal_acc_stale_reference_count...............:         0
Cube FP16 Logical MAC Count......................:    122880
Cube FP16 Equivalent MAC Count...................: 122880.00
Cube FP8 Logical MAC Count.......................:         0
Cube FP8 Equivalent MAC Count....................:      0.00
Cube FP4 Logical MAC Count.......................:         0
Cube FP4 Equivalent MAC Count....................:      0.00
Cube TileOp Occupancy............................:      8594    0.22%
Cube Load Outstanding............................:      4758    0.12%
Cube FixPipe/Store Occupancy.....................:      1560    0.04%
Cube core average acc slot use...................:      0.48
Cube core average l0a entry use..................:      2.34
Cube core average l0b entry use..................:      4.56
Cube core average l0a entry use busy.............:      2.37
Cube core average l0b entry use busy.............:      4.62
Cube core average acc slot use busy..............:      5.57
Cube MAC Range...................................:      3724
Cube Load Range..................................:      4857
Cube Store Range.................................:      1560
Cube Load-MAC Range Overlap......................:      2266   60.85%
accSlotAllocCount................................:       128
accSlotFreeCount.................................:       128
accSlotPeakInUse.................................:         8
accSlotWaitCount.................................:         0
bandPairMapPeakSize..............................:         8
bandPairMapFinalSize.............................:         0
batchDistributeCount.............................:         0
batchFallbackCount...............................:         0
m0TileCReadCount.................................:         0
m1TileCReadCount.................................:         0
tileCReadRequestCount............................:       256
tileCReadBytes...................................:     32768
batchMissedDistributeCount.......................:         0
uniqueTileCSourceAddresses.......................:       144
Cube core exe uop count..........................:      1920
Cube core retired uop count......................:      1920
Cube core total load count.......................:      3136
Cube core total store count (CellReg TileC writes):      1920
  |--CellReg Load Count..........................:      3136
    |--CellReg TileA Count.......................:       960
    |--CellReg TileB Count.......................:      1920
    |--CellReg TileC Count.......................:       256
    |--CellReg LeftScale Count...................:         0
    |--CellReg RightScale Count..................:         0
  |--CellReg Load Bytes..........................:    401408
    |--CellReg TileA Bytes.......................:    122880
    |--CellReg TileB Bytes.......................:    245760
    |--CellReg TileC Bytes.......................:     32768
    |--CellReg LeftScale Bytes...................:         0
    |--CellReg RightScale Bytes..................:         0
  |--CellReg Store Count.........................:      1920
    |--CellReg TileC Count.......................:      1920
  |--CellReg Store Bytes.........................:    245760
    |--CellReg TileC Bytes.......................:    245760
  |--ShareTReg Load Count........................:         0
    |--ShareTReg TileA Count.....................:         0
    |--ShareTReg TileB Count.....................:         0
  |--ShareTReg Load Bytes........................:         0
    |--ShareTReg TileA Bytes.....................:         0
    |--ShareTReg TileB Bytes.....................:         0
  |--Exp CellReg Load Count......................:      2056
    |--Exp CellReg TileA Count...................:       120
    |--Exp CellReg TileB Count...................:      1920
    |--Exp CellReg TileC Count...................:        16
    |--Exp CellReg LeftScale Count...............:         0
    |--Exp CellReg RightScale Count..............:         0
  |--Exp CellReg Load Delta......................:  -1080.00
  |--Exp CellReg Store Count.....................:       120
  |--Exp CellReg Store Delta.....................:  -1800.00
  |--Exp ShareTReg Load Count....................:         0
  |--Exp ShareTReg Load Cache Skip...............:         0
  |--Exp ShareTReg Load Delta....................:      0.00
Cube core cannot pick main chain uop ratio.......:         0    0.00%
Cube core pick cub chain uop ratio...............:         0     N/A
Cube busy cycle..................................:         0
Cube core mmad busy cycle........................:         0     N/A
Cube core load busy cycle........................:         0     N/A
Cube core store busy cycle.......................:         0     N/A
  UtilMacW (array exec)..........................:      3622
    |--UtilMacWMad (systolic MAC phase)..........:      3298
    |--UtilMacWRamp (staging/fill-drain).........:       324
  UtilMacO (operand in-flight)...................:      2759
  UtilMacA (exec/writeback struct)...............:      2157
  UtilMacD (dependency chain)....................:         0
  UtilMacI (issue/rename struct).................:         0
  UtilMacS (no tile).............................:   3819078
  UtilMacUnaccounted.............................:         0
  UtilMacCycles..................................:   3827616
    |--UtilMacSub_O_L0InFlight...................:      2693
    |--UtilMacSub_O_ScaleInFlight................:         0
    |--UtilMacSub_O_LoadPath.....................:         0
    |--UtilMacSub_O_LdUopBuf.....................:        66
    |--UtilMacSub_A_AllocBackpressure............:         0
    |--UtilMacSub_A_StoreInFlight................:      1118
    |--UtilMacSub_A_FixPipeAnnounce..............:       795
    |--UtilMacSub_A_UopBufQueue..................:         0
    |--UtilMacSub_A_TileBoundary.................:       244
    |--UtilMacSub_A_AccPoolFull..................:         0
    |--UtilMacSub_A_AccEntryRelease..............:         0
    |--UtilMacSub_D_KLoopChain...................:         0
    |--UtilMacSub_D_AccEntryNotReady.............:         0
    |--UtilMacSubO_Reconcile.....................:      0.00
    |--UtilMacSubA_Reconcile.....................:      0.00
    |--UtilMacSubD_Reconcile.....................:      0.00
    |--UtilMacSub_O_L0InFlight_A.................:      2489
    |--UtilMacSub_O_L0InFlight_B.................:        87
    |--UtilMacSub_O_L0InFlight_C.................:        15
    |--UtilMacSub_O_L0InFlight_Other.............:       102
    |--UtilMacSubO_L0Split_Reconcile.............:      0.00
  UtilMacIssue_Issued............................:      1920
  UtilMacIssue_CStreamWait.......................:         0
  UtilMacIssue_L0InFlight........................:      3432
  UtilMacIssue_ScaleInFlight.....................:         0
  UtilMacIssue_AllocBackpressure.................:         0
  UtilMacIssue_KLoopChain........................:         0
  UtilMacIssue_UopBufQueue.......................:        99
  UtilMacIssue_LdUopBufQueue.....................:         0
  UtilMacIssue_NoTile............................:   3819078
  UtilMacIssue_TileBoundary......................:      3087
  UtilMacIssue_Unaccounted.......................:         0
  UtilMacIssue_Reconcile.........................:      0.00
  UtilMacIssue_L0InFlight_A......................:      3016
  UtilMacIssue_L0InFlight_B......................:        64
  UtilMacIssue_L0InFlight_C......................:        96
  UtilMacIssue_L0InFlight_Other..................:       256
  UtilMacIssue_L0Split_Reconcile.................:      0.00
  UtilMacStageOcc................................:     13440
  RenameAllocAFailCycles.........................:         0
  RenameAllocBFailCycles.........................:         0
  RenameFifoFullCycles...........................:         0
  UtilMacStageIdle...............................:      9646
  UtilMacStage_Reconcile.........................:      0.00
  UtilMacFillWeightedUtil........................:      0.00
  UtilMacShadow_CwaitCycles......................:         0
  UtilMacShadow_L0WithCwait......................:         0
  UtilMacStageIdle_L0InFlight....................:      7582
  UtilMacStageIdle_UopBufQueue...................:        11
  UtilMacStageIdle_TileBoundary..................:      2053
  UtilMacStageIdleByCause_Reconcile..............:      0.00
=============== TLSU tile-store STQ residency peId=0 ===============
  resident entry-cycles ....................: 167187
  |-- addr/interval not resolved ...........: 0  (0.00%)
  |-- tile data (rename) not ready .........: 139648  (83.53%)
  |-- BLOCKED BY NON-FLUSH POINTER .........: 24659  (14.75%)
  |-- older store still in STQ .............: 2312  (1.38%)
  |-- SCB full ............................: 0  (0.00%)
  store_issue=47292 scb_enter=47292 stq_peak=80 scb_peak=63
  private_l1_handoff: fragments=46724 acks=46724 wait_entry_cycles=46724 balanced=yes
  invariants: stq_conservation=OK (created=46816 destroyed=46816) a3_tile_violation=0 scb_flush_hit=0 scb_waw_scalar=0 scb_waw_tile=140 nuke=3
=============== TLOAD Sub-path peId=0 ===============
  occupancy entry-cycles ..................: 17141371 (88.31%)
  issue events ............................: 2511690
=============== TSTORE Sub-path peId=0 ===============
  occupancy entry-cycles ..................: 2268420 (11.69%)
  issue events ............................: 47292
=============== TMOV Sub-path peId=0 ===============
  occupancy entry-cycles ..................: 0 (0.00%)
  issue events ............................: 0
========================Streaming L2========================
l2_tr_read_sent..................................:      1666
l2_tr_read_response..............................:      1666
l2_tr_read_wait_cycles...........................:      5482
l2_tr_read_queue_full_cycles.....................:         0
l2_tr_write_sent.................................:      3480
l2_tr_write_response.............................:      3480
l2_tr_write_wait_cycles..........................:     21105
l2_tr_write_queue_full_cycles....................:         0
l2_rwdb_entry_full_cycles........................:        32
l2_prior_read_raw_renames........................:        14
l2_starvation_bypass_cycles......................:         0
=====================Retired block Type=====================
Retired Block Num................................:   2378366
  |--Retired STD Block Num.......................:   2152218
  |--Retired PARALLEL Block Num..................:      3352
    |--Retired CUBE Block Num....................:       312    9.31%
    |--Retired VCALL Block Num...................:       900   26.85%
    |--Retired TLSU Block Num....................:      2140   63.84%
  |--Retired SYS Block Num.......................:         0
  |--Retired FP Block Num........................:    222796
  |--Retired OTHER Block Num.....................:         0
==================Retired Template Opcode===================
FENTRY...........................................:        74
FEXIT............................................:         0
FRET.............................................:        73
MEMSET...........................................:        18
MEMCOPY..........................................:         0
Retired Instruction Number.......................:  13866342
  |--Retired Scalar Inst Number..................:  13866342
  |--Retired Vec Inst Number.....................:         0
Retired Cube TileOp Number.......................:       312
Blocks Per Cycle.................................:  0.621370
IPC..............................................:  3.622710
Average BROB occupancy...........................:    222.66
  |--STID0 Average BROB occupancy................: 20.537669
  |--STID1 Average BROB occupancy................:187.842334
  |--STID2 Average BROB occupancy................:  8.524004
  |--STID3 Average BROB occupancy................:  5.757998
Effective window size............................:    438.09
MPKB.............................................:      4.29
MPKI.............................................:      0.74
Simulation speed (Kilo Insts Per Second).........:      5.77
Discontinuous BPC Count..........................:   2304044
Average Continuous BPC Length....................:  1.032257
Average fetch minsts/header per cycle............:     10.46
==========Block Control Detail Stats(Tile rename)===========
Tile capacity sample cycles......................:   3827616
Tile virtual tag capacity T/U/M/N (all threads)..:      4096
Tile virtual peak live tags T/U/M/N (all threads):       310
Tile physical CellReg capacity per PE(B).........:    262144
Tile physical CellReg capacity all PEs(B)........:   1048576
Tile lazy physical allocation enabled............:         0
Tile TLOAD first-data-ready bind enabled.........:         0
Tile physical bind requests......................:         0
Tile physical bind grants........................:         0
Tile physical bind failures......................:         0
Tile rename-to-bind average cycles...............:       N/A
Tile average virtual-only live tags..............:      0.00
Tile stale cell wakeup events....................:         0
Tile register average tag num....................:    211.91
  |--T...........................................:     63.07
  |--U...........................................:     63.04
  |--M...........................................:     63.02
  |--N...........................................:     22.78
  |--ACC.........................................:      0.00
  |--STK.........................................:      0.00
  |--DEP.........................................:      0.00
  |--MCALL_GPR...................................:      0.00
  |--MCALL_STK...................................:      0.00
Tile virtual average requested bytes (all threads): 251311.91
Tile virtual sum of per-hand peak requested bytes:    142720
Tile virtual simultaneous peak requested bytes (all threads):    368128
Tile physical simultaneous peak occupied bytes (all PEs):    125056
Tile physical simultaneous peak occupied cells (all PEs):       977
  |--T virtual requested bytes...................:  42714.77
  |--T virtual peak requested bytes..............:     32128
  |--U virtual requested bytes...................:  96894.30
  |--U virtual peak requested bytes..............:     48128
  |--M virtual requested bytes...................:  65042.91
  |--M virtual peak requested bytes..............:     29696
  |--N virtual requested bytes...................:  46659.93
  |--N virtual peak requested bytes..............:     32768
  |--ACC virtual requested bytes.................:      0.00
  |--ACC virtual peak requested bytes............:         0
  |--STK virtual requested bytes.................:      0.00
  |--STK virtual peak requested bytes............:         0
  |--DEP virtual requested bytes.................:      0.00
  |--DEP virtual peak requested bytes............:         0
  |--MCALL_GPR virtual requested bytes...........:      0.00
  |--MCALL_GPR virtual peak requested bytes......:         0
  |--MCALL_STK virtual requested bytes...........:      0.00
  |--MCALL_STK virtual peak requested bytes......:         0
Tile register average occupied bytes (all threads):  40468.28
Tile register average utilization (%)............:    3.8594
  |--T occupied bytes............................:     36464   90.11%
  |--U occupied bytes............................:      3933    9.72%
  |--M occupied bytes............................:        61    0.15%
  |--N occupied bytes............................:         8    0.02%
  |--ACC occupied bytes..........................:         0    0.00%
  |--STK occupied bytes..........................:         0    0.00%
  |--DEP occupied bytes..........................:         0    0.00%
  |--MCALL_GPR occupied bytes....................:         0    0.00%
  |--MCALL_STK occupied bytes....................:         0    0.00%
Tile physical configured hand size of T..........:     65536
  |-- physical peak utilization..................:     20480   31.25%
Tile physical configured hand size of U..........:     65536
  |-- physical peak utilization..................:      9728   14.84%
Tile physical configured hand size of M..........:     65536
  |-- physical peak utilization..................:     13312   20.31%
Tile physical configured hand size of N..........:     65536
  |-- physical peak utilization..................:      2048    3.12%
STID0 TileReg average occupied bytes.............:  10136.82
STID0 TileReg average utilization (%)............:    3.8669
STID0 virtual Tile average requested bytes.......:  69741.73
STID0 virtual Tile peak requested bytes..........:    124544
STID0 physical Tile peak occupied bytes..........:     45184
STID1 TileReg average occupied bytes.............:  10138.74
STID1 TileReg average utilization (%)............:    3.8676
STID1 virtual Tile average requested bytes.......:  69746.17
STID1 virtual Tile peak requested bytes..........:    125056
STID1 physical Tile peak occupied bytes..........:     44160
STID2 TileReg average occupied bytes.............:  10102.57
STID2 TileReg average utilization (%)............:    3.8538
STID2 virtual Tile average requested bytes.......:  55678.02
STID2 virtual Tile peak requested bytes..........:    116480
STID2 physical Tile peak occupied bytes..........:     40448
STID3 TileReg average occupied bytes.............:  10090.15
STID3 TileReg average utilization (%)............:    3.8491
STID3 virtual Tile average requested bytes.......:  56145.98
STID3 virtual Tile peak requested bytes..........:     91648
STID3 physical Tile peak occupied bytes..........:     33152
Tile size-class allocator enabled................:         1
Tile allocator unit size(B)......................:       128
Tile allocator requests..........................:      2232
Tile allocator failures..........................:         0
Tile allocator successful requested units........:     15342
Tile allocator granted units.....................:     15342
Tile allocator class waste units.................:         0
Tile allocator split events......................:      1657
Tile allocator merge events......................:      1782
Tile allocator sum of per-thread peak(B).........:    162944
==============Block Control Stall Stats Total===============
BRob Full Stall..................................:         0
RENAME Stall.....................................:         0
Block Rename Get Stall...........................:         0
Block Rename Set Stall...........................:         0
BIsq Full Stall .................................:         0
TileReg Full Stall ..............................:         0
============Block Control Stall Stats SThread 0=============
BRob Full Stall..................................:         0
RENAME Stall.....................................:         0
Block Rename Get Stall...........................:         0
Block Rename Set Stall...........................:         0
BIsq Full Stall .................................:         0
TileReg Full Stall ..............................:         0
InternalAcc Credit Wait..........................:         0
internal_acc_chain_allocated.....................:         0
internal_acc_chain_completed.....................:         0
internal_acc_chain_flush_released................:         0
internal_acc_block_head..........................:         0
internal_acc_block_mid...........................:         0
internal_acc_block_tail..........................:         0
internal_acc_chain_order_wait_stall_cycles.......:         0
internal_acc_dispatch_queue_full_wait_cycles.....:         0
============Block Control Stall Stats SThread 1=============
BRob Full Stall..................................:         0
RENAME Stall.....................................:         0
Block Rename Get Stall...........................:         0
Block Rename Set Stall...........................:         0
BIsq Full Stall .................................:         0
TileReg Full Stall ..............................:         0
InternalAcc Credit Wait..........................:         0
internal_acc_chain_allocated.....................:         0
internal_acc_chain_completed.....................:         0
internal_acc_chain_flush_released................:         0
internal_acc_block_head..........................:         0
internal_acc_block_mid...........................:         0
internal_acc_block_tail..........................:         0
internal_acc_chain_order_wait_stall_cycles.......:         0
internal_acc_dispatch_queue_full_wait_cycles.....:         0
============Block Control Stall Stats SThread 2=============
BRob Full Stall..................................:         0
RENAME Stall.....................................:         0
Block Rename Get Stall...........................:         0
Block Rename Set Stall...........................:         0
BIsq Full Stall .................................:         0
TileReg Full Stall ..............................:         0
InternalAcc Credit Wait..........................:         0
internal_acc_chain_allocated.....................:         0
internal_acc_chain_completed.....................:         0
internal_acc_chain_flush_released................:         0
internal_acc_block_head..........................:         0
internal_acc_block_mid...........................:         0
internal_acc_block_tail..........................:         0
internal_acc_chain_order_wait_stall_cycles.......:         0
internal_acc_dispatch_queue_full_wait_cycles.....:         0
============Block Control Stall Stats SThread 3=============
BRob Full Stall..................................:         0
RENAME Stall.....................................:         0
Block Rename Get Stall...........................:         0
Block Rename Set Stall...........................:         0
BIsq Full Stall .................................:         0
TileReg Full Stall ..............................:         0
InternalAcc Credit Wait..........................:         0
internal_acc_chain_allocated.....................:         0
internal_acc_chain_completed.....................:         0
internal_acc_chain_flush_released................:         0
internal_acc_block_head..........................:         0
internal_acc_block_mid...........................:         0
internal_acc_block_tail..........................:         0
internal_acc_chain_order_wait_stall_cycles.......:         0
internal_acc_dispatch_queue_full_wait_cycles.....:         0
============CtlStack (BISQ park head, per-stid)=============
  CtlStackG_S0...................................:      8273
  CtlStackBIQFull_S0.............................:         0
  CtlStackPortBudget_S0..........................:         0
  CtlStackCellRename_S0..........................:         0
  CtlStackGroupGate_S0...........................:         0
  CtlStackTlsuBusy_S0............................:         0
  CtlStackPeCluster_S0...........................:         0
  CtlStackEmpty_S0...............................:   3819343
  CtlStackUnaccounted_S0.........................:         0
  CtlStackSyscallGate_S0.........................:         0
  CtlStackResidual_S0............................:         0
  CtlStackG_S1...................................:      8272
  CtlStackBIQFull_S1.............................:         0
  CtlStackPortBudget_S1..........................:         0
  CtlStackCellRename_S1..........................:         0
  CtlStackGroupGate_S1...........................:         0
  CtlStackTlsuBusy_S1............................:         0
  CtlStackPeCluster_S1...........................:         0
  CtlStackEmpty_S1...............................:   3819344
  CtlStackUnaccounted_S1.........................:         0
  CtlStackSyscallGate_S1.........................:         0
  CtlStackResidual_S1............................:         0
  CtlStackG_S2...................................:      3524
  CtlStackBIQFull_S2.............................:         0
  CtlStackPortBudget_S2..........................:         0
  CtlStackCellRename_S2..........................:         0
  CtlStackGroupGate_S2...........................:         0
  CtlStackTlsuBusy_S2............................:         0
  CtlStackPeCluster_S2...........................:         0
  CtlStackEmpty_S2...............................:   3824092
  CtlStackUnaccounted_S2.........................:         0
  CtlStackSyscallGate_S2.........................:         0
  CtlStackResidual_S2............................:         0
  CtlStackG_S3...................................:      1956
  CtlStackBIQFull_S3.............................:         0
  CtlStackPortBudget_S3..........................:         0
  CtlStackCellRename_S3..........................:         0
  CtlStackGroupGate_S3...........................:         0
  CtlStackTlsuBusy_S3............................:         0
  CtlStackPeCluster_S3...........................:         0
  CtlStackEmpty_S3...............................:   3825660
  CtlStackUnaccounted_S3.........................:         0
  CtlStackSyscallGate_S3.........................:         0
  CtlStackResidual_S3............................:         0
==============CtlStack0 (fetch slot, per-stid)==============
  CtlStack0G0_S0.................................:      8273
  CtlStack0Empty0_S0.............................:   3819343
  CtlStack0Held0_S0..............................:         0
  CtlStack0Residual_S0...........................:         0
  CtlStack0G0_S1.................................:      8272
  CtlStack0Empty0_S1.............................:   3819344
  CtlStack0Held0_S1..............................:         0
  CtlStack0Residual_S1...........................:         0
  CtlStack0G0_S2.................................:      3524
  CtlStack0Empty0_S2.............................:   3824092
  CtlStack0Held0_S2..............................:         0
  CtlStack0Residual_S2...........................:         0
  CtlStack0G0_S3.................................:      1956
  CtlStack0Empty0_S3.............................:   3825660
  CtlStack0Held0_S3..............................:         0
  CtlStack0Residual_S3...........................:         0
==============CtlStack2 (BIQ dispatch, per-IQ)==============
  CtlStack2G_CUBE................................:       312
  CtlStack2Empty_CUBE............................:   3811283
  CtlStack2ReadyWait_CUBE........................:     16021
  CtlStack2DispQFull_CUBE........................:         0
  CtlStack2Unaccounted_CUBE......................:         0
  CtlStack2Residual_CUBE.........................:         0
  CtlStack2G_VEC_PE0.............................:       338
  CtlStack2Empty_VEC_PE0.........................:   3808464
  CtlStack2ReadyWait_VEC_PE0.....................:     18814
  CtlStack2DispQFull_VEC_PE0.....................:         0
  CtlStack2Unaccounted_VEC_PE0...................:         0
  CtlStack2Residual_VEC_PE0......................:         0
  CtlStack2G_VEC_PE1.............................:       338
  CtlStack2Empty_VEC_PE1.........................:   3808192
  CtlStack2ReadyWait_VEC_PE1.....................:     19086
  CtlStack2DispQFull_VEC_PE1.....................:         0
  CtlStack2Unaccounted_VEC_PE1...................:         0
  CtlStack2Residual_VEC_PE1......................:         0
  CtlStack2G_VEC_PE2.............................:       144
  CtlStack2Empty_VEC_PE2.........................:   3817826
  CtlStack2ReadyWait_VEC_PE2.....................:      9646
  CtlStack2DispQFull_VEC_PE2.....................:         0
  CtlStack2Unaccounted_VEC_PE2...................:         0
  CtlStack2Residual_VEC_PE2......................:         0
  CtlStack2G_VEC_PE3.............................:        80
  CtlStack2Empty_VEC_PE3.........................:   3821915
  CtlStack2ReadyWait_VEC_PE3.....................:      5621
  CtlStack2DispQFull_VEC_PE3.....................:         0
  CtlStack2Unaccounted_VEC_PE3...................:         0
  CtlStack2Residual_VEC_PE3......................:         0
============TileCell lifetime by producer module============
  TileCell OccCellCycles_CUBE....................:10350181200
  TileCell FreedCells_CUBE.......................:      1216
  TileCell AvgLifeCycles_CUBE....................:8511662.17
  TileCell MaxLifeCycles_CUBE....................:      1502
  TileCell OccCellCycles_VEC.....................:    619076
  TileCell FreedCells_VEC........................:      2064
  TileCell AvgLifeCycles_VEC.....................:    299.94
  TileCell MaxLifeCycles_VEC.....................:       990
  TileCell OccCellCycles_TLSU....................:18446744064959829661
  TileCell FreedCells_TLSU.......................:     11616
  TileCell AvgLifeCycles_TLSU....................:1588046148842960.50
  TileCell MaxLifeCycles_TLSU....................:   1412128
  TileCell OccCellCycles_Other...................:         0
  TileCell FreedCells_Other......................:         0
  TileCell AvgLifeCycles_Other...................:      0.00
  TileCell MaxLifeCycles_Other...................:         0
==========GmmaGenSpread (lockstep 4-PE divergence)==========
  GenCount (4-PE complete).......................:         0
  IssueSpreadMean................................:       N/A
  IssueSpreadMax.................................:         0
  CompleteSpreadMean.............................:       N/A
  CompleteSpreadMax..............................:         0
  CompleteSpreadBucket_le4.......................:         0
  CompleteSpreadBucket_5to16.....................:         0
  CompleteSpreadBucket_17to64....................:         0
  CompleteSpreadBucket_gt64......................:         0
  FirstDivergenceGen (completeSpread>8)..........:         0
  FirstDivergenceCycle...........................:         0
  FirstDivergenceSpread..........................:         0
=====Block Control Detail Stats(Flush Statistics) Total=====
intra-block ld-st conflict.......................:         0
inter-block ld-st conflict.......................:         1
intra-block misp.................................:         0
inter-block misp.................................:     10287
===Block Control Detail Stats(Flush Statistics) SThread 0===
intra-block ld-st conflict.......................:         0
inter-block ld-st conflict.......................:         1
intra-block misp.................................:         0
inter-block misp.................................:      9415
===Block Control Detail Stats(Flush Statistics) SThread 1===
intra-block ld-st conflict.......................:         0
inter-block ld-st conflict.......................:         0
intra-block misp.................................:         0
inter-block misp.................................:       370
===Block Control Detail Stats(Flush Statistics) SThread 2===
intra-block ld-st conflict.......................:         0
inter-block ld-st conflict.......................:         0
intra-block misp.................................:         0
inter-block misp.................................:       262
===Block Control Detail Stats(Flush Statistics) SThread 3===
intra-block ld-st conflict.......................:         0
inter-block ld-st conflict.......................:         0
intra-block misp.................................:         0
inter-block misp.................................:       240
=====================SPE OOO&IEX stats======================
decode inst bubble...............................:  16645554
average decode bundle............................:      0.00
Thread0 Pick Cnt.................................:   2952363
Thread1 Pick Cnt.................................:   3375002
Thread2 Pick Cnt.................................:   3823893
Thread3 Pick Cnt.................................:   3823740
Thread0 rob stall cnt............................:    225472
Thread1 rob stall cnt............................:    483750
Thread2 rob stall cnt............................:     17842
Thread3 rob stall cnt............................:      2871
decode pe rob stall..............................:         0
decode local gpr stall...........................:         0
inst buffer stall................................:         0
predicate reg stall..............................:         0
vector reg ptag stall............................:         0
vector local scalar reg stall....................:         0
retired ld inst..................................:   2509588
retired st inst..................................:     46586
retired scalar inst..............................:  13866342
retired vector inst..............................:         0
retired div/sqrt inst............................:      1664
MAPQ lg0 stall...................................:      1042
MAPQ lg1 stall...................................:       327
MAPQ lg2 stall...................................:       324
MAPQ lg3 stall...................................:       500
ROB lg0 stall....................................:    225472
ROB lg1 stall....................................:    483750
ROB lg2 stall....................................:     17842
ROB lg3 stall....................................:      2871
Thread0 decode cycle.............................:    935041
Thread1 decode cycle.............................:    965037
Thread2 decode cycle.............................:    963403
Thread3 decode cycle.............................:    964032
Thread0 alloc cycle..............................:    709030
Thread1 alloc cycle..............................:    479290
Thread2 alloc cycle..............................:    938962
Thread3 alloc cycle..............................:    953647
Thread0 rename cycle.............................:    708618
Thread1 rename cycle.............................:    478936
Thread2 rename cycle.............................:    938622
Thread3 rename cycle.............................:    953267
Thread0 d2_s1 dispatch cnt.......................:    659112
Thread1 d2_s1 dispatch cnt.......................:    160806
Thread2 d2_s1 dispatch cnt.......................:    814657
Thread3 d2_s1 dispatch cnt.......................:    933591
Thread0 slots_total..............................:   7480328
Thread1 slots_total..............................:   7720296
Thread2 slots_total..............................:   7707224
Thread3 slots_total..............................:   7712256
Thread0 slots_rob_allocated......................:   2952363
Thread1 slots_rob_allocated......................:   3375002
Thread2 slots_rob_allocated......................:   3823893
Thread3 slots_rob_allocated......................:   3823740
Thread0 slots_fe_bubble..........................:   4527965
Thread1 slots_fe_bubble..........................:   4345294
Thread2 slots_fe_bubble..........................:   3883331
Thread3 slots_fe_bubble..........................:   3888516
Thread0 slots_idle...............................:         0
Thread1 slots_idle...............................:         0
Thread2 slots_idle...............................:         0
Thread3 slots_idle...............................:         0
Thread0 robStall.................................:   1803776
Thread1 robStall.................................:   3870000
Thread2 robStall.................................:    142736
Thread3 robStall.................................:     22968
Thread0 retired_load.............................:    409775
Thread1 retired_load.............................:    639380
Thread2 retired_load.............................:    730266
Thread3 retired_load.............................:    730167
Thread0 retired_store............................:     30942
Thread1 retired_store............................:      5278
Thread2 retired_store............................:      5198
Thread3 retired_store............................:      5168
Thread0 retired_innerJump........................:         0
Thread1 retired_innerJump........................:         0
Thread2 retired_innerJump........................:         0
Thread3 retired_innerJump........................:         0
Thread0 retiredAluInst...........................:   2415279
Thread1 retiredAluInst...........................:   2725124
Thread2 retiredAluInst...........................:   3084580
Thread3 retiredAluInst...........................:   3085185
Thread0 retiredSAluInst..........................:   2415279
Thread1 retiredSAluInst..........................:   2725124
Thread2 retiredSAluInst..........................:   3084580
Thread3 retiredSAluInst..........................:   3085185
Thread0 retiredVAluInst..........................:         0
Thread1 retiredVAluInst..........................:         0
Thread2 retiredVAluInst..........................:         0
Thread3 retiredVAluInst..........................:         0
Thread0 retiredScalar............................:   2855996
Thread1 retiredScalar............................:   3369782
Thread2 retiredScalar............................:   3820044
Thread3 retiredScalar............................:   3820520
Thread0 retiredVector............................:         0
Thread1 retiredVector............................:         0
Thread2 retiredVector............................:         0
Thread3 retiredVector............................:         0
Thread0 retiredDivSqrt...........................:      1664
Thread1 retiredDivSqrt...........................:         0
Thread2 retiredDivSqrt...........................:         0
Thread3 retiredDivSqrt...........................:         0
====================Vector PMU Stats PE0====================
PEId.............................................:         0
TileopNum........................................:       338
TCMPPackedTileNum................................:         0
TCMPFragmentExpected.............................:         0
TCMPFragmentCompleted............................:         0
TCMPFragmentCanceled.............................:         0
TCMPPackedCellWrites.............................:         0
TCMPPackWriteWaitCycles..........................:         0
TCMPFlushedTileNum...............................:         0
UopNum...........................................:       488
SplitCellCountMismatch...........................:         0
SplitPartialCellUopCount.........................:         0
SplitUopAvgPayloadBytes..........................:       N/A
UopQDispatch_INT.................................:         0
UopQReadyBypass_INT..............................:         0
UopQDispatchSrcBufFullCycles_INT.................:         0
UopQDispatchSrcBufFullBlockedCycles_INT..........:         0
VecSrcCellNotReadyCycles_INT.....................:        75
SharedReadPortWaitCycles_INT.....................:         0
UopQDispatch_FMA.................................:         0
UopQReadyBypass_FMA..............................:         0
UopQDispatchSrcBufFullCycles_FMA.................:         0
UopQDispatchSrcBufFullBlockedCycles_FMA..........:         0
VecSrcCellNotReadyCycles_FMA.....................:        84
SharedReadPortWaitCycles_FMA.....................:         0
UopQDispatch_LNEXP...............................:         0
UopQReadyBypass_LNEXP............................:         0
UopQDispatchSrcBufFullCycles_LNEXP...............:         0
UopQDispatchSrcBufFullBlockedCycles_LNEXP........:         0
VecSrcCellNotReadyCycles_LNEXP...................:         0
SharedReadPortWaitCycles_LNEXP...................:         0
CellReadMergedUops...............................:         0
StaticUopsIssued.................................:       488
StaticBoardBlockCycles...........................:         0
StaticWritebacks.................................:       488
EarlyWakeupFired.................................:       258
StaticDynPipeBlockCycles.........................:         0
DynStaticChainBlockCycles........................:         0
ExpandTagHits_INT................................:         0
ExpandTagMisses_INT..............................:         0
ExpandBankFills_INT..............................:         0
ExpandTempFills_INT..............................:         0
ExpandEvicts_INT.................................:         0
ExpandTagHits_FMA................................:         0
ExpandTagMisses_FMA..............................:         0
ExpandBankFills_FMA..............................:         0
ExpandTempFills_FMA..............................:         0
ExpandEvicts_FMA.................................:         0
ExpandTagHits_LNEXP..............................:         0
ExpandTagMisses_LNEXP............................:         0
ExpandBankFills_LNEXP............................:         0
ExpandTempFills_LNEXP............................:         0
ExpandEvicts_LNEXP...............................:         0
ExpandFillDrops..................................:         0
ExpandReadStaleFallbacks cls0....................:         0
ExpandReadStaleFallbacks cls1....................:         0
ExpandReadStaleFallbacks cls2....................:         0
LeSharedPortBlockCycles..........................:         0
LeSrc1CarrySkips.................................:         0
=======Static Path Bank Access / Conflict Attribution=======
  StaticBankReads Bank[0]........................:       108
  StaticBankReads Bank[1]........................:        22
  StaticBankReads Bank[2]........................:        83
  StaticBankReads Bank[3]........................:        21
  StaticBankReads Bank[4]........................:        67
  StaticBankReads Bank[5]........................:        21
  StaticBankReads Bank[6]........................:        41
  StaticBankReads Bank[7]........................:        21
  StaticDetectReadBlocks Bank[0].................:         2
  StaticDetectReadBlocks Bank[1].................:         0
  StaticDetectReadBlocks Bank[2].................:         5
  StaticDetectReadBlocks Bank[3].................:         0
  StaticDetectReadBlocks Bank[4].................:         2
  StaticDetectReadBlocks Bank[5].................:         0
  StaticDetectReadBlocks Bank[6].................:         0
  StaticDetectReadBlocks Bank[7].................:         0
  StaticDetectWriteBlocks Bank[0]................:         0
  StaticDetectWriteBlocks Bank[1]................:         0
  StaticDetectWriteBlocks Bank[2]................:         0
  StaticDetectWriteBlocks Bank[3]................:         0
  StaticDetectWriteBlocks Bank[4]................:         0
  StaticDetectWriteBlocks Bank[5]................:         0
  StaticDetectWriteBlocks Bank[6]................:         0
  StaticDetectWriteBlocks Bank[7]................:         0
  StaticIntYieldBlocks Bank[0]...................:         0
  StaticIntYieldBlocks Bank[1]...................:         0
  StaticIntYieldBlocks Bank[2]...................:         0
  StaticIntYieldBlocks Bank[3]...................:         0
  StaticIntYieldBlocks Bank[4]...................:         0
  StaticIntYieldBlocks Bank[5]...................:         0
  StaticIntYieldBlocks Bank[6]...................:         0
  StaticIntYieldBlocks Bank[7]...................:         0
  StaticBoardOccSum Bank[0]......................:      2585
  StaticBoardOccSum Bank[1]......................:      1880
  StaticBoardOccSum Bank[2]......................:      2510
  StaticBoardOccSum Bank[3]......................:      1708
  StaticBoardOccSum Bank[4]......................:      2195
  StaticBoardOccSum Bank[5]......................:      1674
  StaticBoardOccSum Bank[6]......................:      2436
  StaticBoardOccSum Bank[7]......................:      1626
  StaticBoardOccColSum Col[0]....................:      1757
  StaticBoardOccColSum Col[1]....................:      1745
  StaticBoardOccColSum Col[2]....................:      1745
  StaticBoardOccColSum Col[3]....................:      1425
  StaticBoardOccColSum Col[4]....................:      1362
  StaticBoardOccColSum Col[5]....................:      1362
  StaticBoardOccColSum Col[6]....................:      1362
  StaticBoardOccColSum Col[7]....................:      1362
  StaticBoardOccColSum Col[8]....................:      1362
  StaticBoardOccColSum Col[9]....................:      1362
  StaticBoardOccColSum Col[10]...................:      1362
  StaticBoardOccColSum Col[11]...................:       408
  StaticBoardOccColSum Col[12]...................:         0
  StaticBoardOccColSum Col[13]...................:         0
  StaticBoardOccColSum Col[14]...................:         0
  StaticBoardOccColSum Col[15]...................:         0
VecAluAcceptCycles_FMA...........................:       264
VecAluAcceptCycles_INT...........................:       144
VecAluAcceptCycles_LNEXP.........................:        80
VecTripleIssueCycles.............................:         0
VecDualIssueCycles...............................:         2
VecSingleIssueCycles.............................:       484
VecIdleIssueCycles...............................:   3827130
CellReadMergeSaved...............................:         0
SrcBufBypassIssue................................:         0
SplitRawGateBlocked..............................:         0
SplitNoFreeSlotCycles............................:         0
IPC(UOP).........................................:  0.000127
RowExpandTileNum.................................:         0
RowReduceTileNum.................................:         0
RedTempMacroNum..................................:         0
HybridCountGatedTiles............................:         0
ReadNum..........................................:         0
CellReadAccessTotal..............................:       384
CellReadAccess_INT...............................:       138
CellReadAccess_FMA...............................:       246
CellReadAccess_LNEXP.............................:         0
ReadLat..........................................:      0.00
  |--LatLE5......................................:         0
  |--LatLE10.....................................:         0
  |--LatLE15.....................................:         0
  |--LatGT15.....................................:         0
WriteNum.........................................:        80
CellWriteAccessTotal.............................:       488
CellWriteAccess_INT..............................:       144
CellWriteAccess_FMA..............................:       264
CellWriteAccess_LNEXP............................:        80
TempForwardHits_INT..............................:         6
TempForwardHits_FMA..............................:        98
TempForwardHits_LNEXP............................:        80
TempForwardMisses_INT............................:       138
TempForwardMisses_FMA............................:       246
TempForwardMisses_LNEXP..........................:         0
ExpandTagHits_INT................................:         0
ExpandTagHits_FMA................................:         0
ExpandTagHits_LNEXP..............................:         0
ExpandTagMisses_INT..............................:         0
ExpandTagMisses_FMA..............................:         0
ExpandTagMisses_LNEXP............................:         0
ExpandBankFills_INT..............................:         0
ExpandBankFills_FMA..............................:         0
ExpandBankFills_LNEXP............................:         0
ExpandTempFills_INT..............................:         0
ExpandTempFills_FMA..............................:         0
ExpandTempFills_LNEXP............................:         0
ExpandEvicts_INT.................................:         0
ExpandEvicts_FMA.................................:         0
ExpandEvicts_LNEXP...............................:         0
LeSharedPortBlockCycles..........................:         0
WriteLat.........................................:      1.09
  |--LatLE5......................................:        80
  |--LatLE10.....................................:         0
  |--LatLE15.....................................:         0
  |--LatGT15.....................................:         0
AccountExpCellReads_INT..........................:       144
AccountExpCellReads_FMA..........................:       344
AccountExpCellReads_LNEXP........................:        80
AccountExpRedTempReads...........................:         0
AccountRedTempReads..............................:         0
AccountExpCellWrites_INT.........................:       144
AccountExpCellWrites_FMA.........................:       264
AccountExpCellWrites_LNEXP.......................:        80
AccountExpRedTempWrites..........................:         0
AccountExpReadsTotal.............................:       568
AccountActReadsTotal.............................:       568
AccountReadDelta.................................:      0.00
AccountExpWritesTotal............................:       488
AccountActWritesTotal............................:       488
AccountWriteDelta................................:      0.00
========================VecUtilStack========================
UtilStackW_INT...................................:       144
UtilStackO_INT...................................:         0
UtilStackA_INT...................................:         0
UtilStackD_INT...................................:         0
UtilStackI_INT...................................:         0
UtilStackS_INT...................................:   3827472
UtilStackUnaccounted_INT.........................:         0
UtilStackW_FMA...................................:       264
UtilStackO_FMA...................................:         9
UtilStackA_FMA...................................:         0
UtilStackD_FMA...................................:         0
UtilStackI_FMA...................................:         0
UtilStackS_FMA...................................:   3827343
UtilStackUnaccounted_FMA.........................:         0
UtilStackW_LNEXP.................................:        80
UtilStackO_LNEXP.................................:         0
UtilStackA_LNEXP.................................:        52
UtilStackD_LNEXP.................................:         0
UtilStackI_LNEXP.................................:         0
UtilStackS_LNEXP.................................:   3827484
UtilStackUnaccounted_LNEXP.......................:         0
UtilStackW_SHARED................................:         0
UtilStackO_SHARED................................:         0
UtilStackA_SHARED................................:         0
UtilStackD_SHARED................................:         0
UtilStackI_SHARED................................:         0
UtilStackS_SHARED................................:   3827616
UtilStackUnaccounted_SHARED......................:         0
UtilStackCycles..................................:   3827616
UtilStackVecBusy.................................:      3371
UtilStackVecExposed..............................:      2901
  UtilStackSub_O_DstWriteCfl_INT.................:         0
  UtilStackSub_O_BankCfl_INT.....................:         0
  UtilStackSub_O_SharedPort_INT..................:         0
  UtilStackSub_O_YieldFma_INT....................:         0
  UtilStackSub_O_LePort_INT......................:         0
  UtilStackSub_A_RedTempMacro_INT................:         0
  UtilStackSub_A_LeThrottle_INT..................:         0
  UtilStackSub_A_LeFifoFull_INT..................:         0
  UtilStackSub_A_IiCool_INT......................:         0
  UtilStackSub_A_DstbufFull_INT..................:         0
  UtilStackSub_A_PipeFull_INT....................:         0
  UtilStackSub_D_StaticSrc_INT...................:         0
  UtilStackSub_D_RedTempCount_INT................:         0
  UtilStackSub_D_DynSrcbuf_INT...................:         0
  UtilStackSubO_Reconcile_INT....................:      0.00
  UtilStackSubA_Reconcile_INT....................:      0.00
  UtilStackSubD_Reconcile_INT....................:      0.00
  UtilStackSub_O_DstWriteCfl_FMA.................:         0
  UtilStackSub_O_BankCfl_FMA.....................:         9
  UtilStackSub_O_SharedPort_FMA..................:         0
  UtilStackSub_O_YieldFma_FMA....................:         0
  UtilStackSub_O_LePort_FMA......................:         0
  UtilStackSub_A_RedTempMacro_FMA................:         0
  UtilStackSub_A_LeThrottle_FMA..................:         0
  UtilStackSub_A_LeFifoFull_FMA..................:         0
  UtilStackSub_A_IiCool_FMA......................:         0
  UtilStackSub_A_DstbufFull_FMA..................:         0
  UtilStackSub_A_PipeFull_FMA....................:         0
  UtilStackSub_D_StaticSrc_FMA...................:         0
  UtilStackSub_D_RedTempCount_FMA................:         0
  UtilStackSub_D_DynSrcbuf_FMA...................:         0
  UtilStackSubO_Reconcile_FMA....................:      0.00
  UtilStackSubA_Reconcile_FMA....................:      0.00
  UtilStackSubD_Reconcile_FMA....................:      0.00
  UtilStackSub_O_DstWriteCfl_LNEXP...............:         0
  UtilStackSub_O_BankCfl_LNEXP...................:         0
  UtilStackSub_O_SharedPort_LNEXP................:         0
  UtilStackSub_O_YieldFma_LNEXP..................:         0
  UtilStackSub_O_LePort_LNEXP....................:         0
  UtilStackSub_A_RedTempMacro_LNEXP..............:         0
  UtilStackSub_A_LeThrottle_LNEXP................:        52
  UtilStackSub_A_LeFifoFull_LNEXP................:         0
  UtilStackSub_A_IiCool_LNEXP....................:         0
  UtilStackSub_A_DstbufFull_LNEXP................:         0
  UtilStackSub_A_PipeFull_LNEXP..................:         0
  UtilStackSub_D_StaticSrc_LNEXP.................:         0
  UtilStackSub_D_RedTempCount_LNEXP..............:         0
  UtilStackSub_D_DynSrcbuf_LNEXP.................:         0
  UtilStackSubO_Reconcile_LNEXP..................:      0.00
  UtilStackSubA_Reconcile_LNEXP..................:      0.00
  UtilStackSubD_Reconcile_LNEXP..................:      0.00
  UtilStackSub_O_DstWriteCfl_SHARED..............:         0
  UtilStackSub_O_BankCfl_SHARED..................:         0
  UtilStackSub_O_SharedPort_SHARED...............:         0
  UtilStackSub_O_YieldFma_SHARED.................:         0
  UtilStackSub_O_LePort_SHARED...................:         0
  UtilStackSub_A_RedTempMacro_SHARED.............:         0
  UtilStackSub_A_LeThrottle_SHARED...............:         0
  UtilStackSub_A_LeFifoFull_SHARED...............:         0
  UtilStackSub_A_IiCool_SHARED...................:         0
  UtilStackSub_A_DstbufFull_SHARED...............:         0
  UtilStackSub_A_PipeFull_SHARED.................:         0
  UtilStackSub_D_StaticSrc_SHARED................:         0
  UtilStackSub_D_RedTempCount_SHARED.............:         0
  UtilStackSub_D_DynSrcbuf_SHARED................:         0
  UtilStackSubO_Reconcile_SHARED.................:      0.00
  UtilStackSubA_Reconcile_SHARED.................:      0.00
  UtilStackSubD_Reconcile_SHARED.................:      0.00
  UtilStackOBlocker_None_INT.....................:         0
  UtilStackOBlocker_FmaRead_INT..................:         0
  UtilStackOBlocker_IntRead_INT..................:         0
  UtilStackOBlocker_LeRead_INT...................:         0
  UtilStackOBlocker_FmaWrite_INT.................:         0
  UtilStackOBlocker_IntWrite_INT.................:         0
  UtilStackOBlocker_CubeRead_INT.................:         0
  UtilStackOBlocker_CubeWrite_INT................:         0
  UtilStackOBlocker_LeWrite_INT..................:         0
  UtilStackOBlocker_Reconcile_INT................:      0.00
  UtilStackOBlocker_None_FMA.....................:         0
  UtilStackOBlocker_FmaRead_FMA..................:         3
  UtilStackOBlocker_IntRead_FMA..................:         0
  UtilStackOBlocker_LeRead_FMA...................:         0
  UtilStackOBlocker_FmaWrite_FMA.................:         4
  UtilStackOBlocker_IntWrite_FMA.................:         0
  UtilStackOBlocker_CubeRead_FMA.................:         2
  UtilStackOBlocker_CubeWrite_FMA................:         0
  UtilStackOBlocker_LeWrite_FMA..................:         0
  UtilStackOBlocker_Reconcile_FMA................:      0.00
  UtilStackOBlocker_None_LNEXP...................:         0
  UtilStackOBlocker_FmaRead_LNEXP................:         0
  UtilStackOBlocker_IntRead_LNEXP................:         0
  UtilStackOBlocker_LeRead_LNEXP.................:         0
  UtilStackOBlocker_FmaWrite_LNEXP...............:         0
  UtilStackOBlocker_IntWrite_LNEXP...............:         0
  UtilStackOBlocker_CubeRead_LNEXP...............:         0
  UtilStackOBlocker_CubeWrite_LNEXP..............:         0
  UtilStackOBlocker_LeWrite_LNEXP................:         0
  UtilStackOBlocker_Reconcile_LNEXP..............:      0.00
  UtilStackOBlocker_None_SHARED..................:         0
  UtilStackOBlocker_FmaRead_SHARED...............:         0
  UtilStackOBlocker_IntRead_SHARED...............:         0
  UtilStackOBlocker_LeRead_SHARED................:         0
  UtilStackOBlocker_FmaWrite_SHARED..............:         0
  UtilStackOBlocker_IntWrite_SHARED..............:         0
  UtilStackOBlocker_CubeRead_SHARED..............:         0
  UtilStackOBlocker_CubeWrite_SHARED.............:         0
  UtilStackOBlocker_LeWrite_SHARED...............:         0
  UtilStackOBlocker_Reconcile_SHARED.............:      0.00
YieldFmaReadCycles...............................:         0
YieldFmaWriteCycles..............................:         0
UtilStackHideRatio...............................:      0.14
UtilStackHideRatioStrict.........................:      0.07
  UtilStackIssueCombo_None.......................:   3827130
  UtilStackIssueCombo_INT........................:       144
  UtilStackIssueCombo_FMA........................:       262
  UtilStackIssueCombo_INT+FMA....................:         0
  UtilStackIssueCombo_LE.........................:        78
  UtilStackIssueCombo_INT+LE.....................:         0
  UtilStackIssueCombo_FMA+LE.....................:         2
  UtilStackIssueCombo_INT+FMA+LE.................:         0
  UtilStackIssueCombo_SH.........................:         0
  UtilStackIssueCombo_INT+SH.....................:         0
  UtilStackIssueCombo_FMA+SH.....................:         0
  UtilStackIssueCombo_INT+FMA+SH.................:         0
  UtilStackIssueCombo_LE+SH......................:         0
  UtilStackIssueCombo_INT+LE+SH..................:         0
  UtilStackIssueCombo_FMA+LE+SH..................:         0
  UtilStackIssueCombo_INT+FMA+LE+SH..............:         0
  UtilStackIssueCombo_Reconcile..................:      0.00
  UtilStackIssueEvent_Reconcile..................:      0.00
UtilStackMultiIssueProb..........................:      0.00
UtilStackAvgIssueRate............................:      0.00
UtilStackIssueWidthUtil..........................:      0.00
====================Vector PMU Stats PE1====================
PEId.............................................:         1
TileopNum........................................:       338
TCMPPackedTileNum................................:         0
TCMPFragmentExpected.............................:         0
TCMPFragmentCompleted............................:         0
TCMPFragmentCanceled.............................:         0
TCMPPackedCellWrites.............................:         0
TCMPPackWriteWaitCycles..........................:         0
TCMPFlushedTileNum...............................:         0
UopNum...........................................:       488
SplitCellCountMismatch...........................:         0
SplitPartialCellUopCount.........................:         0
SplitUopAvgPayloadBytes..........................:       N/A
UopQDispatch_INT.................................:         0
UopQReadyBypass_INT..............................:         0
UopQDispatchSrcBufFullCycles_INT.................:         0
UopQDispatchSrcBufFullBlockedCycles_INT..........:         0
VecSrcCellNotReadyCycles_INT.....................:        75
SharedReadPortWaitCycles_INT.....................:         0
UopQDispatch_FMA.................................:         0
UopQReadyBypass_FMA..............................:         0
UopQDispatchSrcBufFullCycles_FMA.................:         0
UopQDispatchSrcBufFullBlockedCycles_FMA..........:         0
VecSrcCellNotReadyCycles_FMA.....................:        76
SharedReadPortWaitCycles_FMA.....................:         0
UopQDispatch_LNEXP...............................:         0
UopQReadyBypass_LNEXP............................:         0
UopQDispatchSrcBufFullCycles_LNEXP...............:         0
UopQDispatchSrcBufFullBlockedCycles_LNEXP........:         0
VecSrcCellNotReadyCycles_LNEXP...................:         0
SharedReadPortWaitCycles_LNEXP...................:         0
CellReadMergedUops...............................:         0
StaticUopsIssued.................................:       488
StaticBoardBlockCycles...........................:         0
StaticWritebacks.................................:       488
EarlyWakeupFired.................................:       258
StaticDynPipeBlockCycles.........................:         0
DynStaticChainBlockCycles........................:         0
ExpandTagHits_INT................................:         0
ExpandTagMisses_INT..............................:         0
ExpandBankFills_INT..............................:         0
ExpandTempFills_INT..............................:         0
ExpandEvicts_INT.................................:         0
ExpandTagHits_FMA................................:         0
ExpandTagMisses_FMA..............................:         0
ExpandBankFills_FMA..............................:         0
ExpandTempFills_FMA..............................:         0
ExpandEvicts_FMA.................................:         0
ExpandTagHits_LNEXP..............................:         0
ExpandTagMisses_LNEXP............................:         0
ExpandBankFills_LNEXP............................:         0
ExpandTempFills_LNEXP............................:         0
ExpandEvicts_LNEXP...............................:         0
ExpandFillDrops..................................:         0
ExpandReadStaleFallbacks cls0....................:         0
ExpandReadStaleFallbacks cls1....................:         0
ExpandReadStaleFallbacks cls2....................:         0
LeSharedPortBlockCycles..........................:         0
LeSrc1CarrySkips.................................:         0
=======Static Path Bank Access / Conflict Attribution=======
  StaticBankReads Bank[0]........................:        96
  StaticBankReads Bank[1]........................:        24
  StaticBankReads Bank[2]........................:        81
  StaticBankReads Bank[3]........................:        21
  StaticBankReads Bank[4]........................:        83
  StaticBankReads Bank[5]........................:        20
  StaticBankReads Bank[6]........................:        44
  StaticBankReads Bank[7]........................:        20
  StaticDetectReadBlocks Bank[0].................:         0
  StaticDetectReadBlocks Bank[1].................:         0
  StaticDetectReadBlocks Bank[2].................:         0
  StaticDetectReadBlocks Bank[3].................:         0
  StaticDetectReadBlocks Bank[4].................:         1
  StaticDetectReadBlocks Bank[5].................:         0
  StaticDetectReadBlocks Bank[6].................:         0
  StaticDetectReadBlocks Bank[7].................:         0
  StaticDetectWriteBlocks Bank[0]................:         0
  StaticDetectWriteBlocks Bank[1]................:         0
  StaticDetectWriteBlocks Bank[2]................:         0
  StaticDetectWriteBlocks Bank[3]................:         0
  StaticDetectWriteBlocks Bank[4]................:         0
  StaticDetectWriteBlocks Bank[5]................:         0
  StaticDetectWriteBlocks Bank[6]................:         0
  StaticDetectWriteBlocks Bank[7]................:         0
  StaticIntYieldBlocks Bank[0]...................:         0
  StaticIntYieldBlocks Bank[1]...................:         0
  StaticIntYieldBlocks Bank[2]...................:         0
  StaticIntYieldBlocks Bank[3]...................:         0
  StaticIntYieldBlocks Bank[4]...................:         0
  StaticIntYieldBlocks Bank[5]...................:         0
  StaticIntYieldBlocks Bank[6]...................:         0
  StaticIntYieldBlocks Bank[7]...................:         0
  StaticBoardOccSum Bank[0]......................:      3988
  StaticBoardOccSum Bank[1]......................:      3275
  StaticBoardOccSum Bank[2]......................:      3905
  StaticBoardOccSum Bank[3]......................:      3206
  StaticBoardOccSum Bank[4]......................:      3501
  StaticBoardOccSum Bank[5]......................:      3003
  StaticBoardOccSum Bank[6]......................:      3830
  StaticBoardOccSum Bank[7]......................:      2991
  StaticBoardOccColSum Col[0]....................:      2801
  StaticBoardOccColSum Col[1]....................:      2753
  StaticBoardOccColSum Col[2]....................:      2753
  StaticBoardOccColSum Col[3]....................:      2436
  StaticBoardOccColSum Col[4]....................:      2364
  StaticBoardOccColSum Col[5]....................:      2364
  StaticBoardOccColSum Col[6]....................:      2364
  StaticBoardOccColSum Col[7]....................:      2364
  StaticBoardOccColSum Col[8]....................:      2364
  StaticBoardOccColSum Col[9]....................:      2364
  StaticBoardOccColSum Col[10]...................:      2364
  StaticBoardOccColSum Col[11]...................:       408
  StaticBoardOccColSum Col[12]...................:         0
  StaticBoardOccColSum Col[13]...................:         0
  StaticBoardOccColSum Col[14]...................:         0
  StaticBoardOccColSum Col[15]...................:         0
VecAluAcceptCycles_FMA...........................:       264
VecAluAcceptCycles_INT...........................:       144
VecAluAcceptCycles_LNEXP.........................:        80
VecTripleIssueCycles.............................:         0
VecDualIssueCycles...............................:         0
VecSingleIssueCycles.............................:       488
VecIdleIssueCycles...............................:   3827128
CellReadMergeSaved...............................:         0
SrcBufBypassIssue................................:         0
SplitRawGateBlocked..............................:         0
SplitNoFreeSlotCycles............................:         0
IPC(UOP).........................................:  0.000127
RowExpandTileNum.................................:         0
RowReduceTileNum.................................:         0
RedTempMacroNum..................................:         0
HybridCountGatedTiles............................:         0
ReadNum..........................................:         0
CellReadAccessTotal..............................:       389
CellReadAccess_INT...............................:       136
CellReadAccess_FMA...............................:       253
CellReadAccess_LNEXP.............................:         0
ReadLat..........................................:      0.00
  |--LatLE5......................................:         0
  |--LatLE10.....................................:         0
  |--LatLE15.....................................:         0
  |--LatGT15.....................................:         0
WriteNum.........................................:        80
CellWriteAccessTotal.............................:       488
CellWriteAccess_INT..............................:       144
CellWriteAccess_FMA..............................:       264
CellWriteAccess_LNEXP............................:        80
TempForwardHits_INT..............................:         8
TempForwardHits_FMA..............................:        91
TempForwardHits_LNEXP............................:        80
TempForwardMisses_INT............................:       136
TempForwardMisses_FMA............................:       253
TempForwardMisses_LNEXP..........................:         0
ExpandTagHits_INT................................:         0
ExpandTagHits_FMA................................:         0
ExpandTagHits_LNEXP..............................:         0
ExpandTagMisses_INT..............................:         0
ExpandTagMisses_FMA..............................:         0
ExpandTagMisses_LNEXP............................:         0
ExpandBankFills_INT..............................:         0
ExpandBankFills_FMA..............................:         0
ExpandBankFills_LNEXP............................:         0
ExpandTempFills_INT..............................:         0
ExpandTempFills_FMA..............................:         0
ExpandTempFills_LNEXP............................:         0
ExpandEvicts_INT.................................:         0
ExpandEvicts_FMA.................................:         0
ExpandEvicts_LNEXP...............................:         0
LeSharedPortBlockCycles..........................:         0
WriteLat.........................................:      1.24
  |--LatLE5......................................:        80
  |--LatLE10.....................................:         0
  |--LatLE15.....................................:         0
  |--LatGT15.....................................:         0
AccountExpCellReads_INT..........................:       144
AccountExpCellReads_FMA..........................:       344
AccountExpCellReads_LNEXP........................:        80
AccountExpRedTempReads...........................:         0
AccountRedTempReads..............................:         0
AccountExpCellWrites_INT.........................:       144
AccountExpCellWrites_FMA.........................:       264
AccountExpCellWrites_LNEXP.......................:        80
AccountExpRedTempWrites..........................:         0
AccountExpReadsTotal.............................:       568
AccountActReadsTotal.............................:       568
AccountReadDelta.................................:      0.00
AccountExpWritesTotal............................:       488
AccountActWritesTotal............................:       488
AccountWriteDelta................................:      0.00
========================VecUtilStack========================
UtilStackW_INT...................................:       144
UtilStackO_INT...................................:         0
UtilStackA_INT...................................:         0
UtilStackD_INT...................................:         0
UtilStackI_INT...................................:         0
UtilStackS_INT...................................:   3827472
UtilStackUnaccounted_INT.........................:         0
UtilStackW_FMA...................................:       264
UtilStackO_FMA...................................:         1
UtilStackA_FMA...................................:         0
UtilStackD_FMA...................................:         0
UtilStackI_FMA...................................:         0
UtilStackS_FMA...................................:   3827351
UtilStackUnaccounted_FMA.........................:         0
UtilStackW_LNEXP.................................:        80
UtilStackO_LNEXP.................................:         0
UtilStackA_LNEXP.................................:        54
UtilStackD_LNEXP.................................:         0
UtilStackI_LNEXP.................................:         0
UtilStackS_LNEXP.................................:   3827482
UtilStackUnaccounted_LNEXP.......................:         0
UtilStackW_SHARED................................:         0
UtilStackO_SHARED................................:         0
UtilStackA_SHARED................................:         0
UtilStackD_SHARED................................:         0
UtilStackI_SHARED................................:         0
UtilStackS_SHARED................................:   3827616
UtilStackUnaccounted_SHARED......................:         0
UtilStackCycles..................................:   3827616
UtilStackVecBusy.................................:      3329
UtilStackVecExposed..............................:      3156
  UtilStackSub_O_DstWriteCfl_INT.................:         0
  UtilStackSub_O_BankCfl_INT.....................:         0
  UtilStackSub_O_SharedPort_INT..................:         0
  UtilStackSub_O_YieldFma_INT....................:         0
  UtilStackSub_O_LePort_INT......................:         0
  UtilStackSub_A_RedTempMacro_INT................:         0
  UtilStackSub_A_LeThrottle_INT..................:         0
  UtilStackSub_A_LeFifoFull_INT..................:         0
  UtilStackSub_A_IiCool_INT......................:         0
  UtilStackSub_A_DstbufFull_INT..................:         0
  UtilStackSub_A_PipeFull_INT....................:         0
  UtilStackSub_D_StaticSrc_INT...................:         0
  UtilStackSub_D_RedTempCount_INT................:         0
  UtilStackSub_D_DynSrcbuf_INT...................:         0
  UtilStackSubO_Reconcile_INT....................:      0.00
  UtilStackSubA_Reconcile_INT....................:      0.00
  UtilStackSubD_Reconcile_INT....................:      0.00
  UtilStackSub_O_DstWriteCfl_FMA.................:         0
  UtilStackSub_O_BankCfl_FMA.....................:         1
  UtilStackSub_O_SharedPort_FMA..................:         0
  UtilStackSub_O_YieldFma_FMA....................:         0
  UtilStackSub_O_LePort_FMA......................:         0
  UtilStackSub_A_RedTempMacro_FMA................:         0
  UtilStackSub_A_LeThrottle_FMA..................:         0
  UtilStackSub_A_LeFifoFull_FMA..................:         0
  UtilStackSub_A_IiCool_FMA......................:         0
  UtilStackSub_A_DstbufFull_FMA..................:         0
  UtilStackSub_A_PipeFull_FMA....................:         0
  UtilStackSub_D_StaticSrc_FMA...................:         0
  UtilStackSub_D_RedTempCount_FMA................:         0
  UtilStackSub_D_DynSrcbuf_FMA...................:         0
  UtilStackSubO_Reconcile_FMA....................:      0.00
  UtilStackSubA_Reconcile_FMA....................:      0.00
  UtilStackSubD_Reconcile_FMA....................:      0.00
  UtilStackSub_O_DstWriteCfl_LNEXP...............:         0
  UtilStackSub_O_BankCfl_LNEXP...................:         0
  UtilStackSub_O_SharedPort_LNEXP................:         0
  UtilStackSub_O_YieldFma_LNEXP..................:         0
  UtilStackSub_O_LePort_LNEXP....................:         0
  UtilStackSub_A_RedTempMacro_LNEXP..............:         0
  UtilStackSub_A_LeThrottle_LNEXP................:        54
  UtilStackSub_A_LeFifoFull_LNEXP................:         0
  UtilStackSub_A_IiCool_LNEXP....................:         0
  UtilStackSub_A_DstbufFull_LNEXP................:         0
  UtilStackSub_A_PipeFull_LNEXP..................:         0
  UtilStackSub_D_StaticSrc_LNEXP.................:         0
  UtilStackSub_D_RedTempCount_LNEXP..............:         0
  UtilStackSub_D_DynSrcbuf_LNEXP.................:         0
  UtilStackSubO_Reconcile_LNEXP..................:      0.00
  UtilStackSubA_Reconcile_LNEXP..................:      0.00
  UtilStackSubD_Reconcile_LNEXP..................:      0.00
  UtilStackSub_O_DstWriteCfl_SHARED..............:         0
  UtilStackSub_O_BankCfl_SHARED..................:         0
  UtilStackSub_O_SharedPort_SHARED...............:         0
  UtilStackSub_O_YieldFma_SHARED.................:         0
  UtilStackSub_O_LePort_SHARED...................:         0
  UtilStackSub_A_RedTempMacro_SHARED.............:         0
  UtilStackSub_A_LeThrottle_SHARED...............:         0
  UtilStackSub_A_LeFifoFull_SHARED...............:         0
  UtilStackSub_A_IiCool_SHARED...................:         0
  UtilStackSub_A_DstbufFull_SHARED...............:         0
  UtilStackSub_A_PipeFull_SHARED.................:         0
  UtilStackSub_D_StaticSrc_SHARED................:         0
  UtilStackSub_D_RedTempCount_SHARED.............:         0
  UtilStackSub_D_DynSrcbuf_SHARED................:         0
  UtilStackSubO_Reconcile_SHARED.................:      0.00
  UtilStackSubA_Reconcile_SHARED.................:      0.00
  UtilStackSubD_Reconcile_SHARED.................:      0.00
  UtilStackOBlocker_None_INT.....................:         0
  UtilStackOBlocker_FmaRead_INT..................:         0
  UtilStackOBlocker_IntRead_INT..................:         0
  UtilStackOBlocker_LeRead_INT...................:         0
  UtilStackOBlocker_FmaWrite_INT.................:         0
  UtilStackOBlocker_IntWrite_INT.................:         0
  UtilStackOBlocker_CubeRead_INT.................:         0
  UtilStackOBlocker_CubeWrite_INT................:         0
  UtilStackOBlocker_LeWrite_INT..................:         0
  UtilStackOBlocker_Reconcile_INT................:      0.00
  UtilStackOBlocker_None_FMA.....................:         0
  UtilStackOBlocker_FmaRead_FMA..................:         0
  UtilStackOBlocker_IntRead_FMA..................:         0
  UtilStackOBlocker_LeRead_FMA...................:         0
  UtilStackOBlocker_FmaWrite_FMA.................:         1
  UtilStackOBlocker_IntWrite_FMA.................:         0
  UtilStackOBlocker_CubeRead_FMA.................:         0
  UtilStackOBlocker_CubeWrite_FMA................:         0
  UtilStackOBlocker_LeWrite_FMA..................:         0
  UtilStackOBlocker_Reconcile_FMA................:      0.00
  UtilStackOBlocker_None_LNEXP...................:         0
  UtilStackOBlocker_FmaRead_LNEXP................:         0
  UtilStackOBlocker_IntRead_LNEXP................:         0
  UtilStackOBlocker_LeRead_LNEXP.................:         0
  UtilStackOBlocker_FmaWrite_LNEXP...............:         0
  UtilStackOBlocker_IntWrite_LNEXP...............:         0
  UtilStackOBlocker_CubeRead_LNEXP...............:         0
  UtilStackOBlocker_CubeWrite_LNEXP..............:         0
  UtilStackOBlocker_LeWrite_LNEXP................:         0
  UtilStackOBlocker_Reconcile_LNEXP..............:      0.00
  UtilStackOBlocker_None_SHARED..................:         0
  UtilStackOBlocker_FmaRead_SHARED...............:         0
  UtilStackOBlocker_IntRead_SHARED...............:         0
  UtilStackOBlocker_LeRead_SHARED................:         0
  UtilStackOBlocker_FmaWrite_SHARED..............:         0
  UtilStackOBlocker_IntWrite_SHARED..............:         0
  UtilStackOBlocker_CubeRead_SHARED..............:         0
  UtilStackOBlocker_CubeWrite_SHARED.............:         0
  UtilStackOBlocker_LeWrite_SHARED...............:         0
  UtilStackOBlocker_Reconcile_SHARED.............:      0.00
YieldFmaReadCycles...............................:         0
YieldFmaWriteCycles..............................:         0
UtilStackHideRatio...............................:      0.05
UtilStackHideRatioStrict.........................:      0.01
  UtilStackIssueCombo_None.......................:   3827128
  UtilStackIssueCombo_INT........................:       144
  UtilStackIssueCombo_FMA........................:       264
  UtilStackIssueCombo_INT+FMA....................:         0
  UtilStackIssueCombo_LE.........................:        80
  UtilStackIssueCombo_INT+LE.....................:         0
  UtilStackIssueCombo_FMA+LE.....................:         0
  UtilStackIssueCombo_INT+FMA+LE.................:         0
  UtilStackIssueCombo_SH.........................:         0
  UtilStackIssueCombo_INT+SH.....................:         0
  UtilStackIssueCombo_FMA+SH.....................:         0
  UtilStackIssueCombo_INT+FMA+SH.................:         0
  UtilStackIssueCombo_LE+SH......................:         0
  UtilStackIssueCombo_INT+LE+SH..................:         0
  UtilStackIssueCombo_FMA+LE+SH..................:         0
  UtilStackIssueCombo_INT+FMA+LE+SH..............:         0
  UtilStackIssueCombo_Reconcile..................:      0.00
  UtilStackIssueEvent_Reconcile..................:      0.00
UtilStackMultiIssueProb..........................:      0.00
UtilStackAvgIssueRate............................:      0.00
UtilStackIssueWidthUtil..........................:      0.00
====================Vector PMU Stats PE2====================
PEId.............................................:         2
TileopNum........................................:       144
TCMPPackedTileNum................................:         0
TCMPFragmentExpected.............................:         0
TCMPFragmentCompleted............................:         0
TCMPFragmentCanceled.............................:         0
TCMPPackedCellWrites.............................:         0
TCMPPackWriteWaitCycles..........................:         0
TCMPFlushedTileNum...............................:         0
UopNum...........................................:       264
SplitCellCountMismatch...........................:         0
SplitPartialCellUopCount.........................:         0
SplitUopAvgPayloadBytes..........................:       N/A
UopQDispatch_INT.................................:         0
UopQReadyBypass_INT..............................:         0
UopQDispatchSrcBufFullCycles_INT.................:         0
UopQDispatchSrcBufFullBlockedCycles_INT..........:         0
VecSrcCellNotReadyCycles_INT.....................:        60
SharedReadPortWaitCycles_INT.....................:         0
UopQDispatch_FMA.................................:         0
UopQReadyBypass_FMA..............................:         0
UopQDispatchSrcBufFullCycles_FMA.................:         0
UopQDispatchSrcBufFullBlockedCycles_FMA..........:         0
VecSrcCellNotReadyCycles_FMA.....................:        60
SharedReadPortWaitCycles_FMA.....................:         0
UopQDispatch_LNEXP...............................:         0
UopQReadyBypass_LNEXP............................:         0
UopQDispatchSrcBufFullCycles_LNEXP...............:         0
UopQDispatchSrcBufFullBlockedCycles_LNEXP........:         0
VecSrcCellNotReadyCycles_LNEXP...................:         0
SharedReadPortWaitCycles_LNEXP...................:         0
CellReadMergedUops...............................:         0
StaticUopsIssued.................................:       264
StaticBoardBlockCycles...........................:         0
StaticWritebacks.................................:       264
EarlyWakeupFired.................................:       112
StaticDynPipeBlockCycles.........................:         0
DynStaticChainBlockCycles........................:         0
ExpandTagHits_INT................................:         0
ExpandTagMisses_INT..............................:         0
ExpandBankFills_INT..............................:         0
ExpandTempFills_INT..............................:         0
ExpandEvicts_INT.................................:         0
ExpandTagHits_FMA................................:         0
ExpandTagMisses_FMA..............................:         0
ExpandBankFills_FMA..............................:         0
ExpandTempFills_FMA..............................:         0
ExpandEvicts_FMA.................................:         0
ExpandTagHits_LNEXP..............................:         0
ExpandTagMisses_LNEXP............................:         0
ExpandBankFills_LNEXP............................:         0
ExpandTempFills_LNEXP............................:         0
ExpandEvicts_LNEXP...............................:         0
ExpandFillDrops..................................:         0
ExpandReadStaleFallbacks cls0....................:         0
ExpandReadStaleFallbacks cls1....................:         0
ExpandReadStaleFallbacks cls2....................:         0
LeSharedPortBlockCycles..........................:         0
LeSrc1CarrySkips.................................:         0
=======Static Path Bank Access / Conflict Attribution=======
  StaticBankReads Bank[0]........................:        46
  StaticBankReads Bank[1]........................:        19
  StaticBankReads Bank[2]........................:        54
  StaticBankReads Bank[3]........................:        16
  StaticBankReads Bank[4]........................:        34
  StaticBankReads Bank[5]........................:        16
  StaticBankReads Bank[6]........................:        36
  StaticBankReads Bank[7]........................:        16
  StaticDetectReadBlocks Bank[0].................:         0
  StaticDetectReadBlocks Bank[1].................:         0
  StaticDetectReadBlocks Bank[2].................:         0
  StaticDetectReadBlocks Bank[3].................:         0
  StaticDetectReadBlocks Bank[4].................:         0
  StaticDetectReadBlocks Bank[5].................:         0
  StaticDetectReadBlocks Bank[6].................:         0
  StaticDetectReadBlocks Bank[7].................:         0
  StaticDetectWriteBlocks Bank[0]................:         0
  StaticDetectWriteBlocks Bank[1]................:         0
  StaticDetectWriteBlocks Bank[2]................:         0
  StaticDetectWriteBlocks Bank[3]................:         0
  StaticDetectWriteBlocks Bank[4]................:         0
  StaticDetectWriteBlocks Bank[5]................:         0
  StaticDetectWriteBlocks Bank[6]................:         0
  StaticDetectWriteBlocks Bank[7]................:         0
  StaticIntYieldBlocks Bank[0]...................:         0
  StaticIntYieldBlocks Bank[1]...................:         0
  StaticIntYieldBlocks Bank[2]...................:         0
  StaticIntYieldBlocks Bank[3]...................:         0
  StaticIntYieldBlocks Bank[4]...................:         0
  StaticIntYieldBlocks Bank[5]...................:         0
  StaticIntYieldBlocks Bank[6]...................:         0
  StaticIntYieldBlocks Bank[7]...................:         0
  StaticBoardOccSum Bank[0]......................:      7517
  StaticBoardOccSum Bank[1]......................:      7264
  StaticBoardOccSum Bank[2]......................:      7544
  StaticBoardOccSum Bank[3]......................:      7218
  StaticBoardOccSum Bank[4]......................:      7436
  StaticBoardOccSum Bank[5]......................:      7138
  StaticBoardOccSum Bank[6]......................:      7364
  StaticBoardOccSum Bank[7]......................:      7125
  StaticBoardOccColSum Col[0]....................:      5545
  StaticBoardOccColSum Col[1]....................:      5470
  StaticBoardOccColSum Col[2]....................:      5470
  StaticBoardOccColSum Col[3]....................:      5258
  StaticBoardOccColSum Col[4]....................:      5233
  StaticBoardOccColSum Col[5]....................:      5233
  StaticBoardOccColSum Col[6]....................:      5233
  StaticBoardOccColSum Col[7]....................:      5233
  StaticBoardOccColSum Col[8]....................:      5233
  StaticBoardOccColSum Col[9]....................:      5233
  StaticBoardOccColSum Col[10]...................:      5233
  StaticBoardOccColSum Col[11]...................:       232
  StaticBoardOccColSum Col[12]...................:         0
  StaticBoardOccColSum Col[13]...................:         0
  StaticBoardOccColSum Col[14]...................:         0
  StaticBoardOccColSum Col[15]...................:         0
VecAluAcceptCycles_FMA...........................:       140
VecAluAcceptCycles_INT...........................:        92
VecAluAcceptCycles_LNEXP.........................:        32
VecTripleIssueCycles.............................:         0
VecDualIssueCycles...............................:         0
VecSingleIssueCycles.............................:       264
VecIdleIssueCycles...............................:   3827352
CellReadMergeSaved...............................:         0
SrcBufBypassIssue................................:         0
SplitRawGateBlocked..............................:         0
SplitNoFreeSlotCycles............................:         0
IPC(UOP).........................................:  0.000069
RowExpandTileNum.................................:         0
RowReduceTileNum.................................:         0
RedTempMacroNum..................................:         0
HybridCountGatedTiles............................:         0
ReadNum..........................................:         0
CellReadAccessTotal..............................:       237
CellReadAccess_INT...............................:        92
CellReadAccess_FMA...............................:       145
CellReadAccess_LNEXP.............................:         0
ReadLat..........................................:      0.00
  |--LatLE5......................................:         0
  |--LatLE10.....................................:         0
  |--LatLE15.....................................:         0
  |--LatGT15.....................................:         0
WriteNum.........................................:        32
CellWriteAccessTotal.............................:       264
CellWriteAccess_INT..............................:        92
CellWriteAccess_FMA..............................:       140
CellWriteAccess_LNEXP............................:        32
TempForwardHits_INT..............................:         0
TempForwardHits_FMA..............................:        27
TempForwardHits_LNEXP............................:        32
TempForwardMisses_INT............................:        92
TempForwardMisses_FMA............................:       145
TempForwardMisses_LNEXP..........................:         0
ExpandTagHits_INT................................:         0
ExpandTagHits_FMA................................:         0
ExpandTagHits_LNEXP..............................:         0
ExpandTagMisses_INT..............................:         0
ExpandTagMisses_FMA..............................:         0
ExpandTagMisses_LNEXP............................:         0
ExpandBankFills_INT..............................:         0
ExpandBankFills_FMA..............................:         0
ExpandBankFills_LNEXP............................:         0
ExpandTempFills_INT..............................:         0
ExpandTempFills_FMA..............................:         0
ExpandTempFills_LNEXP............................:         0
ExpandEvicts_INT.................................:         0
ExpandEvicts_FMA.................................:         0
ExpandEvicts_LNEXP...............................:         0
LeSharedPortBlockCycles..........................:         0
WriteLat.........................................:      1.12
  |--LatLE5......................................:        32
  |--LatLE10.....................................:         0
  |--LatLE15.....................................:         0
  |--LatGT15.....................................:         0
AccountExpCellReads_INT..........................:        92
AccountExpCellReads_FMA..........................:       172
AccountExpCellReads_LNEXP........................:        32
AccountExpRedTempReads...........................:         0
AccountRedTempReads..............................:         0
AccountExpCellWrites_INT.........................:        92
AccountExpCellWrites_FMA.........................:       140
AccountExpCellWrites_LNEXP.......................:        32
AccountExpRedTempWrites..........................:         0
AccountExpReadsTotal.............................:       296
AccountActReadsTotal.............................:       296
AccountReadDelta.................................:      0.00
AccountExpWritesTotal............................:       264
AccountActWritesTotal............................:       264
AccountWriteDelta................................:      0.00
========================VecUtilStack========================
UtilStackW_INT...................................:        92
UtilStackO_INT...................................:         0
UtilStackA_INT...................................:         0
UtilStackD_INT...................................:         0
UtilStackI_INT...................................:         0
UtilStackS_INT...................................:   3827524
UtilStackUnaccounted_INT.........................:         0
UtilStackW_FMA...................................:       140
UtilStackO_FMA...................................:         0
UtilStackA_FMA...................................:         0
UtilStackD_FMA...................................:         0
UtilStackI_FMA...................................:         0
UtilStackS_FMA...................................:   3827476
UtilStackUnaccounted_FMA.........................:         0
UtilStackW_LNEXP.................................:        32
UtilStackO_LNEXP.................................:         0
UtilStackA_LNEXP.................................:        26
UtilStackD_LNEXP.................................:         0
UtilStackI_LNEXP.................................:         0
UtilStackS_LNEXP.................................:   3827558
UtilStackUnaccounted_LNEXP.......................:         0
UtilStackW_SHARED................................:         0
UtilStackO_SHARED................................:         0
UtilStackA_SHARED................................:         0
UtilStackD_SHARED................................:         0
UtilStackI_SHARED................................:         0
UtilStackS_SHARED................................:   3827616
UtilStackUnaccounted_SHARED......................:         0
UtilStackCycles..................................:   3827616
UtilStackVecBusy.................................:      1647
UtilStackVecExposed..............................:      1300
  UtilStackSub_O_DstWriteCfl_INT.................:         0
  UtilStackSub_O_BankCfl_INT.....................:         0
  UtilStackSub_O_SharedPort_INT..................:         0
  UtilStackSub_O_YieldFma_INT....................:         0
  UtilStackSub_O_LePort_INT......................:         0
  UtilStackSub_A_RedTempMacro_INT................:         0
  UtilStackSub_A_LeThrottle_INT..................:         0
  UtilStackSub_A_LeFifoFull_INT..................:         0
  UtilStackSub_A_IiCool_INT......................:         0
  UtilStackSub_A_DstbufFull_INT..................:         0
  UtilStackSub_A_PipeFull_INT....................:         0
  UtilStackSub_D_StaticSrc_INT...................:         0
  UtilStackSub_D_RedTempCount_INT................:         0
  UtilStackSub_D_DynSrcbuf_INT...................:         0
  UtilStackSubO_Reconcile_INT....................:      0.00
  UtilStackSubA_Reconcile_INT....................:      0.00
  UtilStackSubD_Reconcile_INT....................:      0.00
  UtilStackSub_O_DstWriteCfl_FMA.................:         0
  UtilStackSub_O_BankCfl_FMA.....................:         0
  UtilStackSub_O_SharedPort_FMA..................:         0
  UtilStackSub_O_YieldFma_FMA....................:         0
  UtilStackSub_O_LePort_FMA......................:         0
  UtilStackSub_A_RedTempMacro_FMA................:         0
  UtilStackSub_A_LeThrottle_FMA..................:         0
  UtilStackSub_A_LeFifoFull_FMA..................:         0
  UtilStackSub_A_IiCool_FMA......................:         0
  UtilStackSub_A_DstbufFull_FMA..................:         0
  UtilStackSub_A_PipeFull_FMA....................:         0
  UtilStackSub_D_StaticSrc_FMA...................:         0
  UtilStackSub_D_RedTempCount_FMA................:         0
  UtilStackSub_D_DynSrcbuf_FMA...................:         0
  UtilStackSubO_Reconcile_FMA....................:      0.00
  UtilStackSubA_Reconcile_FMA....................:      0.00
  UtilStackSubD_Reconcile_FMA....................:      0.00
  UtilStackSub_O_DstWriteCfl_LNEXP...............:         0
  UtilStackSub_O_BankCfl_LNEXP...................:         0
  UtilStackSub_O_SharedPort_LNEXP................:         0
  UtilStackSub_O_YieldFma_LNEXP..................:         0
  UtilStackSub_O_LePort_LNEXP....................:         0
  UtilStackSub_A_RedTempMacro_LNEXP..............:         0
  UtilStackSub_A_LeThrottle_LNEXP................:        26
  UtilStackSub_A_LeFifoFull_LNEXP................:         0
  UtilStackSub_A_IiCool_LNEXP....................:         0
  UtilStackSub_A_DstbufFull_LNEXP................:         0
  UtilStackSub_A_PipeFull_LNEXP..................:         0
  UtilStackSub_D_StaticSrc_LNEXP.................:         0
  UtilStackSub_D_RedTempCount_LNEXP..............:         0
  UtilStackSub_D_DynSrcbuf_LNEXP.................:         0
  UtilStackSubO_Reconcile_LNEXP..................:      0.00
  UtilStackSubA_Reconcile_LNEXP..................:      0.00
  UtilStackSubD_Reconcile_LNEXP..................:      0.00
  UtilStackSub_O_DstWriteCfl_SHARED..............:         0
  UtilStackSub_O_BankCfl_SHARED..................:         0
  UtilStackSub_O_SharedPort_SHARED...............:         0
  UtilStackSub_O_YieldFma_SHARED.................:         0
  UtilStackSub_O_LePort_SHARED...................:         0
  UtilStackSub_A_RedTempMacro_SHARED.............:         0
  UtilStackSub_A_LeThrottle_SHARED...............:         0
  UtilStackSub_A_LeFifoFull_SHARED...............:         0
  UtilStackSub_A_IiCool_SHARED...................:         0
  UtilStackSub_A_DstbufFull_SHARED...............:         0
  UtilStackSub_A_PipeFull_SHARED.................:         0
  UtilStackSub_D_StaticSrc_SHARED................:         0
  UtilStackSub_D_RedTempCount_SHARED.............:         0
  UtilStackSub_D_DynSrcbuf_SHARED................:         0
  UtilStackSubO_Reconcile_SHARED.................:      0.00
  UtilStackSubA_Reconcile_SHARED.................:      0.00
  UtilStackSubD_Reconcile_SHARED.................:      0.00
  UtilStackOBlocker_None_INT.....................:         0
  UtilStackOBlocker_FmaRead_INT..................:         0
  UtilStackOBlocker_IntRead_INT..................:         0
  UtilStackOBlocker_LeRead_INT...................:         0
  UtilStackOBlocker_FmaWrite_INT.................:         0
  UtilStackOBlocker_IntWrite_INT.................:         0
  UtilStackOBlocker_CubeRead_INT.................:         0
  UtilStackOBlocker_CubeWrite_INT................:         0
  UtilStackOBlocker_LeWrite_INT..................:         0
  UtilStackOBlocker_Reconcile_INT................:      0.00
  UtilStackOBlocker_None_FMA.....................:         0
  UtilStackOBlocker_FmaRead_FMA..................:         0
  UtilStackOBlocker_IntRead_FMA..................:         0
  UtilStackOBlocker_LeRead_FMA...................:         0
  UtilStackOBlocker_FmaWrite_FMA.................:         0
  UtilStackOBlocker_IntWrite_FMA.................:         0
  UtilStackOBlocker_CubeRead_FMA.................:         0
  UtilStackOBlocker_CubeWrite_FMA................:         0
  UtilStackOBlocker_LeWrite_FMA..................:         0
  UtilStackOBlocker_Reconcile_FMA................:      0.00
  UtilStackOBlocker_None_LNEXP...................:         0
  UtilStackOBlocker_FmaRead_LNEXP................:         0
  UtilStackOBlocker_IntRead_LNEXP................:         0
  UtilStackOBlocker_LeRead_LNEXP.................:         0
  UtilStackOBlocker_FmaWrite_LNEXP...............:         0
  UtilStackOBlocker_IntWrite_LNEXP...............:         0
  UtilStackOBlocker_CubeRead_LNEXP...............:         0
  UtilStackOBlocker_CubeWrite_LNEXP..............:         0
  UtilStackOBlocker_LeWrite_LNEXP................:         0
  UtilStackOBlocker_Reconcile_LNEXP..............:      0.00
  UtilStackOBlocker_None_SHARED..................:         0
  UtilStackOBlocker_FmaRead_SHARED...............:         0
  UtilStackOBlocker_IntRead_SHARED...............:         0
  UtilStackOBlocker_LeRead_SHARED................:         0
  UtilStackOBlocker_FmaWrite_SHARED..............:         0
  UtilStackOBlocker_IntWrite_SHARED..............:         0
  UtilStackOBlocker_CubeRead_SHARED..............:         0
  UtilStackOBlocker_CubeWrite_SHARED.............:         0
  UtilStackOBlocker_LeWrite_SHARED...............:         0
  UtilStackOBlocker_Reconcile_SHARED.............:      0.00
YieldFmaReadCycles...............................:         0
YieldFmaWriteCycles..............................:         0
UtilStackHideRatio...............................:      0.21
UtilStackHideRatioStrict.........................:      0.08
  UtilStackIssueCombo_None.......................:   3827352
  UtilStackIssueCombo_INT........................:        92
  UtilStackIssueCombo_FMA........................:       140
  UtilStackIssueCombo_INT+FMA....................:         0
  UtilStackIssueCombo_LE.........................:        32
  UtilStackIssueCombo_INT+LE.....................:         0
  UtilStackIssueCombo_FMA+LE.....................:         0
  UtilStackIssueCombo_INT+FMA+LE.................:         0
  UtilStackIssueCombo_SH.........................:         0
  UtilStackIssueCombo_INT+SH.....................:         0
  UtilStackIssueCombo_FMA+SH.....................:         0
  UtilStackIssueCombo_INT+FMA+SH.................:         0
  UtilStackIssueCombo_LE+SH......................:         0
  UtilStackIssueCombo_INT+LE+SH..................:         0
  UtilStackIssueCombo_FMA+LE+SH..................:         0
  UtilStackIssueCombo_INT+FMA+LE+SH..............:         0
  UtilStackIssueCombo_Reconcile..................:      0.00
  UtilStackIssueEvent_Reconcile..................:      0.00
UtilStackMultiIssueProb..........................:      0.00
UtilStackAvgIssueRate............................:      0.00
UtilStackIssueWidthUtil..........................:      0.00
====================Vector PMU Stats PE3====================
PEId.............................................:         3
TileopNum........................................:        80
TCMPPackedTileNum................................:         0
TCMPFragmentExpected.............................:         0
TCMPFragmentCompleted............................:         0
TCMPFragmentCanceled.............................:         0
TCMPPackedCellWrites.............................:         0
TCMPPackWriteWaitCycles..........................:         0
TCMPFlushedTileNum...............................:         0
UopNum...........................................:       200
SplitCellCountMismatch...........................:         0
SplitPartialCellUopCount.........................:         0
SplitUopAvgPayloadBytes..........................:       N/A
UopQDispatch_INT.................................:         0
UopQReadyBypass_INT..............................:         0
UopQDispatchSrcBufFullCycles_INT.................:         0
UopQDispatchSrcBufFullBlockedCycles_INT..........:         0
VecSrcCellNotReadyCycles_INT.....................:        60
SharedReadPortWaitCycles_INT.....................:         0
UopQDispatch_FMA.................................:         0
UopQReadyBypass_FMA..............................:         0
UopQDispatchSrcBufFullCycles_FMA.................:         0
UopQDispatchSrcBufFullBlockedCycles_FMA..........:         0
VecSrcCellNotReadyCycles_FMA.....................:        64
SharedReadPortWaitCycles_FMA.....................:         0
UopQDispatch_LNEXP...............................:         0
UopQReadyBypass_LNEXP............................:         0
UopQDispatchSrcBufFullCycles_LNEXP...............:         0
UopQDispatchSrcBufFullBlockedCycles_LNEXP........:         0
VecSrcCellNotReadyCycles_LNEXP...................:         0
SharedReadPortWaitCycles_LNEXP...................:         0
CellReadMergedUops...............................:         0
StaticUopsIssued.................................:       200
StaticBoardBlockCycles...........................:         0
StaticWritebacks.................................:       200
EarlyWakeupFired.................................:        64
StaticDynPipeBlockCycles.........................:         0
DynStaticChainBlockCycles........................:         0
ExpandTagHits_INT................................:         0
ExpandTagMisses_INT..............................:         0
ExpandBankFills_INT..............................:         0
ExpandTempFills_INT..............................:         0
ExpandEvicts_INT.................................:         0
ExpandTagHits_FMA................................:         0
ExpandTagMisses_FMA..............................:         0
ExpandBankFills_FMA..............................:         0
ExpandTempFills_FMA..............................:         0
ExpandEvicts_FMA.................................:         0
ExpandTagHits_LNEXP..............................:         0
ExpandTagMisses_LNEXP............................:         0
ExpandBankFills_LNEXP............................:         0
ExpandTempFills_LNEXP............................:         0
ExpandEvicts_LNEXP...............................:         0
ExpandFillDrops..................................:         0
ExpandReadStaleFallbacks cls0....................:         0
ExpandReadStaleFallbacks cls1....................:         0
ExpandReadStaleFallbacks cls2....................:         0
LeSharedPortBlockCycles..........................:         0
LeSrc1CarrySkips.................................:         0
=======Static Path Bank Access / Conflict Attribution=======
  StaticBankReads Bank[0]........................:        30
  StaticBankReads Bank[1]........................:        18
  StaticBankReads Bank[2]........................:        32
  StaticBankReads Bank[3]........................:        19
  StaticBankReads Bank[4]........................:        19
  StaticBankReads Bank[5]........................:        17
  StaticBankReads Bank[6]........................:        23
  StaticBankReads Bank[7]........................:        16
  StaticDetectReadBlocks Bank[0].................:         1
  StaticDetectReadBlocks Bank[1].................:         2
  StaticDetectReadBlocks Bank[2].................:         0
  StaticDetectReadBlocks Bank[3].................:         0
  StaticDetectReadBlocks Bank[4].................:         0
  StaticDetectReadBlocks Bank[5].................:         0
  StaticDetectReadBlocks Bank[6].................:         1
  StaticDetectReadBlocks Bank[7].................:         0
  StaticDetectWriteBlocks Bank[0]................:         0
  StaticDetectWriteBlocks Bank[1]................:         0
  StaticDetectWriteBlocks Bank[2]................:         0
  StaticDetectWriteBlocks Bank[3]................:         0
  StaticDetectWriteBlocks Bank[4]................:         0
  StaticDetectWriteBlocks Bank[5]................:         0
  StaticDetectWriteBlocks Bank[6]................:         0
  StaticDetectWriteBlocks Bank[7]................:         0
  StaticIntYieldBlocks Bank[0]...................:         0
  StaticIntYieldBlocks Bank[1]...................:         0
  StaticIntYieldBlocks Bank[2]...................:         0
  StaticIntYieldBlocks Bank[3]...................:         0
  StaticIntYieldBlocks Bank[4]...................:         0
  StaticIntYieldBlocks Bank[5]...................:         0
  StaticIntYieldBlocks Bank[6]...................:         0
  StaticIntYieldBlocks Bank[7]...................:         0
  StaticBoardOccSum Bank[0]......................:      7368
  StaticBoardOccSum Bank[1]......................:      7188
  StaticBoardOccSum Bank[2]......................:      7321
  StaticBoardOccSum Bank[3]......................:      7143
  StaticBoardOccSum Bank[4]......................:      7347
  StaticBoardOccSum Bank[5]......................:      7171
  StaticBoardOccSum Bank[6]......................:      7287
  StaticBoardOccSum Bank[7]......................:      7156
  StaticBoardOccColSum Col[0]....................:      5438
  StaticBoardOccColSum Col[1]....................:      5374
  StaticBoardOccColSum Col[2]....................:      5374
  StaticBoardOccColSum Col[3]....................:      5211
  StaticBoardOccColSum Col[4]....................:      5200
  StaticBoardOccColSum Col[5]....................:      5200
  StaticBoardOccColSum Col[6]....................:      5200
  StaticBoardOccColSum Col[7]....................:      5200
  StaticBoardOccColSum Col[8]....................:      5200
  StaticBoardOccColSum Col[9]....................:      5200
  StaticBoardOccColSum Col[10]...................:      5200
  StaticBoardOccColSum Col[11]...................:       184
  StaticBoardOccColSum Col[12]...................:         0
  StaticBoardOccColSum Col[13]...................:         0
  StaticBoardOccColSum Col[14]...................:         0
  StaticBoardOccColSum Col[15]...................:         0
VecAluAcceptCycles_FMA...........................:       104
VecAluAcceptCycles_INT...........................:        80
VecAluAcceptCycles_LNEXP.........................:        16
VecTripleIssueCycles.............................:         0
VecDualIssueCycles...............................:         0
VecSingleIssueCycles.............................:       200
VecIdleIssueCycles...............................:   3827416
CellReadMergeSaved...............................:         0
SrcBufBypassIssue................................:         0
SplitRawGateBlocked..............................:         0
SplitNoFreeSlotCycles............................:         0
IPC(UOP).........................................:  0.000052
RowExpandTileNum.................................:         0
RowReduceTileNum.................................:         0
RedTempMacroNum..................................:         0
HybridCountGatedTiles............................:         0
ReadNum..........................................:         0
CellReadAccessTotal..............................:       174
CellReadAccess_INT...............................:        78
CellReadAccess_FMA...............................:        96
CellReadAccess_LNEXP.............................:         0
ReadLat..........................................:      0.00
  |--LatLE5......................................:         0
  |--LatLE10.....................................:         0
  |--LatLE15.....................................:         0
  |--LatGT15.....................................:         0
WriteNum.........................................:        16
CellWriteAccessTotal.............................:       200
CellWriteAccess_INT..............................:        80
CellWriteAccess_FMA..............................:       104
CellWriteAccess_LNEXP............................:        16
TempForwardHits_INT..............................:         2
TempForwardHits_FMA..............................:        24
TempForwardHits_LNEXP............................:        16
TempForwardMisses_INT............................:        78
TempForwardMisses_FMA............................:        96
TempForwardMisses_LNEXP..........................:         0
ExpandTagHits_INT................................:         0
ExpandTagHits_FMA................................:         0
ExpandTagHits_LNEXP..............................:         0
ExpandTagMisses_INT..............................:         0
ExpandTagMisses_FMA..............................:         0
ExpandTagMisses_LNEXP............................:         0
ExpandBankFills_INT..............................:         0
ExpandBankFills_FMA..............................:         0
ExpandBankFills_LNEXP............................:         0
ExpandTempFills_INT..............................:         0
ExpandTempFills_FMA..............................:         0
ExpandTempFills_LNEXP............................:         0
ExpandEvicts_INT.................................:         0
ExpandEvicts_FMA.................................:         0
ExpandEvicts_LNEXP...............................:         0
LeSharedPortBlockCycles..........................:         0
WriteLat.........................................:      1.06
  |--LatLE5......................................:        16
  |--LatLE10.....................................:         0
  |--LatLE15.....................................:         0
  |--LatGT15.....................................:         0
AccountExpCellReads_INT..........................:        80
AccountExpCellReads_FMA..........................:       120
AccountExpCellReads_LNEXP........................:        16
AccountExpRedTempReads...........................:         0
AccountRedTempReads..............................:         0
AccountExpCellWrites_INT.........................:        80
AccountExpCellWrites_FMA.........................:       104
AccountExpCellWrites_LNEXP.......................:        16
AccountExpRedTempWrites..........................:         0
AccountExpReadsTotal.............................:       216
AccountActReadsTotal.............................:       216
AccountReadDelta.................................:      0.00
AccountExpWritesTotal............................:       200
AccountActWritesTotal............................:       200
AccountWriteDelta................................:      0.00
========================VecUtilStack========================
UtilStackW_INT...................................:        80
UtilStackO_INT...................................:         0
UtilStackA_INT...................................:         0
UtilStackD_INT...................................:         0
UtilStackI_INT...................................:         0
UtilStackS_INT...................................:   3827536
UtilStackUnaccounted_INT.........................:         0
UtilStackW_FMA...................................:       104
UtilStackO_FMA...................................:         4
UtilStackA_FMA...................................:         0
UtilStackD_FMA...................................:         0
UtilStackI_FMA...................................:         0
UtilStackS_FMA...................................:   3827508
UtilStackUnaccounted_FMA.........................:         0
UtilStackW_LNEXP.................................:        16
UtilStackO_LNEXP.................................:         0
UtilStackA_LNEXP.................................:        11
UtilStackD_LNEXP.................................:         0
UtilStackI_LNEXP.................................:         0
UtilStackS_LNEXP.................................:   3827589
UtilStackUnaccounted_LNEXP.......................:         0
UtilStackW_SHARED................................:         0
UtilStackO_SHARED................................:         0
UtilStackA_SHARED................................:         0
UtilStackD_SHARED................................:         0
UtilStackI_SHARED................................:         0
UtilStackS_SHARED................................:   3827616
UtilStackUnaccounted_SHARED......................:         0
UtilStackCycles..................................:   3827616
UtilStackVecBusy.................................:      1055
UtilStackVecExposed..............................:       962
  UtilStackSub_O_DstWriteCfl_INT.................:         0
  UtilStackSub_O_BankCfl_INT.....................:         0
  UtilStackSub_O_SharedPort_INT..................:         0
  UtilStackSub_O_YieldFma_INT....................:         0
  UtilStackSub_O_LePort_INT......................:         0
  UtilStackSub_A_RedTempMacro_INT................:         0
  UtilStackSub_A_LeThrottle_INT..................:         0
  UtilStackSub_A_LeFifoFull_INT..................:         0
  UtilStackSub_A_IiCool_INT......................:         0
  UtilStackSub_A_DstbufFull_INT..................:         0
  UtilStackSub_A_PipeFull_INT....................:         0
  UtilStackSub_D_StaticSrc_INT...................:         0
  UtilStackSub_D_RedTempCount_INT................:         0
  UtilStackSub_D_DynSrcbuf_INT...................:         0
  UtilStackSubO_Reconcile_INT....................:      0.00
  UtilStackSubA_Reconcile_INT....................:      0.00
  UtilStackSubD_Reconcile_INT....................:      0.00
  UtilStackSub_O_DstWriteCfl_FMA.................:         0
  UtilStackSub_O_BankCfl_FMA.....................:         4
  UtilStackSub_O_SharedPort_FMA..................:         0
  UtilStackSub_O_YieldFma_FMA....................:         0
  UtilStackSub_O_LePort_FMA......................:         0
  UtilStackSub_A_RedTempMacro_FMA................:         0
  UtilStackSub_A_LeThrottle_FMA..................:         0
  UtilStackSub_A_LeFifoFull_FMA..................:         0
  UtilStackSub_A_IiCool_FMA......................:         0
  UtilStackSub_A_DstbufFull_FMA..................:         0
  UtilStackSub_A_PipeFull_FMA....................:         0
  UtilStackSub_D_StaticSrc_FMA...................:         0
  UtilStackSub_D_RedTempCount_FMA................:         0
  UtilStackSub_D_DynSrcbuf_FMA...................:         0
  UtilStackSubO_Reconcile_FMA....................:      0.00
  UtilStackSubA_Reconcile_FMA....................:      0.00
  UtilStackSubD_Reconcile_FMA....................:      0.00
  UtilStackSub_O_DstWriteCfl_LNEXP...............:         0
  UtilStackSub_O_BankCfl_LNEXP...................:         0
  UtilStackSub_O_SharedPort_LNEXP................:         0
  UtilStackSub_O_YieldFma_LNEXP..................:         0
  UtilStackSub_O_LePort_LNEXP....................:         0
  UtilStackSub_A_RedTempMacro_LNEXP..............:         0
  UtilStackSub_A_LeThrottle_LNEXP................:        11
  UtilStackSub_A_LeFifoFull_LNEXP................:         0
  UtilStackSub_A_IiCool_LNEXP....................:         0
  UtilStackSub_A_DstbufFull_LNEXP................:         0
  UtilStackSub_A_PipeFull_LNEXP..................:         0
  UtilStackSub_D_StaticSrc_LNEXP.................:         0
  UtilStackSub_D_RedTempCount_LNEXP..............:         0
  UtilStackSub_D_DynSrcbuf_LNEXP.................:         0
  UtilStackSubO_Reconcile_LNEXP..................:      0.00
  UtilStackSubA_Reconcile_LNEXP..................:      0.00
  UtilStackSubD_Reconcile_LNEXP..................:      0.00
  UtilStackSub_O_DstWriteCfl_SHARED..............:         0
  UtilStackSub_O_BankCfl_SHARED..................:         0
  UtilStackSub_O_SharedPort_SHARED...............:         0
  UtilStackSub_O_YieldFma_SHARED.................:         0
  UtilStackSub_O_LePort_SHARED...................:         0
  UtilStackSub_A_RedTempMacro_SHARED.............:         0
  UtilStackSub_A_LeThrottle_SHARED...............:         0
  UtilStackSub_A_LeFifoFull_SHARED...............:         0
  UtilStackSub_A_IiCool_SHARED...................:         0
  UtilStackSub_A_DstbufFull_SHARED...............:         0
  UtilStackSub_A_PipeFull_SHARED.................:         0
  UtilStackSub_D_StaticSrc_SHARED................:         0
  UtilStackSub_D_RedTempCount_SHARED.............:         0
  UtilStackSub_D_DynSrcbuf_SHARED................:         0
  UtilStackSubO_Reconcile_SHARED.................:      0.00
  UtilStackSubA_Reconcile_SHARED.................:      0.00
  UtilStackSubD_Reconcile_SHARED.................:      0.00
  UtilStackOBlocker_None_INT.....................:         0
  UtilStackOBlocker_FmaRead_INT..................:         0
  UtilStackOBlocker_IntRead_INT..................:         0
  UtilStackOBlocker_LeRead_INT...................:         0
  UtilStackOBlocker_FmaWrite_INT.................:         0
  UtilStackOBlocker_IntWrite_INT.................:         0
  UtilStackOBlocker_CubeRead_INT.................:         0
  UtilStackOBlocker_CubeWrite_INT................:         0
  UtilStackOBlocker_LeWrite_INT..................:         0
  UtilStackOBlocker_Reconcile_INT................:      0.00
  UtilStackOBlocker_None_FMA.....................:         0
  UtilStackOBlocker_FmaRead_FMA..................:         0
  UtilStackOBlocker_IntRead_FMA..................:         0
  UtilStackOBlocker_LeRead_FMA...................:         0
  UtilStackOBlocker_FmaWrite_FMA.................:         1
  UtilStackOBlocker_IntWrite_FMA.................:         1
  UtilStackOBlocker_CubeRead_FMA.................:         1
  UtilStackOBlocker_CubeWrite_FMA................:         1
  UtilStackOBlocker_LeWrite_FMA..................:         0
  UtilStackOBlocker_Reconcile_FMA................:      0.00
  UtilStackOBlocker_None_LNEXP...................:         0
  UtilStackOBlocker_FmaRead_LNEXP................:         0
  UtilStackOBlocker_IntRead_LNEXP................:         0
  UtilStackOBlocker_LeRead_LNEXP.................:         0
  UtilStackOBlocker_FmaWrite_LNEXP...............:         0
  UtilStackOBlocker_IntWrite_LNEXP...............:         0
  UtilStackOBlocker_CubeRead_LNEXP...............:         0
  UtilStackOBlocker_CubeWrite_LNEXP..............:         0
  UtilStackOBlocker_LeWrite_LNEXP................:         0
  UtilStackOBlocker_Reconcile_LNEXP..............:      0.00
  UtilStackOBlocker_None_SHARED..................:         0
  UtilStackOBlocker_FmaRead_SHARED...............:         0
  UtilStackOBlocker_IntRead_SHARED...............:         0
  UtilStackOBlocker_LeRead_SHARED................:         0
  UtilStackOBlocker_FmaWrite_SHARED..............:         0
  UtilStackOBlocker_IntWrite_SHARED..............:         0
  UtilStackOBlocker_CubeRead_SHARED..............:         0
  UtilStackOBlocker_CubeWrite_SHARED.............:         0
  UtilStackOBlocker_LeWrite_SHARED...............:         0
  UtilStackOBlocker_Reconcile_SHARED.............:      0.00
YieldFmaReadCycles...............................:         0
YieldFmaWriteCycles..............................:         0
UtilStackHideRatio...............................:      0.09
UtilStackHideRatioStrict.........................:      0.01
  UtilStackIssueCombo_None.......................:   3827416
  UtilStackIssueCombo_INT........................:        80
  UtilStackIssueCombo_FMA........................:       104
  UtilStackIssueCombo_INT+FMA....................:         0
  UtilStackIssueCombo_LE.........................:        16
  UtilStackIssueCombo_INT+LE.....................:         0
  UtilStackIssueCombo_FMA+LE.....................:         0
  UtilStackIssueCombo_INT+FMA+LE.................:         0
  UtilStackIssueCombo_SH.........................:         0
  UtilStackIssueCombo_INT+SH.....................:         0
  UtilStackIssueCombo_FMA+SH.....................:         0
  UtilStackIssueCombo_INT+FMA+SH.................:         0
  UtilStackIssueCombo_LE+SH......................:         0
  UtilStackIssueCombo_INT+LE+SH..................:         0
  UtilStackIssueCombo_FMA+LE+SH..................:         0
  UtilStackIssueCombo_INT+FMA+LE+SH..............:         0
  UtilStackIssueCombo_Reconcile..................:      0.00
  UtilStackIssueEvent_Reconcile..................:      0.00
UtilStackMultiIssueProb..........................:      0.00
UtilStackAvgIssueRate............................:      0.00
UtilStackIssueWidthUtil..........................:      0.00
===============CellReg Bank Arbitration Stats===============
Bank Active Cycles (>=1 pending).................:      5530
  |--Bank Conflict Cycles (>=2 pending)..........:        12    0.22%
  |--Bank Urgent(aged) Cycles....................:         0
Bank Grants (winners) Total......................:      5354
Bank Lose (non-winner waits) Total...............:       188
Bank Port-Yield (no free channel) Total..........:       176
Total Served Read Bytes..........................:    213248
Total Served Write Bytes.........................:    445440
  |--RQ_CUBE Win.................................:         0
  |--RQ_CUBE Lose................................:         0     N/A
  |--RQ_CUBE PortYield...........................:         0
  |--RQ_CUBE Served Bytes........................:         0
  |--RQ_VEC Win..................................:         0
  |--RQ_VEC Lose.................................:         0     N/A
  |--RQ_VEC PortYield............................:         0
  |--RQ_VEC Served Bytes.........................:         0
  |--RQ_TLSU Win.................................:      1666
  |--RQ_TLSU Lose................................:        18    1.07%
  |--RQ_TLSU PortYield...........................:         9
  |--RQ_TLSU Served Bytes........................:    213248
  |--WQ_CUBE Win.................................:         0
  |--WQ_CUBE Lose................................:         0     N/A
  |--WQ_CUBE PortYield...........................:         0
  |--WQ_CUBE Served Bytes........................:         0
  |--WQ_VEC Win..................................:         0
  |--WQ_VEC Lose.................................:         0     N/A
  |--WQ_VEC PortYield............................:         0
  |--WQ_VEC Served Bytes.........................:         0
  |--WQ_VEC_LNEXP Win............................:       208
  |--WQ_VEC_LNEXP Lose...........................:        22    9.57%
  |--WQ_VEC_LNEXP PortYield......................:        21
  |--WQ_VEC_LNEXP Served Bytes...................:     26624
  |--WQ_TLSU Win.................................:      3480
  |--WQ_TLSU Lose................................:       148    4.08%
  |--WQ_TLSU PortYield...........................:       146
  |--WQ_TLSU Served Bytes........................:    445440
==============CellReg CUBE Bank-Group Backlog===============
WQ_CUBE active cycles............................:         0
  |--WQ_CUBE cross-group cycles..................:         0     N/A
RQ_CUBE active cycles............................:         0
  |--RQ_CUBE cross-group cycles..................:         0     N/A
CUBE Rd+Wr concurrent cycles.....................:         0
  |--Rd/Wr different-group cycles................:         0     N/A
  |--Wr-starved-by-Rd cycles (each owns a group).:         0     N/A
Direct OOR access dropped (pool end).............:         0
===========CellReg Per-Bank Conflict Distribution===========
  Bank[0] conflict cycles........................:         1    8.33%
  Bank[1] conflict cycles........................:         0    0.00%
  Bank[2] conflict cycles........................:         9   75.00%
  Bank[3] conflict cycles........................:         0    0.00%
  Bank[4] conflict cycles........................:         1    8.33%
  Bank[5] conflict cycles........................:         0    0.00%
  Bank[6] conflict cycles........................:         1    8.33%
  Bank[7] conflict cycles........................:         0    0.00%
==================SuperScalar Report Stop===================
======================Syscall Barrier=======================
sb_requested.....................................:         0
sb_executed......................................:         0
sb_canceled......................................:         0
sb_stashed.......................................:         0
sb_stash_overflow................................:         0
sb_pending.......................................:         0
sb_phase_idle....................................:   3827616
sb_phase_pre_commit..............................:         0
sb_phase_quiet_wait..............................:         0
sb_phase_gate_all................................:         0
sb_phase_draining................................:         0
sb_phase_executing...............................:         0
syscall_owner_precommit_wait.....................:         0
syscall_worker_quiet_wait........................:         0
syscall_worker_quiet_cycles_total................:         0
syscall_worker_quiet_cycles_max..................:         0
syscall_commit_wait..............................:         0
syscall_l1_scb_drain_wait........................:         0
syscall_sl2_drain_wait...........................:         0
drain_wait.......................................:         0
syscall_drain_progress_timeout...................:         0
sb_T_complete....................................:      9998
sb_T_deadlock_effective..........................:      9999
sb_last_progress_cycle...........................:         0
sb_lockstep_enabled..............................:         1
sb_lockstep_registered...........................:         0
sb_lockstep_blocks...............................:         0
sb_lockstep_executes.............................:         0
sb_lockstep_withdraw_startup.....................:         0
sb_lockstep_withdraw_flush.......................:         0
sb_lockstep_overflow.............................:         0
sb_lockstep_and_timeout..........................:         0
sb_lockstep_hold_cycles..........................:         0
sb_lockstep_exit_parks...........................:         0
syscall_post_ecall_issue_rejects.................:         0
syscall_bstop_admission_rejects..................:         0
sb_lockstep_held_now.............................:         0
linx_test_finisher write addr=0x10009000 val=0x5555 pass
