./bin/gfsim --conf fourpe --pto-v02 true -s tlsu.fake_l2_enable=false --test-finisher true -f /mnt/workspace/projects/0931_SuperNPUBench/SuperNPUBench/benchmark/one-level-arch/output/solution/mega_moe/elf/solution_mega_moe_mega_moe_sim_mt_BS16_H32_HD64.elf 
[gfsim] explicit PE config present; skipping ELF auto-detection
Parse Config File:
Parse Config File:
Parse Config File:
Parse Config File:
Parse Config File:
Parse Config File:
Parse Config File:
Parse Config File:
Parse Config File:
Parse Config File:
Parse Config File:
Parse Config File:
Parse Config File:
Parse Config File:
Parse Config File:
Parse Config File:
Parse Config File:
Parse Config File:
Parse Config File:
Parse Config File:
Parse Config File:
Parse Config File:
Parse Config File:
Parse Config File:
Parse Config File:
Parse Config File:
Parse Config File:
Parse Config File:
Parse Config File:
Parse Config File:
Parse Config File:
Parse Config File:
Parse Config File:
Parse Config File:
Parse Config File:
Parse Config File:
Parse Config File:
Parse Config File:
Parse Config File:
Parse Config File:
Parse Config File:
Parse Config File:
Parse Config File:
Parse Config File:
Parse Config File:
Parse Config File:
Parse Config File:
Parse Config File:
Parse Config File:
Parse Config File:
Parse Config File:
Parse Config File:
Parse Config File:
Parse Config File:
Parse Config File:
Parse Config File:
Parse Config File:
Parse Config File:
Parse Config File:
Parse Config File:
Parse Config File:
Parse Config File:
Parse Config File:
Parse Config File:
Parse Config File:
Parse Config File:
Parse Config File:
Parse Config File:
Parse Config File:
Override configurations:
tlsu.fake_l2_enable=false
core.threadCount=4
core.stdPeCount=1
core.cube_core_num=4
core.cube_thread_num=1
core.vec_core_num=4
fourpe.pe_cluster_enable=true
fourpe.pe_cluster_count=4
fourpe.pe_cluster_frontend_thread_count=4
fourpe.pe_cluster_aggregate_decode_width=8
fourpe.pe_cluster_gpr_rename_partition_entries=128
fourpe.pe_cluster_scalar_rob_partition_entries=128
fourpe.pe_cluster_scalar_iq_partition_entries=128
fourpe.pe_cluster_block_rob_partition_entries=256
fourpe.pe_cluster_block_iq_partition_entries=88
fourpe.pe_cluster_local_reg_partition_entries=88
bfu.brq_depth=1024
fourpe.pe_cluster_partition_borrow_enable=false
fourpe.pe_cluster_eligible_rr_fairness_check=true
fourpe.pe_cluster_group_contract_fatal=false
dfx.swimCounterSampleInterval=8
Memory: 0x10200 - 0x102e8 (Size=0KB) [.rodata]
Memory: 0x102ec - 0x1032f (Size=0KB) [.eh_frame_hdr]
Memory: 0x10330 - 0x10433 (Size=0KB) [.eh_frame]
Memory: 0x11434 - 0x1397b (Size=9KB) [.text]
Memory: 0x14980 - 0x14a3f (Size=0KB) [.init_array]
Memory: 0x14a40 - 0x14a57 (Size=0KB) [.data.rel.ro]
Memory: 0x18000 - 0x5c327 (Size=272KB) [.bss]
Memory: 0x5d000 - 0x5e0c7 (Size=4KB) [.sbss]
Memory: 0x5e0d0 - 0x806e0d0 (Size=131136KB) [stack mem]
Memory: 0x4000802000 - 0x4008803000 (Size=131076KB) [map mem]
tid: 0 Core@100000: Retired blocks 17743. BROB head info: B84 STID0 BPC 0x115ba [STD COND]
tid: 1 Core@100000: Retired blocks 17743. BROB head info: B84 STID1 BPC 0x115ba [STD COND]
tid: 2 Core@100000: Retired blocks 17743. BROB head info: B83 STID2 BPC 0x115ba [STD COND]
tid: 3 Core@100000: Retired blocks 17743. BROB head info: B84 STID3 BPC 0x115ba [STD COND]
tid: 0 Core@200000: Retired blocks 29768. BROB head info: B18 STID0 BPC 0x11604 [STD COND]
tid: 1 Core@200000: Retired blocks 29768. BROB head info: B18 STID1 BPC 0x11604 [STD COND]
tid: 2 Core@200000: Retired blocks 29768. BROB head info: B18 STID2 BPC 0x11604 [STD COND]
tid: 3 Core@200000: Retired blocks 29768. BROB head info: B18 STID3 BPC 0x11604 [STD COND]
tid: 0 Core@300000: Retired blocks 42172. BROB head info: B47 STID0 BPC 0x11676 [STD COND]
tid: 1 Core@300000: Retired blocks 42172. BROB head info: B47 STID1 BPC 0x11676 [STD COND]
tid: 2 Core@300000: Retired blocks 42172. BROB head info: B47 STID2 BPC 0x11676 [STD COND]
tid: 3 Core@300000: Retired blocks 42172. BROB head info: B47 STID3 BPC 0x11676 [STD COND]
[C:307921 ][TMA.NA    ]: scb_waw_violation peId=0 scalar=0 private=0 younger_bid=125 younger_rid=125 older_bid=80 older_rid=80 younger_slot=0 older_slot=3
[C:307928 ][TMA.NA    ]: scb_waw_violation peId=0 scalar=0 private=0 younger_bid=125 younger_rid=125 older_bid=80 older_rid=80 younger_slot=12 older_slot=2
[C:307942 ][TMA.NA    ]: scb_waw_violation peId=0 scalar=0 private=0 younger_bid=125 younger_rid=125 older_bid=80 older_rid=80 younger_slot=14 older_slot=1
[C:309080 ][TMA.NA    ]: scb_waw_violation peId=0 scalar=0 private=0 younger_bid=207 younger_rid=207 older_bid=195 older_rid=195 younger_slot=3 older_slot=0
[C:309083 ][TMA.NA    ]: scb_waw_violation peId=0 scalar=0 private=0 younger_bid=207 younger_rid=207 older_bid=195 older_rid=195 younger_slot=4 older_slot=2
[C:309087 ][TMA.NA    ]: scb_waw_violation peId=0 scalar=0 private=0 younger_bid=207 younger_rid=207 older_bid=195 older_rid=195 younger_slot=5 older_slot=1
[C:309105 ][TMA.NA    ]: scb_waw_violation peId=0 scalar=0 private=0 younger_bid=207 younger_rid=207 older_bid=195 older_rid=195 younger_slot=6 older_slot=0
[C:309121 ][TMA.NA    ]: scb_waw_violation peId=0 scalar=0 private=0 younger_bid=219 younger_rid=219 older_bid=207 older_rid=207 younger_slot=1 older_slot=3
[C:309124 ][TMA.NA    ]: scb_waw_violation peId=0 scalar=0 private=0 younger_bid=219 younger_rid=219 older_bid=207 older_rid=207 younger_slot=7 older_slot=4
[C:309127 ][TMA.NA    ]: scb_waw_violation peId=0 scalar=0 private=0 younger_bid=219 younger_rid=219 older_bid=207 older_rid=207 younger_slot=8 older_slot=6
[C:309130 ][TMA.NA    ]: scb_waw_violation peId=0 scalar=0 private=0 younger_bid=219 younger_rid=219 older_bid=207 older_rid=207 younger_slot=2 older_slot=5
[C:309146 ][TMA.NA    ]: scb_waw_violation peId=0 scalar=0 private=0 younger_bid=231 younger_rid=231 older_bid=219 older_rid=219 younger_slot=3 older_slot=1
[C:309150 ][TMA.NA    ]: scb_waw_violation peId=0 scalar=0 private=0 younger_bid=231 younger_rid=231 older_bid=219 older_rid=219 younger_slot=9 older_slot=7
[C:309152 ][TMA.NA    ]: scb_waw_violation peId=0 scalar=0 private=0 younger_bid=231 younger_rid=231 older_bid=219 older_rid=219 younger_slot=11 older_slot=8
[C:309155 ][TMA.NA    ]: scb_waw_violation peId=0 scalar=0 private=0 younger_bid=231 younger_rid=231 older_bid=219 older_rid=219 younger_slot=4 older_slot=2
[C:309552 ][TMA.NA    ]: scb_waw_violation peId=0 scalar=0 private=0 younger_bid=12 younger_rid=12 older_bid=0 older_rid=0 younger_slot=4 older_slot=1
[C:309563 ][TMA.NA    ]: scb_waw_violation peId=0 scalar=0 private=0 younger_bid=12 younger_rid=12 older_bid=0 older_rid=0 younger_slot=5 older_slot=3
[C:310189 ][TMA.NA    ]: scb_waw_violation peId=0 scalar=0 private=0 younger_bid=93 younger_rid=93 older_bid=81 older_rid=81 younger_slot=6 older_slot=5
[C:310194 ][TMA.NA    ]: scb_waw_violation peId=0 scalar=0 private=0 younger_bid=93 younger_rid=93 older_bid=81 older_rid=81 younger_slot=11 older_slot=10
[C:310220 ][TMA.NA    ]: scb_waw_violation peId=0 scalar=0 private=0 younger_bid=93 younger_rid=93 older_bid=81 older_rid=81 younger_slot=9 older_slot=8
[C:310222 ][TMA.NA    ]: scb_waw_violation peId=0 scalar=0 private=0 younger_bid=93 younger_rid=93 older_bid=81 older_rid=81 younger_slot=13 older_slot=12
[C:310818 ][TMA.NA    ]: scb_waw_violation peId=0 scalar=0 private=0 younger_bid=174 younger_rid=174 older_bid=162 older_rid=162 younger_slot=6 older_slot=5
[C:310823 ][TMA.NA    ]: scb_waw_violation peId=0 scalar=0 private=0 younger_bid=174 younger_rid=174 older_bid=162 older_rid=162 younger_slot=10 older_slot=9
[C:310985 ][TMA.NA    ]: scb_waw_violation peId=0 scalar=0 private=0 younger_bid=174 younger_rid=174 older_bid=162 older_rid=162 younger_slot=6 older_slot=5
[C:310999 ][TMA.NA    ]: scb_waw_violation peId=0 scalar=0 private=0 younger_bid=174 younger_rid=174 older_bid=162 older_rid=162 younger_slot=9 older_slot=8
[C:311473 ][TMA.NA    ]: scb_waw_violation peId=0 scalar=0 private=0 younger_bid=255 younger_rid=255 older_bid=243 older_rid=243 younger_slot=8 older_slot=6
[C:311477 ][TMA.NA    ]: scb_waw_violation peId=0 scalar=0 private=0 younger_bid=255 younger_rid=255 older_bid=243 older_rid=243 younger_slot=12 older_slot=11
[C:311615 ][TMA.NA    ]: scb_waw_violation peId=0 scalar=0 private=0 younger_bid=255 younger_rid=255 older_bid=243 older_rid=243 younger_slot=7 older_slot=6
[C:311741 ][TMA.NA    ]: scb_waw_violation peId=0 scalar=0 private=0 younger_bid=255 younger_rid=255 older_bid=243 older_rid=243 younger_slot=6 older_slot=5
[C:311905 ][TMA.NA    ]: scb_waw_violation peId=0 scalar=0 private=0 younger_bid=70 younger_rid=70 older_bid=58 older_rid=58 younger_slot=2 older_slot=1
[C:311932 ][TMA.NA    ]: scb_waw_violation peId=0 scalar=0 private=0 younger_bid=70 younger_rid=70 older_bid=58 older_rid=58 younger_slot=0 older_slot=4
[C:312063 ][TMA.NA    ]: scb_waw_violation peId=0 scalar=0 private=0 younger_bid=70 younger_rid=70 older_bid=58 older_rid=58 younger_slot=3 older_slot=2
[C:312065 ][TMA.NA    ]: scb_waw_violation peId=0 scalar=0 private=0 younger_bid=82 younger_rid=82 older_bid=70 older_rid=70 younger_slot=5 older_slot=3
[C:312068 ][TMA.NA    ]: scb_waw_violation peId=0 scalar=0 private=0 younger_bid=94 younger_rid=94 older_bid=82 older_rid=82 younger_slot=0 older_slot=5
[C:312103 ][TMA.NA    ]: scb_waw_violation peId=0 scalar=0 private=0 younger_bid=94 younger_rid=94 older_bid=82 older_rid=82 younger_slot=1 older_slot=4
[C:312319 ][TMA.NA    ]: scb_waw_violation peId=0 scalar=0 private=0 younger_bid=70 younger_rid=70 older_bid=58 older_rid=58 younger_slot=2 older_slot=1
[C:312320 ][TMA.NA    ]: scb_waw_violation peId=0 scalar=0 private=0 younger_bid=82 younger_rid=82 older_bid=70 older_rid=70 younger_slot=3 older_slot=2
[C:312321 ][TMA.NA    ]: scb_waw_violation peId=0 scalar=0 private=0 younger_bid=94 younger_rid=94 older_bid=82 older_rid=82 younger_slot=4 older_slot=3
[C:312432 ][TMA.NA    ]: scb_waw_violation peId=0 scalar=0 private=0 younger_bid=131 younger_rid=131 older_bid=119 older_rid=119 younger_slot=1 older_slot=6
[C:312450 ][TMA.NA    ]: scb_waw_violation peId=0 scalar=0 private=0 younger_bid=131 younger_rid=131 older_bid=119 older_rid=119 younger_slot=2 older_slot=0
[C:312636 ][TMA.NA    ]: scb_waw_violation peId=0 scalar=0 private=0 younger_bid=131 younger_rid=131 older_bid=119 older_rid=119 younger_slot=2 older_slot=1
[C:313030 ][TMA.NA    ]: scb_waw_violation peId=0 scalar=0 private=0 younger_bid=212 younger_rid=212 older_bid=200 older_rid=200 younger_slot=1 older_slot=6
[C:313211 ][TMA.NA    ]: scb_waw_violation peId=0 scalar=0 private=0 younger_bid=212 younger_rid=212 older_bid=200 older_rid=200 younger_slot=5 older_slot=2
[C:313284 ][TMA.NA    ]: scb_waw_violation peId=0 scalar=0 private=0 younger_bid=212 younger_rid=212 older_bid=200 older_rid=200 younger_slot=6 older_slot=5
[C:313288 ][TMA.NA    ]: scb_waw_violation peId=0 scalar=0 private=0 younger_bid=212 younger_rid=212 older_bid=200 older_rid=200 younger_slot=10 older_slot=1
[C:313676 ][TMA.NA    ]: scb_waw_violation peId=0 scalar=0 private=0 younger_bid=37 younger_rid=37 older_bid=25 older_rid=25 younger_slot=1 older_slot=5
[C:313857 ][TMA.NA    ]: scb_waw_violation peId=0 scalar=0 private=0 younger_bid=37 younger_rid=37 older_bid=25 older_rid=25 younger_slot=7 older_slot=5
[C:313860 ][TMA.NA    ]: scb_waw_violation peId=0 scalar=0 private=0 younger_bid=37 younger_rid=37 older_bid=25 older_rid=25 younger_slot=10 older_slot=9
[C:314036 ][TMA.NA    ]: scb_waw_violation peId=0 scalar=0 private=0 younger_bid=37 younger_rid=37 older_bid=25 older_rid=25 younger_slot=6 older_slot=5
[C:314464 ][TMA.NA    ]: scb_waw_violation peId=0 scalar=0 private=0 younger_bid=118 younger_rid=118 older_bid=106 older_rid=106 younger_slot=7 older_slot=6
[C:314535 ][TMA.NA    ]: scb_waw_violation peId=0 scalar=0 private=0 younger_bid=118 younger_rid=118 older_bid=106 older_rid=106 younger_slot=8 older_slot=6
[C:314695 ][TMA.NA    ]: scb_waw_violation peId=0 scalar=0 private=0 younger_bid=118 younger_rid=118 older_bid=106 older_rid=106 younger_slot=6 older_slot=5
tid: 0 Core@400000: Retired blocks 101447. BROB head info: B237 STID0 BPC 0x1183c [FP COND]
tid: 1 Core@400000: Retired blocks 101447. BROB head info: B200 STID1 BPC 0x11e9e [STD COND]
tid: 2 Core@400000: Retired blocks 101447. BROB head info: B202 STID2 BPC 0x11e9e [STD COND]
tid: 3 Core@400000: Retired blocks 101447. BROB head info: B200 STID3 BPC 0x11e9e [STD COND]
tid: 0 Core@500000: Retired blocks 165712. BROB head info: B151 STID0 BPC 0x11906 [FP COND]
tid: 1 Core@500000: Retired blocks 165712. BROB head info: B233 STID1 BPC 0x11e9e [STD COND]
tid: 2 Core@500000: Retired blocks 165712. BROB head info: B233 STID2 BPC 0x11e9e [STD COND]
tid: 3 Core@500000: Retired blocks 165712. BROB head info: B231 STID3 BPC 0x11e9e [STD COND]
tid: 0 Core@600000: Retired blocks 232314. BROB head info: B94 STID0 BPC 0x11c68 [FP COND]
tid: 1 Core@600000: Retired blocks 232314. BROB head info: B10 STID1 BPC 0x11e9e [STD COND]
tid: 2 Core@600000: Retired blocks 232314. BROB head info: B10 STID2 BPC 0x11e9e [STD COND]
tid: 3 Core@600000: Retired blocks 232314. BROB head info: B8 STID3 BPC 0x11e9e [STD COND]
tid: 0 Core@700000: Retired blocks 297382. BROB head info: B113 STID0 BPC 0x11b18 [FP COND]
tid: 1 Core@700000: Retired blocks 297382. BROB head info: B224 STID1 BPC 0x11e9e [STD COND]
tid: 2 Core@700000: Retired blocks 297382. BROB head info: B45 STID2 BPC 0x11e9e [STD COND]
tid: 3 Core@700000: Retired blocks 297382. BROB head info: B40 STID3 BPC 0x11e9e [STD COND]
tid: 0 Core@800000: Retired blocks 364377. BROB head info: B117 STID0 BPC 0x11b18 [FP COND]
tid: 1 Core@800000: Retired blocks 364377. BROB head info: B79 STID1 BPC 0x11e9e [STD COND]
tid: 2 Core@800000: Retired blocks 364377. BROB head info: B77 STID2 BPC 0x11e9e [STD COND]
tid: 3 Core@800000: Retired blocks 364377. BROB head info: B72 STID3 BPC 0x11e9e [STD COND]
tid: 0 Core@900000: Retired blocks 430467. BROB head info: B72 STID0 BPC 0x11c68 [FP COND]
tid: 1 Core@900000: Retired blocks 430467. BROB head info: B105 STID1 BPC 0x11e9e [STD COND]
tid: 2 Core@900000: Retired blocks 430467. BROB head info: B106 STID2 BPC 0x11e9e [STD COND]
tid: 3 Core@900000: Retired blocks 430467. BROB head info: B104 STID3 BPC 0x11e9e [STD COND]
tid: 0 Core@1000000: Retired blocks 495587. BROB head info: B73 STID0 BPC 0x11b18 [FP COND]
tid: 1 Core@1000000: Retired blocks 495587. BROB head info: B137 STID1 BPC 0x11e9e [STD COND]
tid: 2 Core@1000000: Retired blocks 495587. BROB head info: B137 STID2 BPC 0x11e9e [STD COND]
tid: 3 Core@1000000: Retired blocks 495587. BROB head info: B136 STID3 BPC 0x11e9e [STD COND]
tid: 0 Core@1100000: Retired blocks 561616. BROB head info: B214 STID0 BPC 0x11c68 [FP COND]
tid: 1 Core@1100000: Retired blocks 561616. BROB head info: B169 STID1 BPC 0x11e9e [STD COND]
tid: 2 Core@1100000: Retired blocks 561616. BROB head info: B169 STID2 BPC 0x11e9e [STD COND]
tid: 3 Core@1100000: Retired blocks 561616. BROB head info: B168 STID3 BPC 0x11e9e [STD COND]
tid: 0 Core@1200000: Retired blocks 626999. BROB head info: B210 STID0 BPC 0x11b38 [STD COND]
tid: 1 Core@1200000: Retired blocks 626999. BROB head info: B208 STID1 BPC 0x11e9e [STD COND]
tid: 2 Core@1200000: Retired blocks 626999. BROB head info: B205 STID2 BPC 0x11e9e [STD COND]
tid: 3 Core@1200000: Retired blocks 626999. BROB head info: B200 STID3 BPC 0x11e9e [STD COND]
Simulation time: 766s 
+-------------------------+--------------+
| Block Control Config Name | Value        |
+-------------------------+--------------+
| inst_decode_bw          | 4            |
| block_rob_depth         | 256          |
| BISQ:cube_isq_depth     | 32           |
| BISQ:vector_isq_depth   | 32           |
+-------------------------+--------------+
+-------------------+--------------+
| CUBE Config Name  | Value        |
+-------------------+--------------+
| uop_isq_depth     | 32           |
| tcvt_isq_depth    | 16           |
| L0A_size          | 16           |
| L0B_size          | 16           |
| L0C_size          | 16           |
+-------------------+--------------+
===================SuperScalar NPU Stats====================
Total Cycles.....................................:   1259952
================SuperScalar Unified Top-Down================
Retiring.........................................:     46.41%
Bad Speculation..................................:      8.56%
Frontend Bound...................................:      0.00%
CMD Bound........................................:      0.01%
Backend Bound....................................:     45.02%
=============Top-Down Normalization Diagnostics=============
Bad Speculation Clipped Slots....................:         0
Frontend Bound Clipped Slots.....................:         0
  |-- LD Retiring................................:      6.75%
  |-- ST Retiring................................:      0.52%
  |-- BR Retiring................................:      0.00%
  |-- ALU Retiring...............................:     39.14%
  |-- Other Retiring.............................:      0.00%
  |-- Misprediction..............................:      0.03%
  |-- Machine Clear..............................:      8.54%
  |-- Fetch Latency..............................:      0.00%
  |-- Fetch Bandwidth............................:      0.00%
    |-- Branch Resteering........................:      0.00%
    |-- ITLB/BTLB miss...........................:      0.00%
    |-- BHC miss penalty.........................:      0.00%
    |-- Other fetch lat..........................:      0.00%
    |-- Decode Stall.............................:      0.00%
    |-- Rename Stall.............................:      0.00%
    |-- BROB Stall...............................:      0.00%
    |-- SYS Block Stall..........................:      0.00%
  |-- CMD queue backpressure.....................:      0.01%
    |-- Operand not ready........................:      0.01%
    |-- BIQ capacity full........................:      0.00%
      |-- CUBE BIQ full..........................:      0.00%
      |-- VECTOR BIQ full........................:      0.00%
      |-- TLSU BIQ full..........................:      0.00%
      |-- GROUP/SHU BIQ full.....................:      0.00%
      |-- Other BIQ full.........................:      0.00%
    |-- TileReg capacity full....................:      0.00%
    |-- GPR LPV/no-cancel gate...................:      0.00%
    |-- Other CMD queue block....................:      0.00%
  |-- CMDPipe tile backpressure..................:      0.00%
    |-- TileReg resource unavailable.............:      0.00%
    |-- Other CMDPipe stall......................:      0.00%
  |-- Other CMD control..........................:      0.00%
  |-- Memory Bound...............................:      0.00%
  |-- Core Bound.................................:     45.02%
    |-- L1 Bound.................................:      0.00%
    |-- L2 Bound.................................:      0.00%
    |-- L3/DRAM Bound............................:      0.00%
    |-- Store Bound..............................:      0.00%
    |-- Scalar ALU...............................:     20.47%
    |-- Cube.....................................:      0.11%
    |-- Vector...................................:      0.08%
    |-- TLSU Tload...............................:     15.55%
    |-- TLSU Tstore..............................:      8.81%
    |-- TLSU TMOV................................:      0.00%
    |-- Idle.....................................:      0.00%
    |-- Other Core...............................:      0.00%
      |-- Simple ALU pipe full...................:      0.00%
      |-- Complex INT busy.......................:      4.05%
      |-- Branch port busy.......................:     15.76%
===============Top-Down Boundary Attribution================
IFU-OEX boundary observations (slots)............:   5039808
  |-- Frontend supply bubble (F5)................:      0.43%
  |-- Backend backpressure (F5)..................:      2.60%
  |-- Delivered to OEX (F5)......................:     96.96%
CMD queue/Pipe boundary observations (cycles)....:   1259952
  |-- CMD queue supply bubble....................:     99.71%
  |-- CMD queue backpressure.....................:      0.01%
  |-- CMD blocked union cycles...................:       142
  |-- CMD issued slots...........................:      8355
  |-- CMD IQ TileOp issue count..................:      1264
  |-- CMD IQ non-empty cycles....................:      3673
  |-- CMD IQ TileOp issue rate (tileops/cycle)...:0.34413286
  |-- CMDPipe tile backpressure events...........:         0
=======Core-Cycles Oldest-Block Top-Down (diagnostic)=======
Core cycles......................................:   1259952
L1 Retiring......................................:      0.01%
L1 Recovery......................................:      0.00%
L1 Frontend Bound................................:     99.33%
L1 CMD Bound.....................................:      0.00%
L1 Backend Bound.................................:      0.66%
L1 Idle/Other....................................:      0.00%
  |-- L2 Memory Bound............................:      0.00%
  |-- L2 Group Sync Bound........................:      0.00%
  |-- L2 Core Bound..............................:      0.66%
    |-- L3 Cube..................................:      0.01%
    |-- L3 Vector................................:      0.00%
    |-- L3 TLSU..................................:      0.64%
    |-- L3 Scalar ALU............................:      0.00%
      |-- L4 Cube execution/queue owner..........:      0.01%
      |-- L4 Vector execution owner..............:      0.00%
      |-- L4 TLSU Tload owner....................:      0.11%
      |-- L4 TLSU Tstore owner...................:      0.53%
      |-- L4 Scalar ALU owner....................:      0.00%
Core-cycle attribution sum.......................:   1259952
STID0 oldest observations........................:   1259952
STID1 oldest observations........................:   1259952
STID2 oldest observations........................:   1259952
STID3 oldest observations........................:   1259952
  |-- RETIRING representative STID...............:         3
  |-- RETIRING representative BID................:         1
  |-- RETIRING participant mask..................:        15
  |-- FRONTEND_BOUND representative STID.........:         0
  |-- FRONTEND_BOUND representative BID..........:         0
  |-- FRONTEND_BOUND participant mask............:        15
  |-- MEMORY_BOUND representative STID...........:         0
  |-- MEMORY_BOUND representative BID............:       150
  |-- MEMORY_BOUND participant mask..............:        15
  |-- CUBE representative STID...................:         0
  |-- CUBE representative BID....................:        27
  |-- CUBE participant mask......................:        15
  |-- TLSU_TLOAD representative STID.............:         3
  |-- TLSU_TLOAD representative BID..............:         4
  |-- TLSU_TLOAD participant mask................:        15
  |-- TLSU_TSTORE representative STID............:         2
  |-- TLSU_TSTORE representative BID.............:         0
  |-- TLSU_TSTORE participant mask...............:        15
  |-- VECTOR representative STID.................:         1
  |-- VECTOR representative BID..................:        21
  |-- VECTOR participant mask....................:        15
  |-- IDLE_NO_OLDEST representative STID.........:         0
  |-- IDLE_NO_OLDEST representative BID..........:18446744073709551615
  |-- IDLE_NO_OLDEST participant mask............:        15
===================superScalar Key Stats====================
superScalar Tileop Total Cycles..................:   5039808
  |--Cube Tileop Total Cycles....................:      3468
  |--Vector Tileop Total Cycles..................:      4215
  |--TLSU Tileop Total Cycles....................:     25347
superScalar Total Tileop Counter.................:      1264
  |--Cube Execute Tileop Counter.................:        96
  |--Vector Execute Tileop Counter...............:       364
  |--TLSU Execute Tileop Counter.................:       804
    |--AccountExpTlsuCellReads...................:       480
    |--AccountExpTlsuCellWrites..................:       624
superScalar Run Tileop Wall Cycles...............:   1253964
  |--Cube Busy Resource-Cycles (PE-summed).......:      6587
  |--Vector Busy Resource-Cycles (PE-summed).....:      5767
  |--TLSU Busy Resource-Cycles (PE-summed).......:   1253964
  |--Cube Active Wall Cycles (union).............:      3063
  |--Vector Active Wall Cycles (union)...........:      2970
  |--TLSU Active Wall Cycles (union).............:   1253964
    |--TLSU Tload Resource-Cycles (PE-summed)....:    953362
      |--write Blocked By Ring Cycles............:         0
    |--TLSU Tstore Resource-Cycles (PE-summed)...:    540009
    |--TLSU Tmov Resource-Cycles (PE-summed).....:         0
    |--TLSU Mgather Resource-Cycles (PE-summed)..:         0
    |--TLSU Mscatter Resource-Cycles (PE-summed).:         0
    |--TLSU Vgather Resource-Cycles (PE-summed)..:         0
    |--TLSU Vscatter Resource-Cycles (PE-summed).:         0
  |--All Cores Idle Wall Cycles..................:      5988
  |--Vector-Cube Concurrent Wall Cycles (union)..:      1165
  |--Vector-Cube Active Wall Cycles (union)......:      4868
  |--Cube-TLSU Concurrent Wall Cycles (union)....:      3063
  |--Cube-TLSU Active Wall Cycles (union)........:   1253964
  |--Vector-TLSU Concurrent Wall Cycles (union)..:      2970
  |--Vector-TLSU Active Wall Cycles (union)......:   1253964
=============TileOp Efficiency (explicit units)=============
PE0 CUBE ExecCycles/TileOp.......................:     37.08
PE0 CUBE TileOpRate (ops/cycle)..................:0.00001905
PE0 CUBE TileOp Occupancy (%)....................:      0.14
PE1 CUBE ExecCycles/TileOp.......................:     37.00
PE1 CUBE TileOpRate (ops/cycle)..................:0.00001905
PE1 CUBE TileOp Occupancy (%)....................:      0.13
PE2 CUBE ExecCycles/TileOp.......................:     37.08
PE2 CUBE TileOpRate (ops/cycle)..................:0.00001905
PE2 CUBE TileOp Occupancy (%)....................:      0.13
PE3 CUBE ExecCycles/TileOp.......................:     37.12
PE3 CUBE TileOpRate (ops/cycle)..................:0.00001905
PE3 CUBE TileOp Occupancy (%)....................:      0.13
PE0 VECTOR ReadLatency (cycles/op)...............:      0.00
PE0 VECTOR TileOpRate (ops/cycle)................:      0.00
PE0 VECTOR Utilization...........................:      0.00
PE0 VECTOR Utilization (issue-events)............:      0.00
PE1 VECTOR ReadLatency (cycles/op)...............:      0.00
PE1 VECTOR TileOpRate (ops/cycle)................:      0.00
PE1 VECTOR Utilization...........................:      0.00
PE1 VECTOR Utilization (issue-events)............:      0.00
PE2 VECTOR ReadLatency (cycles/op)...............:      0.00
PE2 VECTOR TileOpRate (ops/cycle)................:      0.00
PE2 VECTOR Utilization...........................:      0.00
PE2 VECTOR Utilization (issue-events)............:      0.00
PE3 VECTOR ReadLatency (cycles/op)...............:      0.00
PE3 VECTOR TileOpRate (ops/cycle)................:      0.00
PE3 VECTOR Utilization...........................:      0.00
PE3 VECTOR Utilization (issue-events)............:      0.00
PE0 TLSU Occupancy/Issue (cycles/event)..........:      9.97
PE0 TLSU IssueRate (events/cycle)................:      0.58
PE0 TLSU Utilization (%).........................:     99.53
Vector-Cube overlap ratio........................:      0.00
Vector-TLSU overlap ratio........................:      0.00
============PROB Status Occupancy (entry-cycles)============
  |--free........................................:         0
  |--alloc.......................................: 118798508
  |--renamed.....................................:         0
  |--dispatched..................................:   3349717
  |--in_queue....................................:  45243708
  |--issued......................................:   4511736
  |--executing...................................:   2781200
  |--writeback...................................:   1950189
  |--completed...................................:  98719427
  |--retired.....................................:   5857973
  |--fault.......................................:         0
  |--need_flush..................................:         0
===============Block Control Key Stats total================
Average Outstanding Block Number.................:      0.13
  |--Average Outstanding Cube Block Number.......:      0.01
  |--Average Outstanding Vector Block Number.....:      0.01
  |--Average Outstanding TLoad Number............:      0.08
  |--Average Outstanding TStore Number...........:      0.04
=============Block Control Key Stats SThread 0==============
Average Outstanding Block Number.................:      0.03
  |--Average Outstanding Cube Block Number.......:      0.00
  |--Average Outstanding Vector Block Number.....:      0.00
  |--Average Outstanding TLoad Number............:      0.02
  |--Average Outstanding TStore Number...........:      0.01
=============Block Control Key Stats SThread 1==============
Average Outstanding Block Number.................:      0.03
  |--Average Outstanding Cube Block Number.......:      0.00
  |--Average Outstanding Vector Block Number.....:      0.00
  |--Average Outstanding TLoad Number............:      0.02
  |--Average Outstanding TStore Number...........:      0.01
=============Block Control Key Stats SThread 2==============
Average Outstanding Block Number.................:      0.04
  |--Average Outstanding Cube Block Number.......:      0.00
  |--Average Outstanding Vector Block Number.....:      0.00
  |--Average Outstanding TLoad Number............:      0.02
  |--Average Outstanding TStore Number...........:      0.01
=============Block Control Key Stats SThread 3==============
Average Outstanding Block Number.................:      0.03
  |--Average Outstanding Cube Block Number.......:      0.00
  |--Average Outstanding Vector Block Number.....:      0.00
  |--Average Outstanding TLoad Number............:      0.02
  |--Average Outstanding TStore Number...........:      0.01
===================CubeCore 0 Statistics====================
Cube Total Cycles................................:   1259952
Cube MAC Exec Occupancy..........................:       639    0.05%
Cube MAC Utilization.............................:     24.00    0.00%
Cube Logical MAC Count...........................:     24576
Cube Equivalent MAC Count........................:  24576.00
Cube Equivalent MAC Rate (MAC/cycle).............:      0.02
Cube core workload units (dtype-normalized)......:     24.00
Cube core workload rate (units/cycle)............:0.00001905
Cube Achieved TFLOPS (equivalent MACs, 1.65GHz)..:  0.000064
Cube core exe tileop count.......................:        24
Cube Uop Generated Count.........................:       384
Cube core retired uop count......................:       384
Cube core total load count.......................:       432
Cube core total store count (CellReg TileC writes):        96
Cube FP16 Logical MAC Count......................:     24576
Cube FP16 Equivalent MAC Count...................:  24576.00
Cube FP8 Logical MAC Count.......................:         0
Cube FP8 Equivalent MAC Count....................:      0.00
Cube FP4 Logical MAC Count.......................:         0
Cube FP4 Equivalent MAC Count....................:      0.00
Cube TileOp Occupancy............................:      1706    0.14%
Cube Load Outstanding............................:       800    0.06%
Cube FixPipe/Store Occupancy.....................:       312    0.02%
Cube core average acc slot use...................:      0.00
Cube core average l0a entry use..................:      2.02
Cube core average l0b entry use..................:      2.02
Cube core average l0a entry use busy.............:      2.07
Cube core average l0b entry use busy.............:      2.07
Cube core average acc slot use busy..............:       N/A
Cube MAC Range...................................:       639
Cube Load Range..................................:       823
Cube Store Range.................................:       312
Cube Load-MAC Range Overlap......................:       232   36.31%
accSlotAllocCount................................:         0
accSlotFreeCount.................................:         0
accSlotPeakInUse.................................:         0
accSlotWaitCount.................................:         0
bandPairMapPeakSize..............................:         0
bandPairMapFinalSize.............................:         0
batchDistributeCount.............................:         0
batchFallbackCount...............................:         0
m0TileCReadCount.................................:         0
m1TileCReadCount.................................:         0
tileCReadRequestCount............................:         0
tileCReadBytes...................................:         0
batchMissedDistributeCount.......................:         0
uniqueTileCSourceAddresses.......................:         0
Cube core exe uop count..........................:       384
Cube core retired uop count......................:       384
Cube core total load count.......................:       432
Cube core total store count (CellReg TileC writes):        96
  |--CellReg Load Count..........................:       432
    |--CellReg TileA Count.......................:        48
    |--CellReg TileB Count.......................:       384
    |--CellReg TileC Count.......................:         0
    |--CellReg LeftScale Count...................:         0
    |--CellReg RightScale Count..................:         0
  |--CellReg Load Bytes..........................:     55296
    |--CellReg TileA Bytes.......................:      6144
    |--CellReg TileB Bytes.......................:     49152
    |--CellReg TileC Bytes.......................:         0
    |--CellReg LeftScale Bytes...................:         0
    |--CellReg RightScale Bytes..................:         0
  |--CellReg Store Count.........................:        96
    |--CellReg TileC Count.......................:        96
  |--CellReg Store Bytes.........................:     12288
    |--CellReg TileC Bytes.......................:     12288
  |--ShareTReg Load Count........................:         0
    |--ShareTReg TileA Count.....................:         0
    |--ShareTReg TileB Count.....................:         0
  |--ShareTReg Load Bytes........................:         0
    |--ShareTReg TileA Bytes.....................:         0
    |--ShareTReg TileB Bytes.....................:         0
  |--Exp CellReg Load Count......................:       408
    |--Exp CellReg TileA Count...................:        24
    |--Exp CellReg TileB Count...................:       384
    |--Exp CellReg TileC Count...................:         0
    |--Exp CellReg LeftScale Count...............:         0
    |--Exp CellReg RightScale Count..............:         0
  |--Exp CellReg Load Delta......................:    -24.00
  |--Exp CellReg Store Count.....................:        24
  |--Exp CellReg Store Delta.....................:    -72.00
  |--Exp ShareTReg Load Count....................:         0
  |--Exp ShareTReg Load Delta....................:      0.00
Cube core cannot pick main chain uop ratio.......:         0    0.00%
Cube core pick cub chain uop ratio...............:         0     N/A
Cube busy cycle..................................:         0
Cube core mmad busy cycle........................:         0     N/A
Cube core load busy cycle........................:         0     N/A
Cube core store busy cycle.......................:         0     N/A
  UtilMacW (array exec)..........................:       616
    |--UtilMacWMad (systolic MAC phase)..........:       547
    |--UtilMacWRamp (staging/fill-drain).........:        69
  UtilMacO (operand in-flight)...................:       611
  UtilMacA (exec/writeback struct)...............:       437
  UtilMacD (dependency chain)....................:        23
  UtilMacI (issue/rename struct).................:         0
  UtilMacS (no tile).............................:   1258265
  UtilMacUnaccounted.............................:         0
  UtilMacCycles..................................:   1259952
    |--UtilMacSub_O_L0InFlight...................:       591
    |--UtilMacSub_O_ScaleInFlight................:         0
    |--UtilMacSub_O_LoadPath.....................:         0
    |--UtilMacSub_O_LdUopBuf.....................:        20
    |--UtilMacSub_A_AllocBackpressure............:         0
    |--UtilMacSub_A_StoreInFlight................:        60
    |--UtilMacSub_A_FixPipeAnnounce..............:       280
    |--UtilMacSub_A_UopBufQueue..................:         0
    |--UtilMacSub_A_TileBoundary.................:        97
    |--UtilMacSubO_Reconcile.....................:      0.00
    |--UtilMacSubA_Reconcile.....................:      0.00
    |--UtilMacSub_O_L0InFlight_A.................:       568
    |--UtilMacSub_O_L0InFlight_B.................:         0
    |--UtilMacSub_O_L0InFlight_C.................:         0
    |--UtilMacSub_O_L0InFlight_Other.............:        23
    |--UtilMacSubO_L0Split_Reconcile.............:      0.00
  UtilMacIssue_Issued............................:       384
  UtilMacIssue_CStreamWait.......................:         0
  UtilMacIssue_L0InFlight........................:       642
  UtilMacIssue_ScaleInFlight.....................:         0
  UtilMacIssue_AllocBackpressure.................:         0
  UtilMacIssue_KLoopChain........................:         0
  UtilMacIssue_UopBufQueue.......................:        21
  UtilMacIssue_LdUopBufQueue.....................:         0
  UtilMacIssue_NoTile............................:   1258265
  UtilMacIssue_TileBoundary......................:       640
  UtilMacIssue_Unaccounted.......................:         0
  UtilMacIssue_Reconcile.........................:      0.00
  UtilMacIssue_L0InFlight_A......................:       594
  UtilMacIssue_L0InFlight_B......................:         0
  UtilMacIssue_L0InFlight_C......................:         0
  UtilMacIssue_L0InFlight_Other..................:        48
  UtilMacIssue_L0Split_Reconcile.................:      0.00
  UtilMacStageOcc................................:      2688
  UtilMacStageIdle...............................:      1141
  UtilMacStage_Reconcile.........................:      0.00
  UtilMacFillWeightedUtil........................:      0.00
  UtilMacShadow_CwaitCycles......................:         0
  UtilMacShadow_L0WithCwait......................:         0
  UtilMacStageIdle_L0InFlight....................:       703
  UtilMacStageIdle_UopBufQueue...................:         3
  UtilMacStageIdle_TileBoundary..................:       435
  UtilMacStageIdleByCause_Reconcile..............:      0.00
===================CubeCore 1 Statistics====================
Cube Total Cycles................................:   1259952
Cube MAC Exec Occupancy..........................:       642    0.05%
Cube MAC Utilization.............................:     24.00    0.00%
Cube Logical MAC Count...........................:     24576
Cube Equivalent MAC Count........................:  24576.00
Cube Equivalent MAC Rate (MAC/cycle).............:      0.02
Cube core workload units (dtype-normalized)......:     24.00
Cube core workload rate (units/cycle)............:0.00001905
Cube Achieved TFLOPS (equivalent MACs, 1.65GHz)..:  0.000064
Cube core exe tileop count.......................:        24
Cube Uop Generated Count.........................:       384
Cube core retired uop count......................:       384
Cube core total load count.......................:       432
Cube core total store count (CellReg TileC writes):        96
Cube FP16 Logical MAC Count......................:     24576
Cube FP16 Equivalent MAC Count...................:  24576.00
Cube FP8 Logical MAC Count.......................:         0
Cube FP8 Equivalent MAC Count....................:      0.00
Cube FP4 Logical MAC Count.......................:         0
Cube FP4 Equivalent MAC Count....................:      0.00
Cube TileOp Occupancy............................:      1658    0.13%
Cube Load Outstanding............................:       803    0.06%
Cube FixPipe/Store Occupancy.....................:       312    0.02%
Cube core average acc slot use...................:      0.00
Cube core average l0a entry use..................:      2.07
Cube core average l0b entry use..................:      2.07
Cube core average l0a entry use busy.............:      2.11
Cube core average l0b entry use busy.............:      2.11
Cube core average acc slot use busy..............:       N/A
Cube MAC Range...................................:       642
Cube Load Range..................................:       826
Cube Store Range.................................:       312
Cube Load-MAC Range Overlap......................:       230   35.83%
accSlotAllocCount................................:         0
accSlotFreeCount.................................:         0
accSlotPeakInUse.................................:         0
accSlotWaitCount.................................:         0
bandPairMapPeakSize..............................:         0
bandPairMapFinalSize.............................:         0
batchDistributeCount.............................:         0
batchFallbackCount...............................:         0
m0TileCReadCount.................................:         0
m1TileCReadCount.................................:         0
tileCReadRequestCount............................:         0
tileCReadBytes...................................:         0
batchMissedDistributeCount.......................:         0
uniqueTileCSourceAddresses.......................:         0
Cube core exe uop count..........................:       384
Cube core retired uop count......................:       384
Cube core total load count.......................:       432
Cube core total store count (CellReg TileC writes):        96
  |--CellReg Load Count..........................:       432
    |--CellReg TileA Count.......................:        48
    |--CellReg TileB Count.......................:       384
    |--CellReg TileC Count.......................:         0
    |--CellReg LeftScale Count...................:         0
    |--CellReg RightScale Count..................:         0
  |--CellReg Load Bytes..........................:     55296
    |--CellReg TileA Bytes.......................:      6144
    |--CellReg TileB Bytes.......................:     49152
    |--CellReg TileC Bytes.......................:         0
    |--CellReg LeftScale Bytes...................:         0
    |--CellReg RightScale Bytes..................:         0
  |--CellReg Store Count.........................:        96
    |--CellReg TileC Count.......................:        96
  |--CellReg Store Bytes.........................:     12288
    |--CellReg TileC Bytes.......................:     12288
  |--ShareTReg Load Count........................:         0
    |--ShareTReg TileA Count.....................:         0
    |--ShareTReg TileB Count.....................:         0
  |--ShareTReg Load Bytes........................:         0
    |--ShareTReg TileA Bytes.....................:         0
    |--ShareTReg TileB Bytes.....................:         0
  |--Exp CellReg Load Count......................:       408
    |--Exp CellReg TileA Count...................:        24
    |--Exp CellReg TileB Count...................:       384
    |--Exp CellReg TileC Count...................:         0
    |--Exp CellReg LeftScale Count...............:         0
    |--Exp CellReg RightScale Count..............:         0
  |--Exp CellReg Load Delta......................:    -24.00
  |--Exp CellReg Store Count.....................:        24
  |--Exp CellReg Store Delta.....................:    -72.00
  |--Exp ShareTReg Load Count....................:         0
  |--Exp ShareTReg Load Delta....................:      0.00
Cube core cannot pick main chain uop ratio.......:         0    0.00%
Cube core pick cub chain uop ratio...............:         0     N/A
Cube busy cycle..................................:         0
Cube core mmad busy cycle........................:         0     N/A
Cube core load busy cycle........................:         0     N/A
Cube core store busy cycle.......................:         0     N/A
  UtilMacW (array exec)..........................:       619
    |--UtilMacWMad (systolic MAC phase)..........:       550
    |--UtilMacWRamp (staging/fill-drain).........:        69
  UtilMacO (operand in-flight)...................:       611
  UtilMacA (exec/writeback struct)...............:       391
  UtilMacD (dependency chain)....................:        23
  UtilMacI (issue/rename struct).................:         0
  UtilMacS (no tile).............................:   1258308
  UtilMacUnaccounted.............................:         0
  UtilMacCycles..................................:   1259952
    |--UtilMacSub_O_L0InFlight...................:       596
    |--UtilMacSub_O_ScaleInFlight................:         0
    |--UtilMacSub_O_LoadPath.....................:         0
    |--UtilMacSub_O_LdUopBuf.....................:        15
    |--UtilMacSub_A_AllocBackpressure............:         0
    |--UtilMacSub_A_StoreInFlight................:        61
    |--UtilMacSub_A_FixPipeAnnounce..............:       253
    |--UtilMacSub_A_UopBufQueue..................:         0
    |--UtilMacSub_A_TileBoundary.................:        77
    |--UtilMacSubO_Reconcile.....................:      0.00
    |--UtilMacSubA_Reconcile.....................:      0.00
    |--UtilMacSub_O_L0InFlight_A.................:       573
    |--UtilMacSub_O_L0InFlight_B.................:         0
    |--UtilMacSub_O_L0InFlight_C.................:         0
    |--UtilMacSub_O_L0InFlight_Other.............:        23
    |--UtilMacSubO_L0Split_Reconcile.............:      0.00
  UtilMacIssue_Issued............................:       384
  UtilMacIssue_CStreamWait.......................:         0
  UtilMacIssue_L0InFlight........................:       644
  UtilMacIssue_ScaleInFlight.....................:         0
  UtilMacIssue_AllocBackpressure.................:         0
  UtilMacIssue_KLoopChain........................:         0
  UtilMacIssue_UopBufQueue.......................:        21
  UtilMacIssue_LdUopBufQueue.....................:         0
  UtilMacIssue_NoTile............................:   1258308
  UtilMacIssue_TileBoundary......................:       595
  UtilMacIssue_Unaccounted.......................:         0
  UtilMacIssue_Reconcile.........................:      0.00
  UtilMacIssue_L0InFlight_A......................:       596
  UtilMacIssue_L0InFlight_B......................:         0
  UtilMacIssue_L0InFlight_C......................:         0
  UtilMacIssue_L0InFlight_Other..................:        48
  UtilMacIssue_L0Split_Reconcile.................:      0.00
  UtilMacStageOcc................................:      2688
  UtilMacStageIdle...............................:      1162
  UtilMacStage_Reconcile.........................:      0.00
  UtilMacFillWeightedUtil........................:      0.00
  UtilMacShadow_CwaitCycles......................:         0
  UtilMacShadow_L0WithCwait......................:         0
  UtilMacStageIdle_L0InFlight....................:       721
  UtilMacStageIdle_TileBoundary..................:       441
  UtilMacStageIdleByCause_Reconcile..............:      0.00
===================CubeCore 2 Statistics====================
Cube Total Cycles................................:   1259952
Cube MAC Exec Occupancy..........................:       639    0.05%
Cube MAC Utilization.............................:     24.00    0.00%
Cube Logical MAC Count...........................:     24576
Cube Equivalent MAC Count........................:  24576.00
Cube Equivalent MAC Rate (MAC/cycle).............:      0.02
Cube core workload units (dtype-normalized)......:     24.00
Cube core workload rate (units/cycle)............:0.00001905
Cube Achieved TFLOPS (equivalent MACs, 1.65GHz)..:  0.000064
Cube core exe tileop count.......................:        24
Cube Uop Generated Count.........................:       384
Cube core retired uop count......................:       384
Cube core total load count.......................:       432
Cube core total store count (CellReg TileC writes):        96
Cube FP16 Logical MAC Count......................:     24576
Cube FP16 Equivalent MAC Count...................:  24576.00
Cube FP8 Logical MAC Count.......................:         0
Cube FP8 Equivalent MAC Count....................:      0.00
Cube FP4 Logical MAC Count.......................:         0
Cube FP4 Equivalent MAC Count....................:      0.00
Cube TileOp Occupancy............................:      1640    0.13%
Cube Load Outstanding............................:       800    0.06%
Cube FixPipe/Store Occupancy.....................:       312    0.02%
Cube core average acc slot use...................:      0.00
Cube core average l0a entry use..................:      2.11
Cube core average l0b entry use..................:      2.11
Cube core average l0a entry use busy.............:      2.15
Cube core average l0b entry use busy.............:      2.15
Cube core average acc slot use busy..............:       N/A
Cube MAC Range...................................:       639
Cube Load Range..................................:       823
Cube Store Range.................................:       312
Cube Load-MAC Range Overlap......................:       255   39.91%
accSlotAllocCount................................:         0
accSlotFreeCount.................................:         0
accSlotPeakInUse.................................:         0
accSlotWaitCount.................................:         0
bandPairMapPeakSize..............................:         0
bandPairMapFinalSize.............................:         0
batchDistributeCount.............................:         0
batchFallbackCount...............................:         0
m0TileCReadCount.................................:         0
m1TileCReadCount.................................:         0
tileCReadRequestCount............................:         0
tileCReadBytes...................................:         0
batchMissedDistributeCount.......................:         0
uniqueTileCSourceAddresses.......................:         0
Cube core exe uop count..........................:       384
Cube core retired uop count......................:       384
Cube core total load count.......................:       432
Cube core total store count (CellReg TileC writes):        96
  |--CellReg Load Count..........................:       432
    |--CellReg TileA Count.......................:        48
    |--CellReg TileB Count.......................:       384
    |--CellReg TileC Count.......................:         0
    |--CellReg LeftScale Count...................:         0
    |--CellReg RightScale Count..................:         0
  |--CellReg Load Bytes..........................:     55296
    |--CellReg TileA Bytes.......................:      6144
    |--CellReg TileB Bytes.......................:     49152
    |--CellReg TileC Bytes.......................:         0
    |--CellReg LeftScale Bytes...................:         0
    |--CellReg RightScale Bytes..................:         0
  |--CellReg Store Count.........................:        96
    |--CellReg TileC Count.......................:        96
  |--CellReg Store Bytes.........................:     12288
    |--CellReg TileC Bytes.......................:     12288
  |--ShareTReg Load Count........................:         0
    |--ShareTReg TileA Count.....................:         0
    |--ShareTReg TileB Count.....................:         0
  |--ShareTReg Load Bytes........................:         0
    |--ShareTReg TileA Bytes.....................:         0
    |--ShareTReg TileB Bytes.....................:         0
  |--Exp CellReg Load Count......................:       408
    |--Exp CellReg TileA Count...................:        24
    |--Exp CellReg TileB Count...................:       384
    |--Exp CellReg TileC Count...................:         0
    |--Exp CellReg LeftScale Count...............:         0
    |--Exp CellReg RightScale Count..............:         0
  |--Exp CellReg Load Delta......................:    -24.00
  |--Exp CellReg Store Count.....................:        24
  |--Exp CellReg Store Delta.....................:    -72.00
  |--Exp ShareTReg Load Count....................:         0
  |--Exp ShareTReg Load Delta....................:      0.00
Cube core cannot pick main chain uop ratio.......:         0    0.00%
Cube core pick cub chain uop ratio...............:         0     N/A
Cube busy cycle..................................:         0
Cube core mmad busy cycle........................:         0     N/A
Cube core load busy cycle........................:         0     N/A
Cube core store busy cycle.......................:         0     N/A
  UtilMacW (array exec)..........................:       616
    |--UtilMacWMad (systolic MAC phase)..........:       547
    |--UtilMacWRamp (staging/fill-drain).........:        69
  UtilMacO (operand in-flight)...................:       586
  UtilMacA (exec/writeback struct)...............:       397
  UtilMacD (dependency chain)....................:        23
  UtilMacI (issue/rename struct).................:         0
  UtilMacS (no tile).............................:   1258330
  UtilMacUnaccounted.............................:         0
  UtilMacCycles..................................:   1259952
    |--UtilMacSub_O_L0InFlight...................:       568
    |--UtilMacSub_O_ScaleInFlight................:         0
    |--UtilMacSub_O_LoadPath.....................:         0
    |--UtilMacSub_O_LdUopBuf.....................:        18
    |--UtilMacSub_A_AllocBackpressure............:         0
    |--UtilMacSub_A_StoreInFlight................:        54
    |--UtilMacSub_A_FixPipeAnnounce..............:       252
    |--UtilMacSub_A_UopBufQueue..................:         0
    |--UtilMacSub_A_TileBoundary.................:        91
    |--UtilMacSubO_Reconcile.....................:      0.00
    |--UtilMacSubA_Reconcile.....................:      0.00
    |--UtilMacSub_O_L0InFlight_A.................:       545
    |--UtilMacSub_O_L0InFlight_B.................:         0
    |--UtilMacSub_O_L0InFlight_C.................:         0
    |--UtilMacSub_O_L0InFlight_Other.............:        23
    |--UtilMacSubO_L0Split_Reconcile.............:      0.00
  UtilMacIssue_Issued............................:       384
  UtilMacIssue_CStreamWait.......................:         0
  UtilMacIssue_L0InFlight........................:       632
  UtilMacIssue_ScaleInFlight.....................:         0
  UtilMacIssue_AllocBackpressure.................:         0
  UtilMacIssue_KLoopChain........................:         0
  UtilMacIssue_UopBufQueue.......................:        20
  UtilMacIssue_LdUopBufQueue.....................:         0
  UtilMacIssue_NoTile............................:   1258330
  UtilMacIssue_TileBoundary......................:       586
  UtilMacIssue_Unaccounted.......................:         0
  UtilMacIssue_Reconcile.........................:      0.00
  UtilMacIssue_L0InFlight_A......................:       584
  UtilMacIssue_L0InFlight_B......................:         0
  UtilMacIssue_L0InFlight_C......................:         0
  UtilMacIssue_L0InFlight_Other..................:        48
  UtilMacIssue_L0Split_Reconcile.................:      0.00
  UtilMacStageOcc................................:      2688
  UtilMacStageIdle...............................:      1141
  UtilMacStage_Reconcile.........................:      0.00
  UtilMacFillWeightedUtil........................:      0.00
  UtilMacShadow_CwaitCycles......................:         0
  UtilMacShadow_L0WithCwait......................:         0
  UtilMacStageIdle_L0InFlight....................:       731
  UtilMacStageIdle_UopBufQueue...................:         5
  UtilMacStageIdle_TileBoundary..................:       405
  UtilMacStageIdleByCause_Reconcile..............:      0.00
===================CubeCore 3 Statistics====================
Cube Total Cycles................................:   1259952
Cube MAC Exec Occupancy..........................:       616    0.05%
Cube MAC Utilization.............................:     24.00    0.00%
Cube Logical MAC Count...........................:     24576
Cube Equivalent MAC Count........................:  24576.00
Cube Equivalent MAC Rate (MAC/cycle).............:      0.02
Cube core workload units (dtype-normalized)......:     24.00
Cube core workload rate (units/cycle)............:0.00001905
Cube Achieved TFLOPS (equivalent MACs, 1.65GHz)..:  0.000064
Cube core exe tileop count.......................:        24
Cube Uop Generated Count.........................:       384
Cube core retired uop count......................:       384
Cube core total load count.......................:       432
Cube core total store count (CellReg TileC writes):        96
Cube FP16 Logical MAC Count......................:     24576
Cube FP16 Equivalent MAC Count...................:  24576.00
Cube FP8 Logical MAC Count.......................:         0
Cube FP8 Equivalent MAC Count....................:      0.00
Cube FP4 Logical MAC Count.......................:         0
Cube FP4 Equivalent MAC Count....................:      0.00
Cube TileOp Occupancy............................:      1583    0.13%
Cube Load Outstanding............................:       756    0.06%
Cube FixPipe/Store Occupancy.....................:       312    0.02%
Cube core average acc slot use...................:      0.00
Cube core average l0a entry use..................:      2.19
Cube core average l0b entry use..................:      2.19
Cube core average l0a entry use busy.............:      2.23
Cube core average l0b entry use busy.............:      2.23
Cube core average acc slot use busy..............:       N/A
Cube MAC Range...................................:       616
Cube Load Range..................................:       776
Cube Store Range.................................:       312
Cube Load-MAC Range Overlap......................:       237   38.47%
accSlotAllocCount................................:         0
accSlotFreeCount.................................:         0
accSlotPeakInUse.................................:         0
accSlotWaitCount.................................:         0
bandPairMapPeakSize..............................:         0
bandPairMapFinalSize.............................:         0
batchDistributeCount.............................:         0
batchFallbackCount...............................:         0
m0TileCReadCount.................................:         0
m1TileCReadCount.................................:         0
tileCReadRequestCount............................:         0
tileCReadBytes...................................:         0
batchMissedDistributeCount.......................:         0
uniqueTileCSourceAddresses.......................:         0
Cube core exe uop count..........................:       384
Cube core retired uop count......................:       384
Cube core total load count.......................:       432
Cube core total store count (CellReg TileC writes):        96
  |--CellReg Load Count..........................:       432
    |--CellReg TileA Count.......................:        48
    |--CellReg TileB Count.......................:       384
    |--CellReg TileC Count.......................:         0
    |--CellReg LeftScale Count...................:         0
    |--CellReg RightScale Count..................:         0
  |--CellReg Load Bytes..........................:     55296
    |--CellReg TileA Bytes.......................:      6144
    |--CellReg TileB Bytes.......................:     49152
    |--CellReg TileC Bytes.......................:         0
    |--CellReg LeftScale Bytes...................:         0
    |--CellReg RightScale Bytes..................:         0
  |--CellReg Store Count.........................:        96
    |--CellReg TileC Count.......................:        96
  |--CellReg Store Bytes.........................:     12288
    |--CellReg TileC Bytes.......................:     12288
  |--ShareTReg Load Count........................:         0
    |--ShareTReg TileA Count.....................:         0
    |--ShareTReg TileB Count.....................:         0
  |--ShareTReg Load Bytes........................:         0
    |--ShareTReg TileA Bytes.....................:         0
    |--ShareTReg TileB Bytes.....................:         0
  |--Exp CellReg Load Count......................:       408
    |--Exp CellReg TileA Count...................:        24
    |--Exp CellReg TileB Count...................:       384
    |--Exp CellReg TileC Count...................:         0
    |--Exp CellReg LeftScale Count...............:         0
    |--Exp CellReg RightScale Count..............:         0
  |--Exp CellReg Load Delta......................:    -24.00
  |--Exp CellReg Store Count.....................:        24
  |--Exp CellReg Store Delta.....................:    -72.00
  |--Exp ShareTReg Load Count....................:         0
  |--Exp ShareTReg Load Delta....................:      0.00
Cube core cannot pick main chain uop ratio.......:         0    0.00%
Cube core pick cub chain uop ratio...............:         0     N/A
Cube busy cycle..................................:         0
Cube core mmad busy cycle........................:         0     N/A
Cube core load busy cycle........................:         0     N/A
Cube core store busy cycle.......................:         0     N/A
  UtilMacW (array exec)..........................:       596
    |--UtilMacWMad (systolic MAC phase)..........:       536
    |--UtilMacWRamp (staging/fill-drain).........:        60
  UtilMacO (operand in-flight)...................:       556
  UtilMacA (exec/writeback struct)...............:       395
  UtilMacD (dependency chain)....................:        20
  UtilMacI (issue/rename struct).................:         0
  UtilMacS (no tile).............................:   1258385
  UtilMacUnaccounted.............................:         0
  UtilMacCycles..................................:   1259952
    |--UtilMacSub_O_L0InFlight...................:       539
    |--UtilMacSub_O_ScaleInFlight................:         0
    |--UtilMacSub_O_LoadPath.....................:         0
    |--UtilMacSub_O_LdUopBuf.....................:        17
    |--UtilMacSub_A_AllocBackpressure............:         0
    |--UtilMacSub_A_StoreInFlight................:        56
    |--UtilMacSub_A_FixPipeAnnounce..............:       252
    |--UtilMacSub_A_UopBufQueue..................:         0
    |--UtilMacSub_A_TileBoundary.................:        87
    |--UtilMacSubO_Reconcile.....................:      0.00
    |--UtilMacSubA_Reconcile.....................:      0.00
    |--UtilMacSub_O_L0InFlight_A.................:       519
    |--UtilMacSub_O_L0InFlight_B.................:         0
    |--UtilMacSub_O_L0InFlight_C.................:         0
    |--UtilMacSub_O_L0InFlight_Other.............:        20
    |--UtilMacSubO_L0Split_Reconcile.............:      0.00
  UtilMacIssue_Issued............................:       384
  UtilMacIssue_CStreamWait.......................:         0
  UtilMacIssue_L0InFlight........................:       572
  UtilMacIssue_ScaleInFlight.....................:         0
  UtilMacIssue_AllocBackpressure.................:         0
  UtilMacIssue_KLoopChain........................:         0
  UtilMacIssue_UopBufQueue.......................:        20
  UtilMacIssue_LdUopBufQueue.....................:         0
  UtilMacIssue_NoTile............................:   1258385
  UtilMacIssue_TileBoundary......................:       591
  UtilMacIssue_Unaccounted.......................:         0
  UtilMacIssue_Reconcile.........................:      0.00
  UtilMacIssue_L0InFlight_A......................:       524
  UtilMacIssue_L0InFlight_B......................:         0
  UtilMacIssue_L0InFlight_C......................:         0
  UtilMacIssue_L0InFlight_Other..................:        48
  UtilMacIssue_L0Split_Reconcile.................:      0.00
  UtilMacStageOcc................................:      2688
  UtilMacStageIdle...............................:      1064
  UtilMacStage_Reconcile.........................:      0.00
  UtilMacFillWeightedUtil........................:      0.00
  UtilMacShadow_CwaitCycles......................:         0
  UtilMacShadow_L0WithCwait......................:         0
  UtilMacStageIdle_L0InFlight....................:       644
  UtilMacStageIdle_TileBoundary..................:       420
  UtilMacStageIdleByCause_Reconcile..............:      0.00
=============== TLSU tile-store STQ residency peId=0 ===============
  resident entry-cycles ....................: 98678
  |-- addr/interval not resolved ...........: 0  (0.00%)
  |-- tile data (rename) not ready .........: 83188  (84.30%)
  |-- BLOCKED BY NON-FLUSH POINTER .........: 10968  (11.11%)
  |-- older store still in STQ .............: 4274  (4.33%)
  |-- SCB full ............................: 0  (0.00%)
  store_issue=52679 scb_enter=52679 stq_peak=76 scb_peak=64
  private_l1_handoff: fragments=52431 acks=52431 wait_entry_cycles=52431 balanced=yes
  invariants: stq_conservation=OK (created=52458 destroyed=52458) a3_tile_violation=0 scb_flush_hit=0 scb_waw_scalar=0 scb_waw_tile=52 nuke=0
=============== TLOAD Sub-path peId=0 ===============
  occupancy entry-cycles ..................: 4720493 (64.56%)
  issue events ............................: 680722
=============== TSTORE Sub-path peId=0 ===============
  occupancy entry-cycles ..................: 2590826 (35.44%)
  issue events ............................: 52679
=============== TMOV Sub-path peId=0 ===============
  occupancy entry-cycles ..................: 0 (0.00%)
  issue events ............................: 0
========================Streaming L2========================
l2_tr_read_sent..................................:       896
l2_tr_read_response..............................:       896
l2_tr_read_wait_cycles...........................:      4352
l2_tr_read_queue_full_cycles.....................:         0
l2_tr_write_sent.................................:      1325
l2_tr_write_response.............................:      1325
l2_tr_write_wait_cycles..........................:      8081
l2_tr_write_queue_full_cycles....................:         0
l2_rwdb_entry_full_cycles........................:        16
l2_prior_read_raw_renames........................:         9
l2_starvation_bypass_cycles......................:         0
=====================Retired block Type=====================
Retired Block Num................................:    667246
  |--Retired STD Block Num.......................:    593757
  |--Retired PARALLEL Block Num..................:      1264
    |--Retired CUBE Block Num....................:        96    7.59%
    |--Retired VCALL Block Num...................:       364   28.80%
    |--Retired TLSU Block Num....................:       804   63.61%
  |--Retired SYS Block Num.......................:         0
  |--Retired FP Block Num........................:     72225
  |--Retired OTHER Block Num.....................:         0
==================Retired Template Opcode===================
FENTRY...........................................:        44
FEXIT............................................:         0
FRET.............................................:        41
MEMSET...........................................:         9
MEMCOPY..........................................:         0
Retired Instruction Number.......................:   4677599
  |--Retired Scalar Inst Number..................:   4677599
  |--Retired Vec Inst Number.....................:         0
Retired Cube TileOp Number.......................:        96
Blocks Per Cycle.................................:  0.529580
IPC..............................................:  3.712522
Average BROB occupancy...........................:    193.00
  |--STID0 Average BROB occupancy................: 17.788915
  |--STID1 Average BROB occupancy................:163.349543
  |--STID2 Average BROB occupancy................:  6.775576
  |--STID3 Average BROB occupancy................:  5.081204
Effective window size............................:    379.57
MPKB.............................................:      3.94
MPKI.............................................:      0.56
Simulation speed (Kilo Insts Per Second).........:      6.11
Discontinuous BPC Count..........................:    646221
Average Continuous BPC Length....................:  1.032535
Average fetch minsts/header per cycle............:     10.13
==========Block Control Detail Stats(Tile rename)===========
Tile capacity sample cycles......................:   1259952
Tile virtual tag capacity T/U/M/N (all threads)..:      4096
Tile virtual peak live tags T/U/M/N (all threads):       312
Tile physical CellReg capacity per PE(B).........:    262144
Tile physical CellReg capacity all PEs(B)........:   1048576
Tile lazy physical allocation enabled............:         0
Tile TLOAD first-data-ready bind enabled.........:         0
Tile physical bind requests......................:         0
Tile physical bind grants........................:         0
Tile physical bind failures......................:         0
Tile rename-to-bind average cycles...............:       N/A
Tile average virtual-only live tags..............:      0.00
Tile stale cell wakeup events....................:         0
Tile register average tag num....................:    145.29
  |--T...........................................:     48.56
  |--U...........................................:     48.40
  |--M...........................................:     48.33
  |--N...........................................:      0.00
  |--ACC.........................................:      0.00
  |--STK.........................................:      0.00
  |--DEP.........................................:      0.00
  |--MCALL_GPR...................................:      0.00
  |--MCALL_STK...................................:      0.00
Tile virtual average requested bytes (all threads): 156938.41
Tile virtual sum of per-hand peak requested bytes:    103936
Tile virtual simultaneous peak requested bytes (all threads):    355584
Tile physical simultaneous peak occupied bytes (all PEs):    130560
Tile physical simultaneous peak occupied cells (all PEs):      1020
  |--T virtual requested bytes...................:  30805.99
  |--T virtual peak requested bytes..............:     31488
  |--U virtual requested bytes...................:  75869.84
  |--U virtual peak requested bytes..............:     45824
  |--M virtual requested bytes...................:  50262.57
  |--M virtual peak requested bytes..............:     26624
  |--N virtual requested bytes...................:      0.00
  |--N virtual peak requested bytes..............:         0
  |--ACC virtual requested bytes.................:      0.00
  |--ACC virtual peak requested bytes............:         0
  |--STK virtual requested bytes.................:      0.00
  |--STK virtual peak requested bytes............:         0
  |--DEP virtual requested bytes.................:      0.00
  |--DEP virtual peak requested bytes............:         0
  |--MCALL_GPR virtual requested bytes...........:      0.00
  |--MCALL_GPR virtual peak requested bytes......:         0
  |--MCALL_STK virtual requested bytes...........:      0.00
  |--MCALL_STK virtual peak requested bytes......:         0
Tile register average occupied bytes (all threads):  31158.57
Tile register average utilization (%)............:    2.9715
  |--T occupied bytes............................:     31024   99.57%
  |--U occupied bytes............................:        43    0.14%
  |--M occupied bytes............................:        90    0.29%
  |--N occupied bytes............................:         0    0.00%
  |--ACC occupied bytes..........................:         0    0.00%
  |--STK occupied bytes..........................:         0    0.00%
  |--DEP occupied bytes..........................:         0    0.00%
  |--MCALL_GPR occupied bytes....................:         0    0.00%
  |--MCALL_STK occupied bytes....................:         0    0.00%
Tile physical configured hand size of T..........:     65536
  |-- physical peak utilization..................:     21504   32.81%
Tile physical configured hand size of U..........:     65536
  |-- physical peak utilization..................:      4608    7.03%
Tile physical configured hand size of M..........:     65536
  |-- physical peak utilization..................:      9728   14.84%
Tile physical configured hand size of N..........:     65536
  |-- physical peak utilization..................:         0    0.00%
STID0 TileReg average occupied bytes.............:   7778.73
STID0 TileReg average utilization (%)............:    2.9673
STID0 virtual Tile average requested bytes.......:  39216.63
STID0 virtual Tile peak requested bytes..........:     87296
STID0 physical Tile peak occupied bytes..........:     33152
STID1 TileReg average occupied bytes.............:   7793.28
STID1 TileReg average utilization (%)............:    2.9729
STID1 virtual Tile average requested bytes.......:  39239.18
STID1 virtual Tile peak requested bytes..........:     91648
STID1 physical Tile peak occupied bytes..........:     33408
STID2 TileReg average occupied bytes.............:   7803.07
STID2 TileReg average utilization (%)............:    2.9766
STID2 virtual Tile average requested bytes.......:  39258.18
STID2 virtual Tile peak requested bytes..........:     91904
STID2 physical Tile peak occupied bytes..........:     34048
STID3 TileReg average occupied bytes.............:   7783.49
STID3 TileReg average utilization (%)............:    2.9692
STID3 virtual Tile average requested bytes.......:  39224.42
STID3 virtual Tile peak requested bytes..........:     89344
STID3 physical Tile peak occupied bytes..........:     31360
Tile size-class allocator enabled................:         1
Tile allocator unit size(B)......................:       128
Tile allocator requests..........................:       824
Tile allocator failures..........................:         0
Tile allocator successful requested units........:      5552
Tile allocator granted units.....................:      5552
Tile allocator class waste units.................:         0
Tile allocator split events......................:       580
Tile allocator merge events......................:       609
Tile allocator sum of per-thread peak(B).........:    131968
==============Block Control Stall Stats Total===============
BRob Full Stall..................................:         0
RENAME Stall.....................................:         0
Block Rename Get Stall...........................:         0
Block Rename Set Stall...........................:         0
BIsq Full Stall .................................:         0
TileReg Full Stall ..............................:         0
============Block Control Stall Stats SThread 0=============
BRob Full Stall..................................:         0
RENAME Stall.....................................:         0
Block Rename Get Stall...........................:         0
Block Rename Set Stall...........................:         0
BIsq Full Stall .................................:         0
TileReg Full Stall ..............................:         0
============Block Control Stall Stats SThread 1=============
BRob Full Stall..................................:         0
RENAME Stall.....................................:         0
Block Rename Get Stall...........................:         0
Block Rename Set Stall...........................:         0
BIsq Full Stall .................................:         0
TileReg Full Stall ..............................:         0
============Block Control Stall Stats SThread 2=============
BRob Full Stall..................................:         0
RENAME Stall.....................................:         0
Block Rename Get Stall...........................:         0
Block Rename Set Stall...........................:         0
BIsq Full Stall .................................:         0
TileReg Full Stall ..............................:         0
============Block Control Stall Stats SThread 3=============
BRob Full Stall..................................:         0
RENAME Stall.....................................:         0
Block Rename Get Stall...........................:         0
Block Rename Set Stall...........................:         0
BIsq Full Stall .................................:         0
TileReg Full Stall ..............................:         0
============CtlStack (BISQ park head, per-stid)=============
  CtlStackG_S0...................................:      2085
  CtlStackBIQFull_S0.............................:         0
  CtlStackPortBudget_S0..........................:         0
  CtlStackCellRename_S0..........................:         0
  CtlStackGroupGate_S0...........................:         0
  CtlStackTlsuBusy_S0............................:         0
  CtlStackPeCluster_S0...........................:         0
  CtlStackEmpty_S0...............................:   1257867
  CtlStackUnaccounted_S0.........................:         0
  CtlStackSyscallGate_S0.........................:         0
  CtlStackResidual_S0............................:         0
  CtlStackG_S1...................................:      2087
  CtlStackBIQFull_S1.............................:         0
  CtlStackPortBudget_S1..........................:         0
  CtlStackCellRename_S1..........................:         0
  CtlStackGroupGate_S1...........................:         0
  CtlStackTlsuBusy_S1............................:         0
  CtlStackPeCluster_S1...........................:         0
  CtlStackEmpty_S1...............................:   1257865
  CtlStackUnaccounted_S1.........................:         0
  CtlStackSyscallGate_S1.........................:         0
  CtlStackResidual_S1............................:         0
  CtlStackG_S2...................................:      2087
  CtlStackBIQFull_S2.............................:         0
  CtlStackPortBudget_S2..........................:         0
  CtlStackCellRename_S2..........................:         0
  CtlStackGroupGate_S2...........................:         0
  CtlStackTlsuBusy_S2............................:         0
  CtlStackPeCluster_S2...........................:         0
  CtlStackEmpty_S2...............................:   1257865
  CtlStackUnaccounted_S2.........................:         0
  CtlStackSyscallGate_S2.........................:         0
  CtlStackResidual_S2............................:         0
  CtlStackG_S3...................................:      2085
  CtlStackBIQFull_S3.............................:         0
  CtlStackPortBudget_S3..........................:         0
  CtlStackCellRename_S3..........................:         0
  CtlStackGroupGate_S3...........................:         0
  CtlStackTlsuBusy_S3............................:         0
  CtlStackPeCluster_S3...........................:         0
  CtlStackEmpty_S3...............................:   1257867
  CtlStackUnaccounted_S3.........................:         0
  CtlStackSyscallGate_S3.........................:         0
  CtlStackResidual_S3............................:         0
==============CtlStack2 (BIQ dispatch, per-IQ)==============
  CtlStack2G_CUBE................................:        96
  CtlStack2Empty_CUBE............................:   1254126
  CtlStack2ReadyWait_CUBE........................:      5730
  CtlStack2DispQFull_CUBE........................:         0
  CtlStack2Unaccounted_CUBE......................:         0
  CtlStack2Residual_CUBE.........................:         0
  CtlStack2G_VEC_PE0.............................:        91
  CtlStack2Empty_VEC_PE0.........................:   1253450
  CtlStack2ReadyWait_VEC_PE0.....................:      6411
  CtlStack2DispQFull_VEC_PE0.....................:         0
  CtlStack2Unaccounted_VEC_PE0...................:         0
  CtlStack2Residual_VEC_PE0......................:         0
  CtlStack2G_VEC_PE1.............................:        91
  CtlStack2Empty_VEC_PE1.........................:   1253340
  CtlStack2ReadyWait_VEC_PE1.....................:      6521
  CtlStack2DispQFull_VEC_PE1.....................:         0
  CtlStack2Unaccounted_VEC_PE1...................:         0
  CtlStack2Residual_VEC_PE1......................:         0
  CtlStack2G_VEC_PE2.............................:        91
  CtlStack2Empty_VEC_PE2.........................:   1252954
  CtlStack2ReadyWait_VEC_PE2.....................:      6907
  CtlStack2DispQFull_VEC_PE2.....................:         0
  CtlStack2Unaccounted_VEC_PE2...................:         0
  CtlStack2Residual_VEC_PE2......................:         0
  CtlStack2G_VEC_PE3.............................:        91
  CtlStack2Empty_VEC_PE3.........................:   1253352
  CtlStack2ReadyWait_VEC_PE3.....................:      6509
  CtlStack2DispQFull_VEC_PE3.....................:         0
  CtlStack2Unaccounted_VEC_PE3...................:         0
  CtlStack2Residual_VEC_PE3......................:         0
============TileCell lifetime by producer module============
  TileCell OccCellCycles_CUBE....................: 850300352
  TileCell FreedCells_CUBE.......................:       640
  TileCell AvgLifeCycles_CUBE....................:1328594.30
  TileCell MaxLifeCycles_CUBE....................:      1803
  TileCell OccCellCycles_VEC.....................:    653331
  TileCell FreedCells_VEC........................:      1276
  TileCell AvgLifeCycles_VEC.....................:    512.01
  TileCell MaxLifeCycles_VEC.....................:      1363
  TileCell OccCellCycles_TLSU....................:18446744073225957596
  TileCell FreedCells_TLSU.......................:      3252
  TileCell AvgLifeCycles_TLSU....................:5672430526822250.00
  TileCell MaxLifeCycles_TLSU....................:    314714
  TileCell OccCellCycles_Other...................:         0
  TileCell FreedCells_Other......................:         0
  TileCell AvgLifeCycles_Other...................:      0.00
  TileCell MaxLifeCycles_Other...................:         0
==========GmmaGenSpread (lockstep 4-PE divergence)==========
  GenCount (4-PE complete).......................:         0
  IssueSpreadMean................................:       N/A
  IssueSpreadMax.................................:         0
  CompleteSpreadMean.............................:       N/A
  CompleteSpreadMax..............................:         0
  CompleteSpreadBucket_le4.......................:         0
  CompleteSpreadBucket_5to16.....................:         0
  CompleteSpreadBucket_17to64....................:         0
  CompleteSpreadBucket_gt64......................:         0
  FirstDivergenceGen (completeSpread>8)..........:         0
  FirstDivergenceCycle...........................:         0
  FirstDivergenceSpread..........................:         0
=====Block Control Detail Stats(Flush Statistics) Total=====
intra-block ld-st conflict.......................:         0
inter-block ld-st conflict.......................:         0
intra-block misp.................................:         0
inter-block misp.................................:      2657
===Block Control Detail Stats(Flush Statistics) SThread 0===
intra-block ld-st conflict.......................:         0
inter-block ld-st conflict.......................:         0
intra-block misp.................................:         0
inter-block misp.................................:      2402
===Block Control Detail Stats(Flush Statistics) SThread 1===
intra-block ld-st conflict.......................:         0
inter-block ld-st conflict.......................:         0
intra-block misp.................................:         0
inter-block misp.................................:        87
===Block Control Detail Stats(Flush Statistics) SThread 2===
intra-block ld-st conflict.......................:         0
inter-block ld-st conflict.......................:         0
intra-block misp.................................:         0
inter-block misp.................................:        84
===Block Control Detail Stats(Flush Statistics) SThread 3===
intra-block ld-st conflict.......................:         0
inter-block ld-st conflict.......................:         0
intra-block misp.................................:         0
inter-block misp.................................:        84
=====================SPE OOO&IEX stats======================
decode inst bubble...............................:   5367482
average decode bundle............................:      0.00
Thread0 Pick Cnt.................................:   1044684
Thread1 Pick Cnt.................................:   1150741
Thread2 Pick Cnt.................................:   1258054
Thread3 Pick Cnt.................................:   1258111
Thread0 rob stall cnt............................:     53980
Thread1 rob stall cnt............................:    132027
Thread2 rob stall cnt............................:       649
Thread3 rob stall cnt............................:       515
decode pe rob stall..............................:         0
decode local gpr stall...........................:         0
inst buffer stall................................:         0
predicate reg stall..............................:         0
vector reg ptag stall............................:         0
vector local scalar reg stall....................:         0
retired ld inst..................................:    680011
retired st inst..................................:     52351
retired scalar inst..............................:   4677599
retired vector inst..............................:         0
retired div/sqrt inst............................:       512
MAPQ lg0 stall...................................:       635
MAPQ lg1 stall...................................:       390
MAPQ lg2 stall...................................:      1678
MAPQ lg3 stall...................................:        35
ROB lg0 stall....................................:     53980
ROB lg1 stall....................................:    132027
ROB lg2 stall....................................:       649
ROB lg3 stall....................................:       515
Thread0 decode cycle.............................:    309649
Thread1 decode cycle.............................:    316995
Thread2 decode cycle.............................:    316518
Thread3 decode cycle.............................:    316582
Thread0 alloc cycle..............................:    255477
Thread1 alloc cycle..............................:    184825
Thread2 alloc cycle..............................:    314165
Thread3 alloc cycle..............................:    314291
Thread0 rename cycle.............................:    255221
Thread1 rename cycle.............................:    184539
Thread2 rename cycle.............................:    313916
Thread3 rename cycle.............................:    313986
Thread0 d2_s1 dispatch cnt.......................:    239739
Thread1 d2_s1 dispatch cnt.......................:    103231
Thread2 d2_s1 dispatch cnt.......................:    250191
Thread3 d2_s1 dispatch cnt.......................:    311586
Thread0 slots_total..............................:   2477192
Thread1 slots_total..............................:   2535960
Thread2 slots_total..............................:   2532144
Thread3 slots_total..............................:   2532656
Thread0 slots_rob_allocated......................:   1044684
Thread1 slots_rob_allocated......................:   1150741
Thread2 slots_rob_allocated......................:   1258054
Thread3 slots_rob_allocated......................:   1258111
Thread0 slots_fe_bubble..........................:   1432508
Thread1 slots_fe_bubble..........................:   1385219
Thread2 slots_fe_bubble..........................:   1274090
Thread3 slots_fe_bubble..........................:   1274545
Thread0 slots_idle...............................:         0
Thread1 slots_idle...............................:         0
Thread2 slots_idle...............................:         0
Thread3 slots_idle...............................:         0
Thread0 robStall.................................:    431840
Thread1 robStall.................................:   1056216
Thread2 robStall.................................:      5192
Thread3 robStall.................................:      4120
Thread0 retired_load.............................:    129458
Thread1 retired_load.............................:    169186
Thread2 retired_load.............................:    190687
Thread3 retired_load.............................:    190680
Thread0 retired_store............................:     19621
Thread1 retired_store............................:     10910
Thread2 retired_store............................:     10910
Thread3 retired_store............................:     10910
Thread0 retired_innerJump........................:         0
Thread1 retired_innerJump........................:         0
Thread2 retired_innerJump........................:         0
Thread3 retired_innerJump........................:         0
Thread0 retiredAluInst...........................:    867491
Thread1 retiredAluInst...........................:    968591
Thread2 retiredAluInst...........................:   1054588
Thread3 retiredAluInst...........................:   1054567
Thread0 retiredSAluInst..........................:    867491
Thread1 retiredSAluInst..........................:    968591
Thread2 retiredSAluInst..........................:   1054588
Thread3 retiredSAluInst..........................:   1054567
Thread0 retiredVAluInst..........................:         0
Thread1 retiredVAluInst..........................:         0
Thread2 retiredVAluInst..........................:         0
Thread3 retiredVAluInst..........................:         0
Thread0 retiredScalar............................:   1016570
Thread1 retiredScalar............................:   1148687
Thread2 retiredScalar............................:   1256185
Thread3 retiredScalar............................:   1256157
Thread0 retiredVector............................:         0
Thread1 retiredVector............................:         0
Thread2 retiredVector............................:         0
Thread3 retiredVector............................:         0
Thread0 retiredDivSqrt...........................:       512
Thread1 retiredDivSqrt...........................:         0
Thread2 retiredDivSqrt...........................:         0
Thread3 retiredDivSqrt...........................:         0
====================Vector PMU Stats PE0====================
PEId.............................................:         0
TileopNum........................................:        91
TCMPPackedTileNum................................:         0
TCMPFragmentExpected.............................:         0
TCMPFragmentCompleted............................:         0
TCMPFragmentCanceled.............................:         0
TCMPPackedCellWrites.............................:         0
TCMPPackWriteWaitCycles..........................:         0
TCMPFlushedTileNum...............................:         0
UopNum...........................................:       271
SplitCellCountMismatch...........................:         0
SplitPartialCellUopCount.........................:         0
SplitUopAvgPayloadBytes..........................:       N/A
UopQDispatch_INT.................................:         1
UopQReadyBypass_INT..............................:         0
UopQDispatchSrcBufFullCycles_INT.................:         0
UopQDispatchSrcBufFullBlockedCycles_INT..........:         0
VecSrcCellNotReadyCycles_INT.....................:        90
SharedReadPortWaitCycles_INT.....................:         0
UopQDispatch_FMA.................................:         0
UopQReadyBypass_FMA..............................:         0
UopQDispatchSrcBufFullCycles_FMA.................:         0
UopQDispatchSrcBufFullBlockedCycles_FMA..........:         0
VecSrcCellNotReadyCycles_FMA.....................:        92
SharedReadPortWaitCycles_FMA.....................:         0
UopQDispatch_LNEXP...............................:         0
UopQReadyBypass_LNEXP............................:         0
UopQDispatchSrcBufFullCycles_LNEXP...............:         0
UopQDispatchSrcBufFullBlockedCycles_LNEXP........:         0
VecSrcCellNotReadyCycles_LNEXP...................:         0
SharedReadPortWaitCycles_LNEXP...................:         0
CellReadMergedUops...............................:         0
StaticUopsIssued.................................:       270
StaticBoardBlockCycles...........................:         0
StaticWritebacks.................................:       270
EarlyWakeupFired.................................:        74
StaticDynPipeBlockCycles.........................:         4
DynStaticChainBlockCycles........................:         0
ExpandTagHits_INT................................:         0
ExpandTagMisses_INT..............................:         0
ExpandBankFills_INT..............................:         0
ExpandTempFills_INT..............................:         0
ExpandEvicts_INT.................................:         0
ExpandTagHits_FMA................................:         0
ExpandTagMisses_FMA..............................:         0
ExpandBankFills_FMA..............................:         0
ExpandTempFills_FMA..............................:         0
ExpandEvicts_FMA.................................:         0
ExpandTagHits_LNEXP..............................:         0
ExpandTagMisses_LNEXP............................:         0
ExpandBankFills_LNEXP............................:         0
ExpandTempFills_LNEXP............................:         0
ExpandEvicts_LNEXP...............................:         0
ExpandFillDrops..................................:         0
ExpandReadStaleFallbacks cls0....................:         0
ExpandReadStaleFallbacks cls1....................:         0
ExpandReadStaleFallbacks cls2....................:         0
LeSharedPortBlockCycles..........................:         0
LeSrc1CarrySkips.................................:         0
=======Static Path Bank Access / Conflict Attribution=======
  StaticBankReads Bank[0]........................:        38
  StaticBankReads Bank[1]........................:        27
  StaticBankReads Bank[2]........................:        43
  StaticBankReads Bank[3]........................:        25
  StaticBankReads Bank[4]........................:        36
  StaticBankReads Bank[5]........................:        24
  StaticBankReads Bank[6]........................:        30
  StaticBankReads Bank[7]........................:        24
  StaticDetectReadBlocks Bank[0].................:         0
  StaticDetectReadBlocks Bank[1].................:         0
  StaticDetectReadBlocks Bank[2].................:         0
  StaticDetectReadBlocks Bank[3].................:         0
  StaticDetectReadBlocks Bank[4].................:         1
  StaticDetectReadBlocks Bank[5].................:         0
  StaticDetectReadBlocks Bank[6].................:         1
  StaticDetectReadBlocks Bank[7].................:         0
  StaticDetectWriteBlocks Bank[0]................:         0
  StaticDetectWriteBlocks Bank[1]................:         0
  StaticDetectWriteBlocks Bank[2]................:         0
  StaticDetectWriteBlocks Bank[3]................:         0
  StaticDetectWriteBlocks Bank[4]................:         0
  StaticDetectWriteBlocks Bank[5]................:         0
  StaticDetectWriteBlocks Bank[6]................:         0
  StaticDetectWriteBlocks Bank[7]................:         0
  StaticIntYieldBlocks Bank[0]...................:         0
  StaticIntYieldBlocks Bank[1]...................:         0
  StaticIntYieldBlocks Bank[2]...................:         0
  StaticIntYieldBlocks Bank[3]...................:         0
  StaticIntYieldBlocks Bank[4]...................:         0
  StaticIntYieldBlocks Bank[5]...................:         0
  StaticIntYieldBlocks Bank[6]...................:         0
  StaticIntYieldBlocks Bank[7]...................:         0
  StaticBoardOccSum Bank[0]......................:      1928
  StaticBoardOccSum Bank[1]......................:      1223
  StaticBoardOccSum Bank[2]......................:      1322
  StaticBoardOccSum Bank[3]......................:      1181
  StaticBoardOccSum Bank[4]......................:      1041
  StaticBoardOccSum Bank[5]......................:       912
  StaticBoardOccSum Bank[6]......................:      1077
  StaticBoardOccSum Bank[7]......................:       888
  StaticBoardOccColSum Col[0]....................:      1029
  StaticBoardOccColSum Col[1]....................:      1025
  StaticBoardOccColSum Col[2]....................:      1025
  StaticBoardOccColSum Col[3]....................:       793
  StaticBoardOccColSum Col[4]....................:       778
  StaticBoardOccColSum Col[5]....................:       778
  StaticBoardOccColSum Col[6]....................:       778
  StaticBoardOccColSum Col[7]....................:       778
  StaticBoardOccColSum Col[8]....................:       778
  StaticBoardOccColSum Col[9]....................:       778
  StaticBoardOccColSum Col[10]...................:       778
  StaticBoardOccColSum Col[11]...................:       254
  StaticBoardOccColSum Col[12]...................:         0
  StaticBoardOccColSum Col[13]...................:         0
  StaticBoardOccColSum Col[14]...................:         0
  StaticBoardOccColSum Col[15]...................:         0
VecAluAcceptCycles_FMA...........................:       137
VecAluAcceptCycles_INT...........................:       118
VecAluAcceptCycles_LNEXP.........................:        16
VecTripleIssueCycles.............................:         0
VecDualIssueCycles...............................:         0
VecSingleIssueCycles.............................:       271
VecIdleIssueCycles...............................:   1259681
CellReadMergeSaved...............................:         0
SrcBufBypassIssue................................:         0
SplitRawGateBlocked..............................:         0
SplitNoFreeSlotCycles............................:         0
IPC(UOP).........................................:  0.000215
RowExpandTileNum.................................:         0
RowReduceTileNum.................................:         0
RedTempMacroNum..................................:         0
HybridCountGatedTiles............................:         0
ReadNum..........................................:         0
CellReadAccessTotal..............................:       247
CellReadAccess_INT...............................:       109
CellReadAccess_FMA...............................:       138
CellReadAccess_LNEXP.............................:         0
ReadLat..........................................:      0.00
  |--LatLE5......................................:         0
  |--LatLE10.....................................:         0
  |--LatLE15.....................................:         0
  |--LatGT15.....................................:         0
WriteNum.........................................:        17
CellWriteAccessTotal.............................:       271
CellWriteAccess_INT..............................:       118
CellWriteAccess_FMA..............................:       137
CellWriteAccess_LNEXP............................:        16
TempForwardHits_INT..............................:         5
TempForwardHits_FMA..............................:        15
TempForwardHits_LNEXP............................:        16
TempForwardMisses_INT............................:       109
TempForwardMisses_FMA............................:       138
TempForwardMisses_LNEXP..........................:         0
ExpandTagHits_INT................................:         0
ExpandTagHits_FMA................................:         0
ExpandTagHits_LNEXP..............................:         0
ExpandTagMisses_INT..............................:         0
ExpandTagMisses_FMA..............................:         0
ExpandTagMisses_LNEXP............................:         0
ExpandBankFills_INT..............................:         0
ExpandBankFills_FMA..............................:         0
ExpandBankFills_LNEXP............................:         0
ExpandTempFills_INT..............................:         0
ExpandTempFills_FMA..............................:         0
ExpandTempFills_LNEXP............................:         0
ExpandEvicts_INT.................................:         0
ExpandEvicts_FMA.................................:         0
ExpandEvicts_LNEXP...............................:         0
LeSharedPortBlockCycles..........................:         0
WriteLat.........................................:      1.00
  |--LatLE5......................................:        17
  |--LatLE10.....................................:         0
  |--LatLE15.....................................:         0
  |--LatGT15.....................................:         0
AccountExpCellReads_INT..........................:       114
AccountExpCellReads_FMA..........................:       153
AccountExpCellReads_LNEXP........................:        16
AccountExpRedTempReads...........................:         0
AccountRedTempReads..............................:         0
AccountExpCellWrites_INT.........................:       118
AccountExpCellWrites_FMA.........................:       137
AccountExpCellWrites_LNEXP.......................:        16
AccountExpRedTempWrites..........................:         0
AccountExpReadsTotal.............................:       283
AccountActReadsTotal.............................:       283
AccountReadDelta.................................:      0.00
AccountExpWritesTotal............................:       271
AccountActWritesTotal............................:       271
AccountWriteDelta................................:      0.00
========================VecUtilStack========================
UtilStackW_INT...................................:       118
UtilStackO_INT...................................:         0
UtilStackA_INT...................................:         0
UtilStackD_INT...................................:         2
UtilStackI_INT...................................:         3
UtilStackS_INT...................................:   1259829
UtilStackUnaccounted_INT.........................:         0
UtilStackW_FMA...................................:       137
UtilStackO_FMA...................................:         2
UtilStackA_FMA...................................:         0
UtilStackD_FMA...................................:         0
UtilStackI_FMA...................................:         0
UtilStackS_FMA...................................:   1259813
UtilStackUnaccounted_FMA.........................:         0
UtilStackW_LNEXP.................................:        16
UtilStackO_LNEXP.................................:         0
UtilStackA_LNEXP.................................:        12
UtilStackD_LNEXP.................................:         0
UtilStackI_LNEXP.................................:         0
UtilStackS_LNEXP.................................:   1259924
UtilStackUnaccounted_LNEXP.......................:         0
UtilStackW_SHARED................................:         0
UtilStackO_SHARED................................:         0
UtilStackA_SHARED................................:         0
UtilStackD_SHARED................................:         0
UtilStackI_SHARED................................:         0
UtilStackS_SHARED................................:   1259952
UtilStackUnaccounted_SHARED......................:         0
UtilStackCycles..................................:   1259952
UtilStackVecBusy.................................:      1212
UtilStackVecExposed..............................:      1050
  UtilStackSub_O_DstWriteCfl_INT.................:         0
  UtilStackSub_O_BankCfl_INT.....................:         0
  UtilStackSub_O_SharedPort_INT..................:         0
  UtilStackSub_O_YieldFma_INT....................:         0
  UtilStackSub_O_LePort_INT......................:         0
  UtilStackSub_A_RedTempMacro_INT................:         0
  UtilStackSub_A_LeThrottle_INT..................:         0
  UtilStackSub_A_LeFifoFull_INT..................:         0
  UtilStackSub_A_IiCool_INT......................:         0
  UtilStackSub_A_DstbufFull_INT..................:         0
  UtilStackSub_A_PipeFull_INT....................:         0
  UtilStackSub_D_StaticSrc_INT...................:         0
  UtilStackSub_D_RedTempCount_INT................:         0
  UtilStackSub_D_DynSrcbuf_INT...................:         2
  UtilStackSubO_Reconcile_INT....................:      0.00
  UtilStackSubA_Reconcile_INT....................:      0.00
  UtilStackSubD_Reconcile_INT....................:      0.00
  UtilStackSub_O_DstWriteCfl_FMA.................:         0
  UtilStackSub_O_BankCfl_FMA.....................:         2
  UtilStackSub_O_SharedPort_FMA..................:         0
  UtilStackSub_O_YieldFma_FMA....................:         0
  UtilStackSub_O_LePort_FMA......................:         0
  UtilStackSub_A_RedTempMacro_FMA................:         0
  UtilStackSub_A_LeThrottle_FMA..................:         0
  UtilStackSub_A_LeFifoFull_FMA..................:         0
  UtilStackSub_A_IiCool_FMA......................:         0
  UtilStackSub_A_DstbufFull_FMA..................:         0
  UtilStackSub_A_PipeFull_FMA....................:         0
  UtilStackSub_D_StaticSrc_FMA...................:         0
  UtilStackSub_D_RedTempCount_FMA................:         0
  UtilStackSub_D_DynSrcbuf_FMA...................:         0
  UtilStackSubO_Reconcile_FMA....................:      0.00
  UtilStackSubA_Reconcile_FMA....................:      0.00
  UtilStackSubD_Reconcile_FMA....................:      0.00
  UtilStackSub_O_DstWriteCfl_LNEXP...............:         0
  UtilStackSub_O_BankCfl_LNEXP...................:         0
  UtilStackSub_O_SharedPort_LNEXP................:         0
  UtilStackSub_O_YieldFma_LNEXP..................:         0
  UtilStackSub_O_LePort_LNEXP....................:         0
  UtilStackSub_A_RedTempMacro_LNEXP..............:         0
  UtilStackSub_A_LeThrottle_LNEXP................:        12
  UtilStackSub_A_LeFifoFull_LNEXP................:         0
  UtilStackSub_A_IiCool_LNEXP....................:         0
  UtilStackSub_A_DstbufFull_LNEXP................:         0
  UtilStackSub_A_PipeFull_LNEXP..................:         0
  UtilStackSub_D_StaticSrc_LNEXP.................:         0
  UtilStackSub_D_RedTempCount_LNEXP..............:         0
  UtilStackSub_D_DynSrcbuf_LNEXP.................:         0
  UtilStackSubO_Reconcile_LNEXP..................:      0.00
  UtilStackSubA_Reconcile_LNEXP..................:      0.00
  UtilStackSubD_Reconcile_LNEXP..................:      0.00
  UtilStackSub_O_DstWriteCfl_SHARED..............:         0
  UtilStackSub_O_BankCfl_SHARED..................:         0
  UtilStackSub_O_SharedPort_SHARED...............:         0
  UtilStackSub_O_YieldFma_SHARED.................:         0
  UtilStackSub_O_LePort_SHARED...................:         0
  UtilStackSub_A_RedTempMacro_SHARED.............:         0
  UtilStackSub_A_LeThrottle_SHARED...............:         0
  UtilStackSub_A_LeFifoFull_SHARED...............:         0
  UtilStackSub_A_IiCool_SHARED...................:         0
  UtilStackSub_A_DstbufFull_SHARED...............:         0
  UtilStackSub_A_PipeFull_SHARED.................:         0
  UtilStackSub_D_StaticSrc_SHARED................:         0
  UtilStackSub_D_RedTempCount_SHARED.............:         0
  UtilStackSub_D_DynSrcbuf_SHARED................:         0
  UtilStackSubO_Reconcile_SHARED.................:      0.00
  UtilStackSubA_Reconcile_SHARED.................:      0.00
  UtilStackSubD_Reconcile_SHARED.................:      0.00
  UtilStackOBlocker_None_INT.....................:         0
  UtilStackOBlocker_FmaRead_INT..................:         0
  UtilStackOBlocker_IntRead_INT..................:         0
  UtilStackOBlocker_LeRead_INT...................:         0
  UtilStackOBlocker_FmaWrite_INT.................:         0
  UtilStackOBlocker_IntWrite_INT.................:         0
  UtilStackOBlocker_CubeRead_INT.................:         0
  UtilStackOBlocker_CubeWrite_INT................:         0
  UtilStackOBlocker_LeWrite_INT..................:         0
  UtilStackOBlocker_Reconcile_INT................:      0.00
  UtilStackOBlocker_None_FMA.....................:         0
  UtilStackOBlocker_FmaRead_FMA..................:         0
  UtilStackOBlocker_IntRead_FMA..................:         0
  UtilStackOBlocker_LeRead_FMA...................:         0
  UtilStackOBlocker_FmaWrite_FMA.................:         2
  UtilStackOBlocker_IntWrite_FMA.................:         0
  UtilStackOBlocker_CubeRead_FMA.................:         0
  UtilStackOBlocker_CubeWrite_FMA................:         0
  UtilStackOBlocker_LeWrite_FMA..................:         0
  UtilStackOBlocker_Reconcile_FMA................:      0.00
  UtilStackOBlocker_None_LNEXP...................:         0
  UtilStackOBlocker_FmaRead_LNEXP................:         0
  UtilStackOBlocker_IntRead_LNEXP................:         0
  UtilStackOBlocker_LeRead_LNEXP.................:         0
  UtilStackOBlocker_FmaWrite_LNEXP...............:         0
  UtilStackOBlocker_IntWrite_LNEXP...............:         0
  UtilStackOBlocker_CubeRead_LNEXP...............:         0
  UtilStackOBlocker_CubeWrite_LNEXP..............:         0
  UtilStackOBlocker_LeWrite_LNEXP................:         0
  UtilStackOBlocker_Reconcile_LNEXP..............:      0.00
  UtilStackOBlocker_None_SHARED..................:         0
  UtilStackOBlocker_FmaRead_SHARED...............:         0
  UtilStackOBlocker_IntRead_SHARED...............:         0
  UtilStackOBlocker_LeRead_SHARED................:         0
  UtilStackOBlocker_FmaWrite_SHARED..............:         0
  UtilStackOBlocker_IntWrite_SHARED..............:         0
  UtilStackOBlocker_CubeRead_SHARED..............:         0
  UtilStackOBlocker_CubeWrite_SHARED.............:         0
  UtilStackOBlocker_LeWrite_SHARED...............:         0
  UtilStackOBlocker_Reconcile_SHARED.............:      0.00
YieldFmaReadCycles...............................:         0
YieldFmaWriteCycles..............................:         0
UtilStackHideRatio...............................:      0.13
UtilStackHideRatioStrict.........................:      0.02
  UtilStackIssueCombo_None.......................:   1259681
  UtilStackIssueCombo_INT........................:       118
  UtilStackIssueCombo_FMA........................:       137
  UtilStackIssueCombo_INT+FMA....................:         0
  UtilStackIssueCombo_LE.........................:        16
  UtilStackIssueCombo_INT+LE.....................:         0
  UtilStackIssueCombo_FMA+LE.....................:         0
  UtilStackIssueCombo_INT+FMA+LE.................:         0
  UtilStackIssueCombo_SH.........................:         0
  UtilStackIssueCombo_INT+SH.....................:         0
  UtilStackIssueCombo_FMA+SH.....................:         0
  UtilStackIssueCombo_INT+FMA+SH.................:         0
  UtilStackIssueCombo_LE+SH......................:         0
  UtilStackIssueCombo_INT+LE+SH..................:         0
  UtilStackIssueCombo_FMA+LE+SH..................:         0
  UtilStackIssueCombo_INT+FMA+LE+SH..............:         0
  UtilStackIssueCombo_Reconcile..................:      0.00
  UtilStackIssueEvent_Reconcile..................:      0.00
UtilStackMultiIssueProb..........................:      0.00
UtilStackAvgIssueRate............................:      0.00
UtilStackIssueWidthUtil..........................:      0.00
====================Vector PMU Stats PE1====================
PEId.............................................:         1
TileopNum........................................:        91
TCMPPackedTileNum................................:         0
TCMPFragmentExpected.............................:         0
TCMPFragmentCompleted............................:         0
TCMPFragmentCanceled.............................:         0
TCMPPackedCellWrites.............................:         0
TCMPPackWriteWaitCycles..........................:         0
TCMPFlushedTileNum...............................:         0
UopNum...........................................:       271
SplitCellCountMismatch...........................:         0
SplitPartialCellUopCount.........................:         0
SplitUopAvgPayloadBytes..........................:       N/A
UopQDispatch_INT.................................:         1
UopQReadyBypass_INT..............................:         0
UopQDispatchSrcBufFullCycles_INT.................:         0
UopQDispatchSrcBufFullBlockedCycles_INT..........:         0
VecSrcCellNotReadyCycles_INT.....................:        94
SharedReadPortWaitCycles_INT.....................:         0
UopQDispatch_FMA.................................:         0
UopQReadyBypass_FMA..............................:         0
UopQDispatchSrcBufFullCycles_FMA.................:         0
UopQDispatchSrcBufFullBlockedCycles_FMA..........:         0
VecSrcCellNotReadyCycles_FMA.....................:        93
SharedReadPortWaitCycles_FMA.....................:         0
UopQDispatch_LNEXP...............................:         0
UopQReadyBypass_LNEXP............................:         0
UopQDispatchSrcBufFullCycles_LNEXP...............:         0
UopQDispatchSrcBufFullBlockedCycles_LNEXP........:         0
VecSrcCellNotReadyCycles_LNEXP...................:         0
SharedReadPortWaitCycles_LNEXP...................:         0
CellReadMergedUops...............................:         0
StaticUopsIssued.................................:       270
StaticBoardBlockCycles...........................:         4
StaticWritebacks.................................:       270
EarlyWakeupFired.................................:        74
StaticDynPipeBlockCycles.........................:         4
DynStaticChainBlockCycles........................:         0
ExpandTagHits_INT................................:         0
ExpandTagMisses_INT..............................:         0
ExpandBankFills_INT..............................:         0
ExpandTempFills_INT..............................:         0
ExpandEvicts_INT.................................:         0
ExpandTagHits_FMA................................:         0
ExpandTagMisses_FMA..............................:         0
ExpandBankFills_FMA..............................:         0
ExpandTempFills_FMA..............................:         0
ExpandEvicts_FMA.................................:         0
ExpandTagHits_LNEXP..............................:         0
ExpandTagMisses_LNEXP............................:         0
ExpandBankFills_LNEXP............................:         0
ExpandTempFills_LNEXP............................:         0
ExpandEvicts_LNEXP...............................:         0
ExpandFillDrops..................................:         0
ExpandReadStaleFallbacks cls0....................:         0
ExpandReadStaleFallbacks cls1....................:         0
ExpandReadStaleFallbacks cls2....................:         0
LeSharedPortBlockCycles..........................:         0
LeSrc1CarrySkips.................................:         0
=======Static Path Bank Access / Conflict Attribution=======
  StaticBankReads Bank[0]........................:        34
  StaticBankReads Bank[1]........................:        27
  StaticBankReads Bank[2]........................:        44
  StaticBankReads Bank[3]........................:        24
  StaticBankReads Bank[4]........................:        31
  StaticBankReads Bank[5]........................:        26
  StaticBankReads Bank[6]........................:        30
  StaticBankReads Bank[7]........................:        24
  StaticDetectReadBlocks Bank[0].................:         3
  StaticDetectReadBlocks Bank[1].................:         1
  StaticDetectReadBlocks Bank[2].................:         2
  StaticDetectReadBlocks Bank[3].................:         0
  StaticDetectReadBlocks Bank[4].................:         1
  StaticDetectReadBlocks Bank[5].................:         0
  StaticDetectReadBlocks Bank[6].................:         3
  StaticDetectReadBlocks Bank[7].................:         3
  StaticDetectWriteBlocks Bank[0]................:         0
  StaticDetectWriteBlocks Bank[1]................:         0
  StaticDetectWriteBlocks Bank[2]................:         0
  StaticDetectWriteBlocks Bank[3]................:         0
  StaticDetectWriteBlocks Bank[4]................:         0
  StaticDetectWriteBlocks Bank[5]................:         0
  StaticDetectWriteBlocks Bank[6]................:         0
  StaticDetectWriteBlocks Bank[7]................:         0
  StaticIntYieldBlocks Bank[0]...................:         0
  StaticIntYieldBlocks Bank[1]...................:         0
  StaticIntYieldBlocks Bank[2]...................:         0
  StaticIntYieldBlocks Bank[3]...................:         0
  StaticIntYieldBlocks Bank[4]...................:         0
  StaticIntYieldBlocks Bank[5]...................:         0
  StaticIntYieldBlocks Bank[6]...................:         0
  StaticIntYieldBlocks Bank[7]...................:         0
  StaticBoardOccSum Bank[0]......................:      1939
  StaticBoardOccSum Bank[1]......................:      1221
  StaticBoardOccSum Bank[2]......................:      1334
  StaticBoardOccSum Bank[3]......................:      1200
  StaticBoardOccSum Bank[4]......................:      1033
  StaticBoardOccSum Bank[5]......................:       942
  StaticBoardOccSum Bank[6]......................:      1016
  StaticBoardOccSum Bank[7]......................:       888
  StaticBoardOccColSum Col[0]....................:      1021
  StaticBoardOccColSum Col[1]....................:      1021
  StaticBoardOccColSum Col[2]....................:      1021
  StaticBoardOccColSum Col[3]....................:       789
  StaticBoardOccColSum Col[4]....................:       781
  StaticBoardOccColSum Col[5]....................:       781
  StaticBoardOccColSum Col[6]....................:       781
  StaticBoardOccColSum Col[7]....................:       781
  StaticBoardOccColSum Col[8]....................:       781
  StaticBoardOccColSum Col[9]....................:       781
  StaticBoardOccColSum Col[10]...................:       781
  StaticBoardOccColSum Col[11]...................:       254
  StaticBoardOccColSum Col[12]...................:         0
  StaticBoardOccColSum Col[13]...................:         0
  StaticBoardOccColSum Col[14]...................:         0
  StaticBoardOccColSum Col[15]...................:         0
VecAluAcceptCycles_FMA...........................:       137
VecAluAcceptCycles_INT...........................:       118
VecAluAcceptCycles_LNEXP.........................:        16
VecTripleIssueCycles.............................:         0
VecDualIssueCycles...............................:        14
VecSingleIssueCycles.............................:       243
VecIdleIssueCycles...............................:   1259695
CellReadMergeSaved...............................:         0
SrcBufBypassIssue................................:         0
SplitRawGateBlocked..............................:         0
SplitNoFreeSlotCycles............................:         0
IPC(UOP).........................................:  0.000215
RowExpandTileNum.................................:         0
RowReduceTileNum.................................:         0
RedTempMacroNum..................................:         0
HybridCountGatedTiles............................:         0
ReadNum..........................................:         0
CellReadAccessTotal..............................:       240
CellReadAccess_INT...............................:       111
CellReadAccess_FMA...............................:       129
CellReadAccess_LNEXP.............................:         0
ReadLat..........................................:      0.00
  |--LatLE5......................................:         0
  |--LatLE10.....................................:         0
  |--LatLE15.....................................:         0
  |--LatGT15.....................................:         0
WriteNum.........................................:        17
CellWriteAccessTotal.............................:       271
CellWriteAccess_INT..............................:       118
CellWriteAccess_FMA..............................:       137
CellWriteAccess_LNEXP............................:        16
TempForwardHits_INT..............................:         3
TempForwardHits_FMA..............................:        24
TempForwardHits_LNEXP............................:        16
TempForwardMisses_INT............................:       111
TempForwardMisses_FMA............................:       129
TempForwardMisses_LNEXP..........................:         0
ExpandTagHits_INT................................:         0
ExpandTagHits_FMA................................:         0
ExpandTagHits_LNEXP..............................:         0
ExpandTagMisses_INT..............................:         0
ExpandTagMisses_FMA..............................:         0
ExpandTagMisses_LNEXP............................:         0
ExpandBankFills_INT..............................:         0
ExpandBankFills_FMA..............................:         0
ExpandBankFills_LNEXP............................:         0
ExpandTempFills_INT..............................:         0
ExpandTempFills_FMA..............................:         0
ExpandTempFills_LNEXP............................:         0
ExpandEvicts_INT.................................:         0
ExpandEvicts_FMA.................................:         0
ExpandEvicts_LNEXP...............................:         0
LeSharedPortBlockCycles..........................:         0
WriteLat.........................................:      1.00
  |--LatLE5......................................:        17
  |--LatLE10.....................................:         0
  |--LatLE15.....................................:         0
  |--LatGT15.....................................:         0
AccountExpCellReads_INT..........................:       114
AccountExpCellReads_FMA..........................:       153
AccountExpCellReads_LNEXP........................:        16
AccountExpRedTempReads...........................:         0
AccountRedTempReads..............................:         0
AccountExpCellWrites_INT.........................:       118
AccountExpCellWrites_FMA.........................:       137
AccountExpCellWrites_LNEXP.......................:        16
AccountExpRedTempWrites..........................:         0
AccountExpReadsTotal.............................:       283
AccountActReadsTotal.............................:       283
AccountReadDelta.................................:      0.00
AccountExpWritesTotal............................:       271
AccountActWritesTotal............................:       271
AccountWriteDelta................................:      0.00
========================VecUtilStack========================
UtilStackW_INT...................................:       118
UtilStackO_INT...................................:         3
UtilStackA_INT...................................:         0
UtilStackD_INT...................................:         2
UtilStackI_INT...................................:         3
UtilStackS_INT...................................:   1259826
UtilStackUnaccounted_INT.........................:         0
UtilStackW_FMA...................................:       137
UtilStackO_FMA...................................:         3
UtilStackA_FMA...................................:         0
UtilStackD_FMA...................................:         0
UtilStackI_FMA...................................:         0
UtilStackS_FMA...................................:   1259812
UtilStackUnaccounted_FMA.........................:         0
UtilStackW_LNEXP.................................:        16
UtilStackO_LNEXP.................................:         0
UtilStackA_LNEXP.................................:        11
UtilStackD_LNEXP.................................:         0
UtilStackI_LNEXP.................................:         0
UtilStackS_LNEXP.................................:   1259925
UtilStackUnaccounted_LNEXP.......................:         0
UtilStackW_SHARED................................:         0
UtilStackO_SHARED................................:         0
UtilStackA_SHARED................................:         0
UtilStackD_SHARED................................:         0
UtilStackI_SHARED................................:         0
UtilStackS_SHARED................................:   1259952
UtilStackUnaccounted_SHARED......................:         0
UtilStackCycles..................................:   1259952
UtilStackVecBusy.................................:      1164
UtilStackVecExposed..............................:       896
  UtilStackSub_O_DstWriteCfl_INT.................:         0
  UtilStackSub_O_BankCfl_INT.....................:         3
  UtilStackSub_O_SharedPort_INT..................:         0
  UtilStackSub_O_YieldFma_INT....................:         0
  UtilStackSub_O_LePort_INT......................:         0
  UtilStackSub_A_RedTempMacro_INT................:         0
  UtilStackSub_A_LeThrottle_INT..................:         0
  UtilStackSub_A_LeFifoFull_INT..................:         0
  UtilStackSub_A_IiCool_INT......................:         0
  UtilStackSub_A_DstbufFull_INT..................:         0
  UtilStackSub_A_PipeFull_INT....................:         0
  UtilStackSub_D_StaticSrc_INT...................:         0
  UtilStackSub_D_RedTempCount_INT................:         0
  UtilStackSub_D_DynSrcbuf_INT...................:         2
  UtilStackSubO_Reconcile_INT....................:      0.00
  UtilStackSubA_Reconcile_INT....................:      0.00
  UtilStackSubD_Reconcile_INT....................:      0.00
  UtilStackSub_O_DstWriteCfl_FMA.................:         0
  UtilStackSub_O_BankCfl_FMA.....................:         3
  UtilStackSub_O_SharedPort_FMA..................:         0
  UtilStackSub_O_YieldFma_FMA....................:         0
  UtilStackSub_O_LePort_FMA......................:         0
  UtilStackSub_A_RedTempMacro_FMA................:         0
  UtilStackSub_A_LeThrottle_FMA..................:         0
  UtilStackSub_A_LeFifoFull_FMA..................:         0
  UtilStackSub_A_IiCool_FMA......................:         0
  UtilStackSub_A_DstbufFull_FMA..................:         0
  UtilStackSub_A_PipeFull_FMA....................:         0
  UtilStackSub_D_StaticSrc_FMA...................:         0
  UtilStackSub_D_RedTempCount_FMA................:         0
  UtilStackSub_D_DynSrcbuf_FMA...................:         0
  UtilStackSubO_Reconcile_FMA....................:      0.00
  UtilStackSubA_Reconcile_FMA....................:      0.00
  UtilStackSubD_Reconcile_FMA....................:      0.00
  UtilStackSub_O_DstWriteCfl_LNEXP...............:         0
  UtilStackSub_O_BankCfl_LNEXP...................:         0
  UtilStackSub_O_SharedPort_LNEXP................:         0
  UtilStackSub_O_YieldFma_LNEXP..................:         0
  UtilStackSub_O_LePort_LNEXP....................:         0
  UtilStackSub_A_RedTempMacro_LNEXP..............:         0
  UtilStackSub_A_LeThrottle_LNEXP................:        11
  UtilStackSub_A_LeFifoFull_LNEXP................:         0
  UtilStackSub_A_IiCool_LNEXP....................:         0
  UtilStackSub_A_DstbufFull_LNEXP................:         0
  UtilStackSub_A_PipeFull_LNEXP..................:         0
  UtilStackSub_D_StaticSrc_LNEXP.................:         0
  UtilStackSub_D_RedTempCount_LNEXP..............:         0
  UtilStackSub_D_DynSrcbuf_LNEXP.................:         0
  UtilStackSubO_Reconcile_LNEXP..................:      0.00
  UtilStackSubA_Reconcile_LNEXP..................:      0.00
  UtilStackSubD_Reconcile_LNEXP..................:      0.00
  UtilStackSub_O_DstWriteCfl_SHARED..............:         0
  UtilStackSub_O_BankCfl_SHARED..................:         0
  UtilStackSub_O_SharedPort_SHARED...............:         0
  UtilStackSub_O_YieldFma_SHARED.................:         0
  UtilStackSub_O_LePort_SHARED...................:         0
  UtilStackSub_A_RedTempMacro_SHARED.............:         0
  UtilStackSub_A_LeThrottle_SHARED...............:         0
  UtilStackSub_A_LeFifoFull_SHARED...............:         0
  UtilStackSub_A_IiCool_SHARED...................:         0
  UtilStackSub_A_DstbufFull_SHARED...............:         0
  UtilStackSub_A_PipeFull_SHARED.................:         0
  UtilStackSub_D_StaticSrc_SHARED................:         0
  UtilStackSub_D_RedTempCount_SHARED.............:         0
  UtilStackSub_D_DynSrcbuf_SHARED................:         0
  UtilStackSubO_Reconcile_SHARED.................:      0.00
  UtilStackSubA_Reconcile_SHARED.................:      0.00
  UtilStackSubD_Reconcile_SHARED.................:      0.00
  UtilStackOBlocker_None_INT.....................:         0
  UtilStackOBlocker_FmaRead_INT..................:         1
  UtilStackOBlocker_IntRead_INT..................:         0
  UtilStackOBlocker_LeRead_INT...................:         0
  UtilStackOBlocker_FmaWrite_INT.................:         1
  UtilStackOBlocker_IntWrite_INT.................:         1
  UtilStackOBlocker_CubeRead_INT.................:         0
  UtilStackOBlocker_CubeWrite_INT................:         0
  UtilStackOBlocker_LeWrite_INT..................:         0
  UtilStackOBlocker_Reconcile_INT................:      0.00
  UtilStackOBlocker_None_FMA.....................:         0
  UtilStackOBlocker_FmaRead_FMA..................:         0
  UtilStackOBlocker_IntRead_FMA..................:         0
  UtilStackOBlocker_LeRead_FMA...................:         0
  UtilStackOBlocker_FmaWrite_FMA.................:         3
  UtilStackOBlocker_IntWrite_FMA.................:         0
  UtilStackOBlocker_CubeRead_FMA.................:         0
  UtilStackOBlocker_CubeWrite_FMA................:         0
  UtilStackOBlocker_LeWrite_FMA..................:         0
  UtilStackOBlocker_Reconcile_FMA................:      0.00
  UtilStackOBlocker_None_LNEXP...................:         0
  UtilStackOBlocker_FmaRead_LNEXP................:         0
  UtilStackOBlocker_IntRead_LNEXP................:         0
  UtilStackOBlocker_LeRead_LNEXP.................:         0
  UtilStackOBlocker_FmaWrite_LNEXP...............:         0
  UtilStackOBlocker_IntWrite_LNEXP...............:         0
  UtilStackOBlocker_CubeRead_LNEXP...............:         0
  UtilStackOBlocker_CubeWrite_LNEXP..............:         0
  UtilStackOBlocker_LeWrite_LNEXP................:         0
  UtilStackOBlocker_Reconcile_LNEXP..............:      0.00
  UtilStackOBlocker_None_SHARED..................:         0
  UtilStackOBlocker_FmaRead_SHARED...............:         0
  UtilStackOBlocker_IntRead_SHARED...............:         0
  UtilStackOBlocker_LeRead_SHARED................:         0
  UtilStackOBlocker_FmaWrite_SHARED..............:         0
  UtilStackOBlocker_IntWrite_SHARED..............:         0
  UtilStackOBlocker_CubeRead_SHARED..............:         0
  UtilStackOBlocker_CubeWrite_SHARED.............:         0
  UtilStackOBlocker_LeWrite_SHARED...............:         0
  UtilStackOBlocker_Reconcile_SHARED.............:      0.00
YieldFmaReadCycles...............................:         0
YieldFmaWriteCycles..............................:         0
UtilStackHideRatio...............................:      0.23
UtilStackHideRatioStrict.........................:      0.06
  UtilStackIssueCombo_None.......................:   1259695
  UtilStackIssueCombo_INT........................:       104
  UtilStackIssueCombo_FMA........................:       123
  UtilStackIssueCombo_INT+FMA....................:        14
  UtilStackIssueCombo_LE.........................:        16
  UtilStackIssueCombo_INT+LE.....................:         0
  UtilStackIssueCombo_FMA+LE.....................:         0
  UtilStackIssueCombo_INT+FMA+LE.................:         0
  UtilStackIssueCombo_SH.........................:         0
  UtilStackIssueCombo_INT+SH.....................:         0
  UtilStackIssueCombo_FMA+SH.....................:         0
  UtilStackIssueCombo_INT+FMA+SH.................:         0
  UtilStackIssueCombo_LE+SH......................:         0
  UtilStackIssueCombo_INT+LE+SH..................:         0
  UtilStackIssueCombo_FMA+LE+SH..................:         0
  UtilStackIssueCombo_INT+FMA+LE+SH..............:         0
  UtilStackIssueCombo_Reconcile..................:      0.00
  UtilStackIssueEvent_Reconcile..................:      0.00
UtilStackMultiIssueProb..........................:      0.05
UtilStackAvgIssueRate............................:      0.00
UtilStackIssueWidthUtil..........................:      0.00
====================Vector PMU Stats PE2====================
PEId.............................................:         2
TileopNum........................................:        91
TCMPPackedTileNum................................:         0
TCMPFragmentExpected.............................:         0
TCMPFragmentCompleted............................:         0
TCMPFragmentCanceled.............................:         0
TCMPPackedCellWrites.............................:         0
TCMPPackWriteWaitCycles..........................:         0
TCMPFlushedTileNum...............................:         0
UopNum...........................................:       271
SplitCellCountMismatch...........................:         0
SplitPartialCellUopCount.........................:         0
SplitUopAvgPayloadBytes..........................:       N/A
UopQDispatch_INT.................................:         1
UopQReadyBypass_INT..............................:         0
UopQDispatchSrcBufFullCycles_INT.................:         0
UopQDispatchSrcBufFullBlockedCycles_INT..........:         0
VecSrcCellNotReadyCycles_INT.....................:        96
SharedReadPortWaitCycles_INT.....................:         0
UopQDispatch_FMA.................................:         0
UopQReadyBypass_FMA..............................:         0
UopQDispatchSrcBufFullCycles_FMA.................:         0
UopQDispatchSrcBufFullBlockedCycles_FMA..........:         0
VecSrcCellNotReadyCycles_FMA.....................:        92
SharedReadPortWaitCycles_FMA.....................:         0
UopQDispatch_LNEXP...............................:         0
UopQReadyBypass_LNEXP............................:         0
UopQDispatchSrcBufFullCycles_LNEXP...............:         0
UopQDispatchSrcBufFullBlockedCycles_LNEXP........:         0
VecSrcCellNotReadyCycles_LNEXP...................:         0
SharedReadPortWaitCycles_LNEXP...................:         0
CellReadMergedUops...............................:         0
StaticUopsIssued.................................:       270
StaticBoardBlockCycles...........................:         1
StaticWritebacks.................................:       270
EarlyWakeupFired.................................:        74
StaticDynPipeBlockCycles.........................:         4
DynStaticChainBlockCycles........................:         0
ExpandTagHits_INT................................:         0
ExpandTagMisses_INT..............................:         0
ExpandBankFills_INT..............................:         0
ExpandTempFills_INT..............................:         0
ExpandEvicts_INT.................................:         0
ExpandTagHits_FMA................................:         0
ExpandTagMisses_FMA..............................:         0
ExpandBankFills_FMA..............................:         0
ExpandTempFills_FMA..............................:         0
ExpandEvicts_FMA.................................:         0
ExpandTagHits_LNEXP..............................:         0
ExpandTagMisses_LNEXP............................:         0
ExpandBankFills_LNEXP............................:         0
ExpandTempFills_LNEXP............................:         0
ExpandEvicts_LNEXP...............................:         0
ExpandFillDrops..................................:         0
ExpandReadStaleFallbacks cls0....................:         0
ExpandReadStaleFallbacks cls1....................:         0
ExpandReadStaleFallbacks cls2....................:         0
LeSharedPortBlockCycles..........................:         0
LeSrc1CarrySkips.................................:         0
=======Static Path Bank Access / Conflict Attribution=======
  StaticBankReads Bank[0]........................:        40
  StaticBankReads Bank[1]........................:        26
  StaticBankReads Bank[2]........................:        37
  StaticBankReads Bank[3]........................:        26
  StaticBankReads Bank[4]........................:        36
  StaticBankReads Bank[5]........................:        24
  StaticBankReads Bank[6]........................:        32
  StaticBankReads Bank[7]........................:        24
  StaticDetectReadBlocks Bank[0].................:         2
  StaticDetectReadBlocks Bank[1].................:         1
  StaticDetectReadBlocks Bank[2].................:         1
  StaticDetectReadBlocks Bank[3].................:         1
  StaticDetectReadBlocks Bank[4].................:         1
  StaticDetectReadBlocks Bank[5].................:         1
  StaticDetectReadBlocks Bank[6].................:         2
  StaticDetectReadBlocks Bank[7].................:         2
  StaticDetectWriteBlocks Bank[0]................:         0
  StaticDetectWriteBlocks Bank[1]................:         0
  StaticDetectWriteBlocks Bank[2]................:         0
  StaticDetectWriteBlocks Bank[3]................:         0
  StaticDetectWriteBlocks Bank[4]................:         0
  StaticDetectWriteBlocks Bank[5]................:         0
  StaticDetectWriteBlocks Bank[6]................:         0
  StaticDetectWriteBlocks Bank[7]................:         0
  StaticIntYieldBlocks Bank[0]...................:         0
  StaticIntYieldBlocks Bank[1]...................:         0
  StaticIntYieldBlocks Bank[2]...................:         0
  StaticIntYieldBlocks Bank[3]...................:         0
  StaticIntYieldBlocks Bank[4]...................:         0
  StaticIntYieldBlocks Bank[5]...................:         0
  StaticIntYieldBlocks Bank[6]...................:         0
  StaticIntYieldBlocks Bank[7]...................:         0
  StaticBoardOccSum Bank[0]......................:      1865
  StaticBoardOccSum Bank[1]......................:      1231
  StaticBoardOccSum Bank[2]......................:      1385
  StaticBoardOccSum Bank[3]......................:      1207
  StaticBoardOccSum Bank[4]......................:      1074
  StaticBoardOccSum Bank[5]......................:       912
  StaticBoardOccSum Bank[6]......................:      1022
  StaticBoardOccSum Bank[7]......................:       888
  StaticBoardOccColSum Col[0]....................:      1029
  StaticBoardOccColSum Col[1]....................:      1025
  StaticBoardOccColSum Col[2]....................:      1025
  StaticBoardOccColSum Col[3]....................:       791
  StaticBoardOccColSum Col[4]....................:       780
  StaticBoardOccColSum Col[5]....................:       780
  StaticBoardOccColSum Col[6]....................:       780
  StaticBoardOccColSum Col[7]....................:       780
  StaticBoardOccColSum Col[8]....................:       780
  StaticBoardOccColSum Col[9]....................:       780
  StaticBoardOccColSum Col[10]...................:       780
  StaticBoardOccColSum Col[11]...................:       254
  StaticBoardOccColSum Col[12]...................:         0
  StaticBoardOccColSum Col[13]...................:         0
  StaticBoardOccColSum Col[14]...................:         0
  StaticBoardOccColSum Col[15]...................:         0
VecAluAcceptCycles_FMA...........................:       137
VecAluAcceptCycles_INT...........................:       118
VecAluAcceptCycles_LNEXP.........................:        16
VecTripleIssueCycles.............................:         0
VecDualIssueCycles...............................:         9
VecSingleIssueCycles.............................:       253
VecIdleIssueCycles...............................:   1259690
CellReadMergeSaved...............................:         0
SrcBufBypassIssue................................:         0
SplitRawGateBlocked..............................:         0
SplitNoFreeSlotCycles............................:         0
IPC(UOP).........................................:  0.000215
RowExpandTileNum.................................:         0
RowReduceTileNum.................................:         0
RedTempMacroNum..................................:         0
HybridCountGatedTiles............................:         0
ReadNum..........................................:         0
CellReadAccessTotal..............................:       245
CellReadAccess_INT...............................:       112
CellReadAccess_FMA...............................:       133
CellReadAccess_LNEXP.............................:         0
ReadLat..........................................:      0.00
  |--LatLE5......................................:         0
  |--LatLE10.....................................:         0
  |--LatLE15.....................................:         0
  |--LatGT15.....................................:         0
WriteNum.........................................:        17
CellWriteAccessTotal.............................:       271
CellWriteAccess_INT..............................:       118
CellWriteAccess_FMA..............................:       137
CellWriteAccess_LNEXP............................:        16
TempForwardHits_INT..............................:         2
TempForwardHits_FMA..............................:        20
TempForwardHits_LNEXP............................:        16
TempForwardMisses_INT............................:       112
TempForwardMisses_FMA............................:       133
TempForwardMisses_LNEXP..........................:         0
ExpandTagHits_INT................................:         0
ExpandTagHits_FMA................................:         0
ExpandTagHits_LNEXP..............................:         0
ExpandTagMisses_INT..............................:         0
ExpandTagMisses_FMA..............................:         0
ExpandTagMisses_LNEXP............................:         0
ExpandBankFills_INT..............................:         0
ExpandBankFills_FMA..............................:         0
ExpandBankFills_LNEXP............................:         0
ExpandTempFills_INT..............................:         0
ExpandTempFills_FMA..............................:         0
ExpandTempFills_LNEXP............................:         0
ExpandEvicts_INT.................................:         0
ExpandEvicts_FMA.................................:         0
ExpandEvicts_LNEXP...............................:         0
LeSharedPortBlockCycles..........................:         0
WriteLat.........................................:      1.06
  |--LatLE5......................................:        17
  |--LatLE10.....................................:         0
  |--LatLE15.....................................:         0
  |--LatGT15.....................................:         0
AccountExpCellReads_INT..........................:       114
AccountExpCellReads_FMA..........................:       153
AccountExpCellReads_LNEXP........................:        16
AccountExpRedTempReads...........................:         0
AccountRedTempReads..............................:         0
AccountExpCellWrites_INT.........................:       118
AccountExpCellWrites_FMA.........................:       137
AccountExpCellWrites_LNEXP.......................:        16
AccountExpRedTempWrites..........................:         0
AccountExpReadsTotal.............................:       283
AccountActReadsTotal.............................:       283
AccountReadDelta.................................:      0.00
AccountExpWritesTotal............................:       271
AccountActWritesTotal............................:       271
AccountWriteDelta................................:      0.00
========================VecUtilStack========================
UtilStackW_INT...................................:       118
UtilStackO_INT...................................:         0
UtilStackA_INT...................................:         0
UtilStackD_INT...................................:         2
UtilStackI_INT...................................:         3
UtilStackS_INT...................................:   1259829
UtilStackUnaccounted_INT.........................:         0
UtilStackW_FMA...................................:       137
UtilStackO_FMA...................................:         1
UtilStackA_FMA...................................:         0
UtilStackD_FMA...................................:         0
UtilStackI_FMA...................................:         0
UtilStackS_FMA...................................:   1259814
UtilStackUnaccounted_FMA.........................:         0
UtilStackW_LNEXP.................................:        16
UtilStackO_LNEXP.................................:         0
UtilStackA_LNEXP.................................:        11
UtilStackD_LNEXP.................................:         0
UtilStackI_LNEXP.................................:         0
UtilStackS_LNEXP.................................:   1259925
UtilStackUnaccounted_LNEXP.......................:         0
UtilStackW_SHARED................................:         0
UtilStackO_SHARED................................:         0
UtilStackA_SHARED................................:         0
UtilStackD_SHARED................................:         0
UtilStackI_SHARED................................:         0
UtilStackS_SHARED................................:   1259952
UtilStackUnaccounted_SHARED......................:         0
UtilStackCycles..................................:   1259952
UtilStackVecBusy.................................:      1170
UtilStackVecExposed..............................:       871
  UtilStackSub_O_DstWriteCfl_INT.................:         0
  UtilStackSub_O_BankCfl_INT.....................:         0
  UtilStackSub_O_SharedPort_INT..................:         0
  UtilStackSub_O_YieldFma_INT....................:         0
  UtilStackSub_O_LePort_INT......................:         0
  UtilStackSub_A_RedTempMacro_INT................:         0
  UtilStackSub_A_LeThrottle_INT..................:         0
  UtilStackSub_A_LeFifoFull_INT..................:         0
  UtilStackSub_A_IiCool_INT......................:         0
  UtilStackSub_A_DstbufFull_INT..................:         0
  UtilStackSub_A_PipeFull_INT....................:         0
  UtilStackSub_D_StaticSrc_INT...................:         0
  UtilStackSub_D_RedTempCount_INT................:         0
  UtilStackSub_D_DynSrcbuf_INT...................:         2
  UtilStackSubO_Reconcile_INT....................:      0.00
  UtilStackSubA_Reconcile_INT....................:      0.00
  UtilStackSubD_Reconcile_INT....................:      0.00
  UtilStackSub_O_DstWriteCfl_FMA.................:         0
  UtilStackSub_O_BankCfl_FMA.....................:         1
  UtilStackSub_O_SharedPort_FMA..................:         0
  UtilStackSub_O_YieldFma_FMA....................:         0
  UtilStackSub_O_LePort_FMA......................:         0
  UtilStackSub_A_RedTempMacro_FMA................:         0
  UtilStackSub_A_LeThrottle_FMA..................:         0
  UtilStackSub_A_LeFifoFull_FMA..................:         0
  UtilStackSub_A_IiCool_FMA......................:         0
  UtilStackSub_A_DstbufFull_FMA..................:         0
  UtilStackSub_A_PipeFull_FMA....................:         0
  UtilStackSub_D_StaticSrc_FMA...................:         0
  UtilStackSub_D_RedTempCount_FMA................:         0
  UtilStackSub_D_DynSrcbuf_FMA...................:         0
  UtilStackSubO_Reconcile_FMA....................:      0.00
  UtilStackSubA_Reconcile_FMA....................:      0.00
  UtilStackSubD_Reconcile_FMA....................:      0.00
  UtilStackSub_O_DstWriteCfl_LNEXP...............:         0
  UtilStackSub_O_BankCfl_LNEXP...................:         0
  UtilStackSub_O_SharedPort_LNEXP................:         0
  UtilStackSub_O_YieldFma_LNEXP..................:         0
  UtilStackSub_O_LePort_LNEXP....................:         0
  UtilStackSub_A_RedTempMacro_LNEXP..............:         0
  UtilStackSub_A_LeThrottle_LNEXP................:        11
  UtilStackSub_A_LeFifoFull_LNEXP................:         0
  UtilStackSub_A_IiCool_LNEXP....................:         0
  UtilStackSub_A_DstbufFull_LNEXP................:         0
  UtilStackSub_A_PipeFull_LNEXP..................:         0
  UtilStackSub_D_StaticSrc_LNEXP.................:         0
  UtilStackSub_D_RedTempCount_LNEXP..............:         0
  UtilStackSub_D_DynSrcbuf_LNEXP.................:         0
  UtilStackSubO_Reconcile_LNEXP..................:      0.00
  UtilStackSubA_Reconcile_LNEXP..................:      0.00
  UtilStackSubD_Reconcile_LNEXP..................:      0.00
  UtilStackSub_O_DstWriteCfl_SHARED..............:         0
  UtilStackSub_O_BankCfl_SHARED..................:         0
  UtilStackSub_O_SharedPort_SHARED...............:         0
  UtilStackSub_O_YieldFma_SHARED.................:         0
  UtilStackSub_O_LePort_SHARED...................:         0
  UtilStackSub_A_RedTempMacro_SHARED.............:         0
  UtilStackSub_A_LeThrottle_SHARED...............:         0
  UtilStackSub_A_LeFifoFull_SHARED...............:         0
  UtilStackSub_A_IiCool_SHARED...................:         0
  UtilStackSub_A_DstbufFull_SHARED...............:         0
  UtilStackSub_A_PipeFull_SHARED.................:         0
  UtilStackSub_D_StaticSrc_SHARED................:         0
  UtilStackSub_D_RedTempCount_SHARED.............:         0
  UtilStackSub_D_DynSrcbuf_SHARED................:         0
  UtilStackSubO_Reconcile_SHARED.................:      0.00
  UtilStackSubA_Reconcile_SHARED.................:      0.00
  UtilStackSubD_Reconcile_SHARED.................:      0.00
  UtilStackOBlocker_None_INT.....................:         0
  UtilStackOBlocker_FmaRead_INT..................:         0
  UtilStackOBlocker_IntRead_INT..................:         0
  UtilStackOBlocker_LeRead_INT...................:         0
  UtilStackOBlocker_FmaWrite_INT.................:         0
  UtilStackOBlocker_IntWrite_INT.................:         0
  UtilStackOBlocker_CubeRead_INT.................:         0
  UtilStackOBlocker_CubeWrite_INT................:         0
  UtilStackOBlocker_LeWrite_INT..................:         0
  UtilStackOBlocker_Reconcile_INT................:      0.00
  UtilStackOBlocker_None_FMA.....................:         0
  UtilStackOBlocker_FmaRead_FMA..................:         0
  UtilStackOBlocker_IntRead_FMA..................:         0
  UtilStackOBlocker_LeRead_FMA...................:         0
  UtilStackOBlocker_FmaWrite_FMA.................:         0
  UtilStackOBlocker_IntWrite_FMA.................:         1
  UtilStackOBlocker_CubeRead_FMA.................:         0
  UtilStackOBlocker_CubeWrite_FMA................:         0
  UtilStackOBlocker_LeWrite_FMA..................:         0
  UtilStackOBlocker_Reconcile_FMA................:      0.00
  UtilStackOBlocker_None_LNEXP...................:         0
  UtilStackOBlocker_FmaRead_LNEXP................:         0
  UtilStackOBlocker_IntRead_LNEXP................:         0
  UtilStackOBlocker_LeRead_LNEXP.................:         0
  UtilStackOBlocker_FmaWrite_LNEXP...............:         0
  UtilStackOBlocker_IntWrite_LNEXP...............:         0
  UtilStackOBlocker_CubeRead_LNEXP...............:         0
  UtilStackOBlocker_CubeWrite_LNEXP..............:         0
  UtilStackOBlocker_LeWrite_LNEXP................:         0
  UtilStackOBlocker_Reconcile_LNEXP..............:      0.00
  UtilStackOBlocker_None_SHARED..................:         0
  UtilStackOBlocker_FmaRead_SHARED...............:         0
  UtilStackOBlocker_IntRead_SHARED...............:         0
  UtilStackOBlocker_LeRead_SHARED................:         0
  UtilStackOBlocker_FmaWrite_SHARED..............:         0
  UtilStackOBlocker_IntWrite_SHARED..............:         0
  UtilStackOBlocker_CubeRead_SHARED..............:         0
  UtilStackOBlocker_CubeWrite_SHARED.............:         0
  UtilStackOBlocker_LeWrite_SHARED...............:         0
  UtilStackOBlocker_Reconcile_SHARED.............:      0.00
YieldFmaReadCycles...............................:         0
YieldFmaWriteCycles..............................:         0
UtilStackHideRatio...............................:      0.26
UtilStackHideRatioStrict.........................:      0.08
  UtilStackIssueCombo_None.......................:   1259690
  UtilStackIssueCombo_INT........................:       109
  UtilStackIssueCombo_FMA........................:       128
  UtilStackIssueCombo_INT+FMA....................:         9
  UtilStackIssueCombo_LE.........................:        16
  UtilStackIssueCombo_INT+LE.....................:         0
  UtilStackIssueCombo_FMA+LE.....................:         0
  UtilStackIssueCombo_INT+FMA+LE.................:         0
  UtilStackIssueCombo_SH.........................:         0
  UtilStackIssueCombo_INT+SH.....................:         0
  UtilStackIssueCombo_FMA+SH.....................:         0
  UtilStackIssueCombo_INT+FMA+SH.................:         0
  UtilStackIssueCombo_LE+SH......................:         0
  UtilStackIssueCombo_INT+LE+SH..................:         0
  UtilStackIssueCombo_FMA+LE+SH..................:         0
  UtilStackIssueCombo_INT+FMA+LE+SH..............:         0
  UtilStackIssueCombo_Reconcile..................:      0.00
  UtilStackIssueEvent_Reconcile..................:      0.00
UtilStackMultiIssueProb..........................:      0.03
UtilStackAvgIssueRate............................:      0.00
UtilStackIssueWidthUtil..........................:      0.00
====================Vector PMU Stats PE3====================
PEId.............................................:         3
TileopNum........................................:        91
TCMPPackedTileNum................................:         0
TCMPFragmentExpected.............................:         0
TCMPFragmentCompleted............................:         0
TCMPFragmentCanceled.............................:         0
TCMPPackedCellWrites.............................:         0
TCMPPackWriteWaitCycles..........................:         0
TCMPFlushedTileNum...............................:         0
UopNum...........................................:       271
SplitCellCountMismatch...........................:         0
SplitPartialCellUopCount.........................:         0
SplitUopAvgPayloadBytes..........................:       N/A
UopQDispatch_INT.................................:         1
UopQReadyBypass_INT..............................:         1
UopQDispatchSrcBufFullCycles_INT.................:         0
UopQDispatchSrcBufFullBlockedCycles_INT..........:         0
VecSrcCellNotReadyCycles_INT.....................:        90
SharedReadPortWaitCycles_INT.....................:         0
UopQDispatch_FMA.................................:         0
UopQReadyBypass_FMA..............................:         0
UopQDispatchSrcBufFullCycles_FMA.................:         0
UopQDispatchSrcBufFullBlockedCycles_FMA..........:         0
VecSrcCellNotReadyCycles_FMA.....................:        91
SharedReadPortWaitCycles_FMA.....................:         0
UopQDispatch_LNEXP...............................:         0
UopQReadyBypass_LNEXP............................:         0
UopQDispatchSrcBufFullCycles_LNEXP...............:         0
UopQDispatchSrcBufFullBlockedCycles_LNEXP........:         0
VecSrcCellNotReadyCycles_LNEXP...................:         0
SharedReadPortWaitCycles_LNEXP...................:         0
CellReadMergedUops...............................:         0
StaticUopsIssued.................................:       270
StaticBoardBlockCycles...........................:         0
StaticWritebacks.................................:       270
EarlyWakeupFired.................................:        74
StaticDynPipeBlockCycles.........................:         4
DynStaticChainBlockCycles........................:        26
ExpandTagHits_INT................................:         0
ExpandTagMisses_INT..............................:         0
ExpandBankFills_INT..............................:         0
ExpandTempFills_INT..............................:         0
ExpandEvicts_INT.................................:         0
ExpandTagHits_FMA................................:         0
ExpandTagMisses_FMA..............................:         0
ExpandBankFills_FMA..............................:         0
ExpandTempFills_FMA..............................:         0
ExpandEvicts_FMA.................................:         0
ExpandTagHits_LNEXP..............................:         0
ExpandTagMisses_LNEXP............................:         0
ExpandBankFills_LNEXP............................:         0
ExpandTempFills_LNEXP............................:         0
ExpandEvicts_LNEXP...............................:         0
ExpandFillDrops..................................:         0
ExpandReadStaleFallbacks cls0....................:         0
ExpandReadStaleFallbacks cls1....................:         0
ExpandReadStaleFallbacks cls2....................:         0
LeSharedPortBlockCycles..........................:         0
LeSrc1CarrySkips.................................:         0
=======Static Path Bank Access / Conflict Attribution=======
  StaticBankReads Bank[0]........................:        33
  StaticBankReads Bank[1]........................:        27
  StaticBankReads Bank[2]........................:        43
  StaticBankReads Bank[3]........................:        26
  StaticBankReads Bank[4]........................:        27
  StaticBankReads Bank[5]........................:        25
  StaticBankReads Bank[6]........................:        31
  StaticBankReads Bank[7]........................:        25
  StaticDetectReadBlocks Bank[0].................:         2
  StaticDetectReadBlocks Bank[1].................:         2
  StaticDetectReadBlocks Bank[2].................:         0
  StaticDetectReadBlocks Bank[3].................:         0
  StaticDetectReadBlocks Bank[4].................:         0
  StaticDetectReadBlocks Bank[5].................:         0
  StaticDetectReadBlocks Bank[6].................:         2
  StaticDetectReadBlocks Bank[7].................:         0
  StaticDetectWriteBlocks Bank[0]................:         0
  StaticDetectWriteBlocks Bank[1]................:         0
  StaticDetectWriteBlocks Bank[2]................:         0
  StaticDetectWriteBlocks Bank[3]................:         0
  StaticDetectWriteBlocks Bank[4]................:         0
  StaticDetectWriteBlocks Bank[5]................:         0
  StaticDetectWriteBlocks Bank[6]................:         0
  StaticDetectWriteBlocks Bank[7]................:         0
  StaticIntYieldBlocks Bank[0]...................:         0
  StaticIntYieldBlocks Bank[1]...................:         0
  StaticIntYieldBlocks Bank[2]...................:         0
  StaticIntYieldBlocks Bank[3]...................:         0
  StaticIntYieldBlocks Bank[4]...................:         0
  StaticIntYieldBlocks Bank[5]...................:         0
  StaticIntYieldBlocks Bank[6]...................:         0
  StaticIntYieldBlocks Bank[7]...................:         0
  StaticBoardOccSum Bank[0]......................:      1947
  StaticBoardOccSum Bank[1]......................:      1221
  StaticBoardOccSum Bank[2]......................:      1324
  StaticBoardOccSum Bank[3]......................:      1182
  StaticBoardOccSum Bank[4]......................:      1104
  StaticBoardOccSum Bank[5]......................:       915
  StaticBoardOccSum Bank[6]......................:       996
  StaticBoardOccSum Bank[7]......................:       891
  StaticBoardOccColSum Col[0]....................:      1019
  StaticBoardOccColSum Col[1]....................:      1019
  StaticBoardOccColSum Col[2]....................:      1019
  StaticBoardOccColSum Col[3]....................:       795
  StaticBoardOccColSum Col[4]....................:       782
  StaticBoardOccColSum Col[5]....................:       782
  StaticBoardOccColSum Col[6]....................:       782
  StaticBoardOccColSum Col[7]....................:       782
  StaticBoardOccColSum Col[8]....................:       782
  StaticBoardOccColSum Col[9]....................:       782
  StaticBoardOccColSum Col[10]...................:       782
  StaticBoardOccColSum Col[11]...................:       254
  StaticBoardOccColSum Col[12]...................:         0
  StaticBoardOccColSum Col[13]...................:         0
  StaticBoardOccColSum Col[14]...................:         0
  StaticBoardOccColSum Col[15]...................:         0
VecAluAcceptCycles_FMA...........................:       137
VecAluAcceptCycles_INT...........................:       118
VecAluAcceptCycles_LNEXP.........................:        16
VecTripleIssueCycles.............................:         0
VecDualIssueCycles...............................:         8
VecSingleIssueCycles.............................:       255
VecIdleIssueCycles...............................:   1259689
CellReadMergeSaved...............................:         0
SrcBufBypassIssue................................:         0
SplitRawGateBlocked..............................:         0
SplitNoFreeSlotCycles............................:         0
IPC(UOP).........................................:  0.000215
RowExpandTileNum.................................:         0
RowReduceTileNum.................................:         0
RedTempMacroNum..................................:         0
HybridCountGatedTiles............................:         0
ReadNum..........................................:         0
CellReadAccessTotal..............................:       237
CellReadAccess_INT...............................:       108
CellReadAccess_FMA...............................:       129
CellReadAccess_LNEXP.............................:         0
ReadLat..........................................:      0.00
  |--LatLE5......................................:         0
  |--LatLE10.....................................:         0
  |--LatLE15.....................................:         0
  |--LatGT15.....................................:         0
WriteNum.........................................:        17
CellWriteAccessTotal.............................:       271
CellWriteAccess_INT..............................:       118
CellWriteAccess_FMA..............................:       137
CellWriteAccess_LNEXP............................:        16
TempForwardHits_INT..............................:         6
TempForwardHits_FMA..............................:        24
TempForwardHits_LNEXP............................:        16
TempForwardMisses_INT............................:       108
TempForwardMisses_FMA............................:       129
TempForwardMisses_LNEXP..........................:         0
ExpandTagHits_INT................................:         0
ExpandTagHits_FMA................................:         0
ExpandTagHits_LNEXP..............................:         0
ExpandTagMisses_INT..............................:         0
ExpandTagMisses_FMA..............................:         0
ExpandTagMisses_LNEXP............................:         0
ExpandBankFills_INT..............................:         0
ExpandBankFills_FMA..............................:         0
ExpandBankFills_LNEXP............................:         0
ExpandTempFills_INT..............................:         0
ExpandTempFills_FMA..............................:         0
ExpandTempFills_LNEXP............................:         0
ExpandEvicts_INT.................................:         0
ExpandEvicts_FMA.................................:         0
ExpandEvicts_LNEXP...............................:         0
LeSharedPortBlockCycles..........................:         0
WriteLat.........................................:      1.06
  |--LatLE5......................................:        17
  |--LatLE10.....................................:         0
  |--LatLE15.....................................:         0
  |--LatGT15.....................................:         0
AccountExpCellReads_INT..........................:       114
AccountExpCellReads_FMA..........................:       153
AccountExpCellReads_LNEXP........................:        16
AccountExpRedTempReads...........................:         0
AccountRedTempReads..............................:         0
AccountExpCellWrites_INT.........................:       118
AccountExpCellWrites_FMA.........................:       137
AccountExpCellWrites_LNEXP.......................:        16
AccountExpRedTempWrites..........................:         0
AccountExpReadsTotal.............................:       283
AccountActReadsTotal.............................:       283
AccountReadDelta.................................:      0.00
AccountExpWritesTotal............................:       271
AccountActWritesTotal............................:       271
AccountWriteDelta................................:      0.00
========================VecUtilStack========================
UtilStackW_INT...................................:       118
UtilStackO_INT...................................:         1
UtilStackA_INT...................................:         0
UtilStackD_INT...................................:         0
UtilStackI_INT...................................:        22
UtilStackS_INT...................................:   1259811
UtilStackUnaccounted_INT.........................:         0
UtilStackW_FMA...................................:       137
UtilStackO_FMA...................................:         1
UtilStackA_FMA...................................:         0
UtilStackD_FMA...................................:         0
UtilStackI_FMA...................................:         0
UtilStackS_FMA...................................:   1259814
UtilStackUnaccounted_FMA.........................:         0
UtilStackW_LNEXP.................................:        16
UtilStackO_LNEXP.................................:         0
UtilStackA_LNEXP.................................:        10
UtilStackD_LNEXP.................................:         0
UtilStackI_LNEXP.................................:         0
UtilStackS_LNEXP.................................:   1259926
UtilStackUnaccounted_LNEXP.......................:         0
UtilStackW_SHARED................................:         0
UtilStackO_SHARED................................:         0
UtilStackA_SHARED................................:         0
UtilStackD_SHARED................................:         0
UtilStackI_SHARED................................:         0
UtilStackS_SHARED................................:   1259952
UtilStackUnaccounted_SHARED......................:         0
UtilStackCycles..................................:   1259952
UtilStackVecBusy.................................:      1183
UtilStackVecExposed..............................:      1029
  UtilStackSub_O_DstWriteCfl_INT.................:         0
  UtilStackSub_O_BankCfl_INT.....................:         1
  UtilStackSub_O_SharedPort_INT..................:         0
  UtilStackSub_O_YieldFma_INT....................:         0
  UtilStackSub_O_LePort_INT......................:         0
  UtilStackSub_A_RedTempMacro_INT................:         0
  UtilStackSub_A_LeThrottle_INT..................:         0
  UtilStackSub_A_LeFifoFull_INT..................:         0
  UtilStackSub_A_IiCool_INT......................:         0
  UtilStackSub_A_DstbufFull_INT..................:         0
  UtilStackSub_A_PipeFull_INT....................:         0
  UtilStackSub_D_StaticSrc_INT...................:         0
  UtilStackSub_D_RedTempCount_INT................:         0
  UtilStackSub_D_DynSrcbuf_INT...................:         0
  UtilStackSubO_Reconcile_INT....................:      0.00
  UtilStackSubA_Reconcile_INT....................:      0.00
  UtilStackSubD_Reconcile_INT....................:      0.00
  UtilStackSub_O_DstWriteCfl_FMA.................:         0
  UtilStackSub_O_BankCfl_FMA.....................:         1
  UtilStackSub_O_SharedPort_FMA..................:         0
  UtilStackSub_O_YieldFma_FMA....................:         0
  UtilStackSub_O_LePort_FMA......................:         0
  UtilStackSub_A_RedTempMacro_FMA................:         0
  UtilStackSub_A_LeThrottle_FMA..................:         0
  UtilStackSub_A_LeFifoFull_FMA..................:         0
  UtilStackSub_A_IiCool_FMA......................:         0
  UtilStackSub_A_DstbufFull_FMA..................:         0
  UtilStackSub_A_PipeFull_FMA....................:         0
  UtilStackSub_D_StaticSrc_FMA...................:         0
  UtilStackSub_D_RedTempCount_FMA................:         0
  UtilStackSub_D_DynSrcbuf_FMA...................:         0
  UtilStackSubO_Reconcile_FMA....................:      0.00
  UtilStackSubA_Reconcile_FMA....................:      0.00
  UtilStackSubD_Reconcile_FMA....................:      0.00
  UtilStackSub_O_DstWriteCfl_LNEXP...............:         0
  UtilStackSub_O_BankCfl_LNEXP...................:         0
  UtilStackSub_O_SharedPort_LNEXP................:         0
  UtilStackSub_O_YieldFma_LNEXP..................:         0
  UtilStackSub_O_LePort_LNEXP....................:         0
  UtilStackSub_A_RedTempMacro_LNEXP..............:         0
  UtilStackSub_A_LeThrottle_LNEXP................:        10
  UtilStackSub_A_LeFifoFull_LNEXP................:         0
  UtilStackSub_A_IiCool_LNEXP....................:         0
  UtilStackSub_A_DstbufFull_LNEXP................:         0
  UtilStackSub_A_PipeFull_LNEXP..................:         0
  UtilStackSub_D_StaticSrc_LNEXP.................:         0
  UtilStackSub_D_RedTempCount_LNEXP..............:         0
  UtilStackSub_D_DynSrcbuf_LNEXP.................:         0
  UtilStackSubO_Reconcile_LNEXP..................:      0.00
  UtilStackSubA_Reconcile_LNEXP..................:      0.00
  UtilStackSubD_Reconcile_LNEXP..................:      0.00
  UtilStackSub_O_DstWriteCfl_SHARED..............:         0
  UtilStackSub_O_BankCfl_SHARED..................:         0
  UtilStackSub_O_SharedPort_SHARED...............:         0
  UtilStackSub_O_YieldFma_SHARED.................:         0
  UtilStackSub_O_LePort_SHARED...................:         0
  UtilStackSub_A_RedTempMacro_SHARED.............:         0
  UtilStackSub_A_LeThrottle_SHARED...............:         0
  UtilStackSub_A_LeFifoFull_SHARED...............:         0
  UtilStackSub_A_IiCool_SHARED...................:         0
  UtilStackSub_A_DstbufFull_SHARED...............:         0
  UtilStackSub_A_PipeFull_SHARED.................:         0
  UtilStackSub_D_StaticSrc_SHARED................:         0
  UtilStackSub_D_RedTempCount_SHARED.............:         0
  UtilStackSub_D_DynSrcbuf_SHARED................:         0
  UtilStackSubO_Reconcile_SHARED.................:      0.00
  UtilStackSubA_Reconcile_SHARED.................:      0.00
  UtilStackSubD_Reconcile_SHARED.................:      0.00
  UtilStackOBlocker_None_INT.....................:         0
  UtilStackOBlocker_FmaRead_INT..................:         0
  UtilStackOBlocker_IntRead_INT..................:         0
  UtilStackOBlocker_LeRead_INT...................:         0
  UtilStackOBlocker_FmaWrite_INT.................:         1
  UtilStackOBlocker_IntWrite_INT.................:         0
  UtilStackOBlocker_CubeRead_INT.................:         0
  UtilStackOBlocker_CubeWrite_INT................:         0
  UtilStackOBlocker_LeWrite_INT..................:         0
  UtilStackOBlocker_Reconcile_INT................:      0.00
  UtilStackOBlocker_None_FMA.....................:         0
  UtilStackOBlocker_FmaRead_FMA..................:         0
  UtilStackOBlocker_IntRead_FMA..................:         0
  UtilStackOBlocker_LeRead_FMA...................:         0
  UtilStackOBlocker_FmaWrite_FMA.................:         0
  UtilStackOBlocker_IntWrite_FMA.................:         0
  UtilStackOBlocker_CubeRead_FMA.................:         1
  UtilStackOBlocker_CubeWrite_FMA................:         0
  UtilStackOBlocker_LeWrite_FMA..................:         0
  UtilStackOBlocker_Reconcile_FMA................:      0.00
  UtilStackOBlocker_None_LNEXP...................:         0
  UtilStackOBlocker_FmaRead_LNEXP................:         0
  UtilStackOBlocker_IntRead_LNEXP................:         0
  UtilStackOBlocker_LeRead_LNEXP.................:         0
  UtilStackOBlocker_FmaWrite_LNEXP...............:         0
  UtilStackOBlocker_IntWrite_LNEXP...............:         0
  UtilStackOBlocker_CubeRead_LNEXP...............:         0
  UtilStackOBlocker_CubeWrite_LNEXP..............:         0
  UtilStackOBlocker_LeWrite_LNEXP................:         0
  UtilStackOBlocker_Reconcile_LNEXP..............:      0.00
  UtilStackOBlocker_None_SHARED..................:         0
  UtilStackOBlocker_FmaRead_SHARED...............:         0
  UtilStackOBlocker_IntRead_SHARED...............:         0
  UtilStackOBlocker_LeRead_SHARED................:         0
  UtilStackOBlocker_FmaWrite_SHARED..............:         0
  UtilStackOBlocker_IntWrite_SHARED..............:         0
  UtilStackOBlocker_CubeRead_SHARED..............:         0
  UtilStackOBlocker_CubeWrite_SHARED.............:         0
  UtilStackOBlocker_LeWrite_SHARED...............:         0
  UtilStackOBlocker_Reconcile_SHARED.............:      0.00
YieldFmaReadCycles...............................:         0
YieldFmaWriteCycles..............................:         0
UtilStackHideRatio...............................:      0.13
UtilStackHideRatioStrict.........................:      0.04
  UtilStackIssueCombo_None.......................:   1259689
  UtilStackIssueCombo_INT........................:       110
  UtilStackIssueCombo_FMA........................:       129
  UtilStackIssueCombo_INT+FMA....................:         8
  UtilStackIssueCombo_LE.........................:        16
  UtilStackIssueCombo_INT+LE.....................:         0
  UtilStackIssueCombo_FMA+LE.....................:         0
  UtilStackIssueCombo_INT+FMA+LE.................:         0
  UtilStackIssueCombo_SH.........................:         0
  UtilStackIssueCombo_INT+SH.....................:         0
  UtilStackIssueCombo_FMA+SH.....................:         0
  UtilStackIssueCombo_INT+FMA+SH.................:         0
  UtilStackIssueCombo_LE+SH......................:         0
  UtilStackIssueCombo_INT+LE+SH..................:         0
  UtilStackIssueCombo_FMA+LE+SH..................:         0
  UtilStackIssueCombo_INT+FMA+LE+SH..............:         0
  UtilStackIssueCombo_Reconcile..................:      0.00
  UtilStackIssueEvent_Reconcile..................:      0.00
UtilStackMultiIssueProb..........................:      0.03
UtilStackAvgIssueRate............................:      0.00
UtilStackIssueWidthUtil..........................:      0.00
===============CellReg Bank Arbitration Stats===============
Bank Active Cycles (>=1 pending).................:      2417
  |--Bank Conflict Cycles (>=2 pending)..........:         0    0.00%
  |--Bank Urgent(aged) Cycles....................:         0
Bank Grants (winners) Total......................:      2293
Bank Lose (non-winner waits) Total...............:       124
Bank Port-Yield (no free channel) Total..........:       124
Total Served Read Bytes..........................:    114256
Total Served Write Bytes.........................:    170112
  |--RQ_CUBE Win.................................:         0
  |--RQ_CUBE Lose................................:         0     N/A
  |--RQ_CUBE PortYield...........................:         0
  |--RQ_CUBE Served Bytes........................:         0
  |--RQ_VEC Win..................................:         0
  |--RQ_VEC Lose.................................:         0     N/A
  |--RQ_VEC PortYield............................:         0
  |--RQ_VEC Served Bytes.........................:         0
  |--RQ_TLSU Win.................................:       900
  |--RQ_TLSU Lose................................:        18    1.96%
  |--RQ_TLSU PortYield...........................:        18
  |--RQ_TLSU Served Bytes........................:    114256
  |--WQ_CUBE Win.................................:         0
  |--WQ_CUBE Lose................................:         0     N/A
  |--WQ_CUBE PortYield...........................:         0
  |--WQ_CUBE Served Bytes........................:         0
  |--WQ_VEC Win..................................:         4
  |--WQ_VEC Lose.................................:         0    0.00%
  |--WQ_VEC PortYield............................:         0
  |--WQ_VEC Served Bytes.........................:       512
  |--WQ_VEC_LNEXP Win............................:        64
  |--WQ_VEC_LNEXP Lose...........................:         2    3.03%
  |--WQ_VEC_LNEXP PortYield......................:         2
  |--WQ_VEC_LNEXP Served Bytes...................:      8192
  |--WQ_TLSU Win.................................:      1325
  |--WQ_TLSU Lose................................:       104    7.28%
  |--WQ_TLSU PortYield...........................:       104
  |--WQ_TLSU Served Bytes........................:    169600
==============CellReg CUBE Bank-Group Backlog===============
WQ_CUBE active cycles............................:         0
  |--WQ_CUBE cross-group cycles..................:         0     N/A
RQ_CUBE active cycles............................:         0
  |--RQ_CUBE cross-group cycles..................:         0     N/A
CUBE Rd+Wr concurrent cycles.....................:         0
  |--Rd/Wr different-group cycles................:         0     N/A
  |--Wr-starved-by-Rd cycles (each owns a group).:         0     N/A
Direct OOR access dropped (pool end).............:         0
===========CellReg Per-Bank Conflict Distribution===========
  Bank[0] conflict cycles........................:         0     N/A
  Bank[1] conflict cycles........................:         0     N/A
  Bank[2] conflict cycles........................:         0     N/A
  Bank[3] conflict cycles........................:         0     N/A
  Bank[4] conflict cycles........................:         0     N/A
  Bank[5] conflict cycles........................:         0     N/A
  Bank[6] conflict cycles........................:         0     N/A
  Bank[7] conflict cycles........................:         0     N/A
==================SuperScalar Report Stop===================
======================Syscall Barrier=======================
sb_requested.....................................:         4
sb_executed......................................:         0
sb_canceled......................................:         4
sb_stashed.......................................:         2
sb_stash_overflow................................:         0
sb_pending.......................................:         1
sb_phase_idle....................................:   1259885
sb_phase_pre_commit..............................:        35
sb_phase_quiet_wait..............................:         0
sb_phase_gate_all................................:         1
sb_phase_draining................................:         2
sb_phase_executing...............................:         0
syscall_owner_precommit_wait.....................:        33
syscall_worker_quiet_wait........................:         0
syscall_worker_quiet_cycles_total................:         0
syscall_worker_quiet_cycles_max..................:         0
syscall_commit_wait..............................:         2
syscall_l1_scb_drain_wait........................:         0
syscall_sl2_drain_wait...........................:         0
drain_wait.......................................:         2
syscall_drain_progress_timeout...................:         0
sb_T_complete....................................:      9998
sb_T_deadlock_effective..........................:      9999
sb_last_progress_cycle...........................:   1259951
sb_lockstep_enabled..............................:         1
sb_lockstep_registered...........................:         1
sb_lockstep_blocks...............................:         1
sb_lockstep_executes.............................:         0
sb_lockstep_withdraw_startup.....................:         0
sb_lockstep_withdraw_flush.......................:         0
sb_lockstep_overflow.............................:         0
sb_lockstep_and_timeout..........................:         0
sb_lockstep_hold_cycles..........................:        31
sb_lockstep_exit_parks...........................:         1
syscall_post_ecall_issue_rejects.................:        36
syscall_bstop_admission_rejects..................:         0
sb_lockstep_held_now.............................:         1
[C:1259951][DFX.NA    ]: syscall barrier accounting: requested=4 != executed=0 + canceled=4 + pending=1
linx_test_finisher write addr=0x10009000 val=0x5555 pass
