./bin/gfsim --conf fourpe --pto-v02 true -s tlsu.fake_l2_enable=false --test-finisher true -f /mnt/workspace/projects/0931_SuperNPUBench/SuperNPUBench/benchmark/one-level-arch/output/solution/mega_moe/elf/solution_mega_moe_mega_moe_sim_mt_dyn.elf 
[gfsim] explicit PE config present; skipping ELF auto-detection
Parse Config File:
Parse Config File:
Parse Config File:
Parse Config File:
Parse Config File:
Parse Config File:
Parse Config File:
Parse Config File:
Parse Config File:
Parse Config File:
Parse Config File:
Parse Config File:
Parse Config File:
Parse Config File:
Parse Config File:
Parse Config File:
Parse Config File:
Parse Config File:
Parse Config File:
Parse Config File:
Parse Config File:
Parse Config File:
Parse Config File:
Parse Config File:
Parse Config File:
Parse Config File:
Parse Config File:
Parse Config File:
Parse Config File:
Parse Config File:
Parse Config File:
Parse Config File:
Parse Config File:
Parse Config File:
Parse Config File:
Parse Config File:
Parse Config File:
Parse Config File:
Parse Config File:
Parse Config File:
Parse Config File:
Parse Config File:
Parse Config File:
Parse Config File:
Parse Config File:
Parse Config File:
Parse Config File:
Parse Config File:
Parse Config File:
Parse Config File:
Parse Config File:
Parse Config File:
Parse Config File:
Parse Config File:
Parse Config File:
Parse Config File:
Parse Config File:
Parse Config File:
Parse Config File:
Parse Config File:
Parse Config File:
Parse Config File:
Parse Config File:
Parse Config File:
Parse Config File:
Parse Config File:
Parse Config File:
Parse Config File:
Parse Config File:
Override configurations:
tlsu.fake_l2_enable=false
core.threadCount=4
core.stdPeCount=1
core.cube_core_num=4
core.cube_thread_num=1
core.vec_core_num=4
fourpe.pe_cluster_enable=true
fourpe.pe_cluster_count=4
fourpe.pe_cluster_frontend_thread_count=4
fourpe.pe_cluster_aggregate_decode_width=8
fourpe.pe_cluster_gpr_rename_partition_entries=128
fourpe.pe_cluster_scalar_rob_partition_entries=128
fourpe.pe_cluster_scalar_iq_partition_entries=128
fourpe.pe_cluster_block_rob_partition_entries=256
fourpe.pe_cluster_block_iq_partition_entries=88
fourpe.pe_cluster_local_reg_partition_entries=88
bfu.brq_depth=1024
fourpe.pe_cluster_partition_borrow_enable=false
fourpe.pe_cluster_eligible_rr_fairness_check=true
fourpe.pe_cluster_group_contract_fatal=false
dfx.swimCounterSampleInterval=8
Memory: 0x10200 - 0x102e8 (Size=0KB) [.rodata]
Memory: 0x102ec - 0x10307 (Size=0KB) [.eh_frame_hdr]
Memory: 0x10308 - 0x10373 (Size=0KB) [.eh_frame]
Memory: 0x11374 - 0x138cb (Size=9KB) [.text]
Memory: 0x148d0 - 0x1498f (Size=0KB) [.init_array]
Memory: 0x14990 - 0x149a7 (Size=0KB) [.data.rel.ro]
Memory: 0x18000 - 0x7423b (Size=368KB) [.bss]
Memory: 0x75000 - 0x760c7 (Size=4KB) [.sbss]
Memory: 0x760d0 - 0x80860d0 (Size=131136KB) [stack mem]
Memory: 0x4000802000 - 0x4008803000 (Size=131076KB) [map mem]
[C:62125  ][TMA.NA    ]: scb_waw_violation peId=0 scalar=0 private=0 younger_bid=242 younger_rid=242 older_bid=230 older_rid=230 younger_slot=0 older_slot=2
[C:62798  ][TMA.NA    ]: scb_waw_violation peId=0 scalar=0 private=0 younger_bid=246 younger_rid=246 older_bid=234 older_rid=234 younger_slot=2 older_slot=5
[C:62809  ][TMA.NA    ]: scb_waw_violation peId=0 scalar=0 private=0 younger_bid=69 younger_rid=69 older_bid=57 older_rid=57 younger_slot=9 older_slot=8
[C:62834  ][TMA.NA    ]: scb_waw_violation peId=0 scalar=0 private=0 younger_bid=74 younger_rid=74 older_bid=62 older_rid=62 younger_slot=11 older_slot=3
[C:62877  ][TMA.NA    ]: scb_waw_violation peId=0 scalar=0 private=0 younger_bid=79 younger_rid=79 older_bid=67 older_rid=67 younger_slot=10 older_slot=7
[C:63460  ][TMA.NA    ]: scb_waw_violation peId=0 scalar=0 private=0 younger_bid=73 younger_rid=73 older_bid=61 older_rid=61 younger_slot=8 older_slot=7
[C:63504  ][TMA.NA    ]: scb_waw_violation peId=0 scalar=0 private=0 younger_bid=152 younger_rid=152 older_bid=140 older_rid=140 younger_slot=6 older_slot=5
[C:63510  ][TMA.NA    ]: scb_waw_violation peId=0 scalar=0 private=0 younger_bid=157 younger_rid=157 older_bid=145 older_rid=145 younger_slot=14 older_slot=13
[C:63558  ][TMA.NA    ]: scb_waw_violation peId=0 scalar=0 private=0 younger_bid=162 younger_rid=162 older_bid=150 older_rid=150 younger_slot=1 older_slot=9
[C:64084  ][TMA.NA    ]: scb_waw_violation peId=0 scalar=0 private=0 younger_bid=156 younger_rid=156 older_bid=144 older_rid=144 younger_slot=9 older_slot=8
[C:64219  ][TMA.NA    ]: scb_waw_violation peId=0 scalar=0 private=0 younger_bid=240 younger_rid=240 older_bid=228 older_rid=228 younger_slot=1 older_slot=10
[C:64224  ][TMA.NA    ]: scb_waw_violation peId=0 scalar=0 private=0 younger_bid=235 younger_rid=235 older_bid=223 older_rid=223 younger_slot=6 older_slot=5
[C:64234  ][TMA.NA    ]: scb_waw_violation peId=0 scalar=0 private=0 younger_bid=245 younger_rid=245 older_bid=233 older_rid=233 younger_slot=16 older_slot=15
[C:64599  ][TMA.NA    ]: scb_waw_violation peId=0 scalar=0 private=0 younger_bid=231 younger_rid=231 older_bid=217 older_rid=217 younger_slot=2 older_slot=1
[C:64600  ][TMA.NA    ]: scb_waw_violation peId=0 scalar=0 private=0 younger_bid=245 younger_rid=245 older_bid=231 older_rid=231 younger_slot=3 older_slot=2
[C:64602  ][TMA.NA    ]: scb_waw_violation peId=0 scalar=0 private=0 younger_bid=3 younger_rid=3 older_bid=245 older_rid=245 younger_slot=4 older_slot=3
[C:64763  ][TMA.NA    ]: scb_waw_violation peId=0 scalar=0 private=0 younger_bid=82 younger_rid=82 older_bid=68 older_rid=68 younger_slot=1 older_slot=4
[C:64764  ][TMA.NA    ]: scb_waw_violation peId=0 scalar=0 private=0 younger_bid=54 younger_rid=54 older_bid=40 older_rid=40 younger_slot=3 older_slot=2
[C:64765  ][TMA.NA    ]: scb_waw_violation peId=0 scalar=0 private=0 younger_bid=68 younger_rid=68 older_bid=54 older_rid=54 younger_slot=4 older_slot=3
[C:64790  ][TMA.NA    ]: scb_waw_violation peId=0 scalar=0 private=0 younger_bid=59 younger_rid=59 older_bid=45 older_rid=45 younger_slot=6 older_slot=5
[C:64791  ][TMA.NA    ]: scb_waw_violation peId=0 scalar=0 private=0 younger_bid=73 younger_rid=73 older_bid=59 older_rid=59 younger_slot=7 older_slot=6
[C:64793  ][TMA.NA    ]: scb_waw_violation peId=0 scalar=0 private=0 younger_bid=87 younger_rid=87 older_bid=73 older_rid=73 younger_slot=9 older_slot=7
[C:64797  ][TMA.NA    ]: scb_waw_violation peId=0 scalar=0 private=0 younger_bid=64 younger_rid=64 older_bid=50 older_rid=50 younger_slot=13 older_slot=12
[C:64798  ][TMA.NA    ]: scb_waw_violation peId=0 scalar=0 private=0 younger_bid=78 younger_rid=78 older_bid=64 older_rid=64 younger_slot=14 older_slot=13
[C:64799  ][TMA.NA    ]: scb_waw_violation peId=0 scalar=0 private=0 younger_bid=92 younger_rid=92 older_bid=78 older_rid=78 younger_slot=15 older_slot=14
[C:65192  ][TMA.NA    ]: scb_waw_violation peId=0 scalar=0 private=0 younger_bid=121 younger_rid=121 older_bid=109 older_rid=109 younger_slot=0 older_slot=1
[C:65659  ][TMA.NA    ]: scb_waw_violation peId=0 scalar=0 private=0 younger_bid=125 younger_rid=125 older_bid=113 older_rid=113 younger_slot=8 older_slot=3
[C:65764  ][TMA.NA    ]: scb_waw_violation peId=0 scalar=0 private=0 younger_bid=204 younger_rid=204 older_bid=192 older_rid=192 younger_slot=2 older_slot=7
[C:65783  ][TMA.NA    ]: scb_waw_violation peId=0 scalar=0 private=0 younger_bid=209 younger_rid=209 older_bid=197 older_rid=197 younger_slot=9 older_slot=5
[C:65940  ][TMA.NA    ]: scb_waw_violation peId=0 scalar=0 private=0 younger_bid=214 younger_rid=214 older_bid=202 older_rid=202 younger_slot=6 older_slot=3
[C:66280  ][TMA.NA    ]: scb_waw_violation peId=0 scalar=0 private=0 younger_bid=208 younger_rid=208 older_bid=196 older_rid=196 younger_slot=8 older_slot=7
[C:66370  ][TMA.NA    ]: scb_waw_violation peId=0 scalar=0 private=0 younger_bid=31 younger_rid=31 older_bid=19 older_rid=19 younger_slot=6 older_slot=5
[C:66486  ][TMA.NA    ]: scb_waw_violation peId=0 scalar=0 private=0 younger_bid=36 younger_rid=36 older_bid=24 older_rid=24 younger_slot=6 older_slot=5
[C:66516  ][TMA.NA    ]: scb_waw_violation peId=0 scalar=0 private=0 younger_bid=41 younger_rid=41 older_bid=29 older_rid=29 younger_slot=2 older_slot=9
[C:66921  ][TMA.NA    ]: scb_waw_violation peId=0 scalar=0 private=0 younger_bid=35 younger_rid=35 older_bid=23 older_rid=23 younger_slot=6 older_slot=5
[C:66924  ][TMA.NA    ]: scb_waw_violation peId=0 scalar=0 private=0 younger_bid=114 younger_rid=114 older_bid=102 older_rid=102 younger_slot=9 older_slot=8
[C:67133  ][TMA.NA    ]: scb_waw_violation peId=0 scalar=0 private=0 younger_bid=119 younger_rid=119 older_bid=107 older_rid=107 younger_slot=1 older_slot=6
[C:67145  ][TMA.NA    ]: scb_waw_violation peId=0 scalar=0 private=0 younger_bid=124 younger_rid=124 older_bid=112 older_rid=112 younger_slot=12 older_slot=3
tid: 0 Core@100000: Retired blocks 35678. BROB head info: B114 STID0 BPC 0x1278a [FP COND]
tid: 1 Core@100000: Retired blocks 35678. BROB head info: B186 STID1 BPC 0x1239a [STD COND]
tid: 2 Core@100000: Retired blocks 35678. BROB head info: B186 STID2 BPC 0x1239a [STD COND]
tid: 3 Core@100000: Retired blocks 35678. BROB head info: B120 STID3 BPC 0x1239a [STD COND]
tid: 0 Core@200000: Retired blocks 99539. BROB head info: B151 STID0 BPC 0x1273e [FP FALL]
tid: 1 Core@200000: Retired blocks 99539. BROB head info: B210 STID1 BPC 0x1239a [STD COND]
tid: 2 Core@200000: Retired blocks 99539. BROB head info: B210 STID2 BPC 0x1239a [STD COND]
tid: 3 Core@200000: Retired blocks 99539. BROB head info: B152 STID3 BPC 0x1239a [STD COND]
tid: 0 Core@300000: Retired blocks 164104. BROB head info: B192 STID0 BPC 0x12814 [FP COND]
tid: 1 Core@300000: Retired blocks 164104. BROB head info: B201 STID1 BPC 0x1239a [STD COND]
tid: 2 Core@300000: Retired blocks 164104. BROB head info: B202 STID2 BPC 0x1239a [STD COND]
tid: 3 Core@300000: Retired blocks 164104. BROB head info: B181 STID3 BPC 0x1239a [STD COND]
tid: 0 Core@400000: Retired blocks 228419. BROB head info: B49 STID0 BPC 0x12c44 [FP COND]
tid: 1 Core@400000: Retired blocks 228419. BROB head info: B30 STID1 BPC 0x1239a [STD COND]
tid: 2 Core@400000: Retired blocks 228419. BROB head info: B28 STID2 BPC 0x1239a [STD COND]
tid: 3 Core@400000: Retired blocks 228419. BROB head info: B216 STID3 BPC 0x1239a [STD COND]
tid: 0 Core@500000: Retired blocks 293388. BROB head info: B135 STID0 BPC 0x12a58 [FP COND]
tid: 1 Core@500000: Retired blocks 293388. BROB head info: B81 STID1 BPC 0x1239a [STD COND]
tid: 2 Core@500000: Retired blocks 293388. BROB head info: B60 STID2 BPC 0x1239a [STD COND]
tid: 3 Core@500000: Retired blocks 293388. BROB head info: B248 STID3 BPC 0x1239a [STD COND]
tid: 0 Core@600000: Retired blocks 357885. BROB head info: B140 STID0 BPC 0x12a26 [STD COND]
tid: 1 Core@600000: Retired blocks 357885. BROB head info: B47 STID1 BPC 0x1239a [STD COND]
tid: 2 Core@600000: Retired blocks 357885. BROB head info: B47 STID2 BPC 0x1239a [STD COND]
tid: 3 Core@600000: Retired blocks 357885. BROB head info: B19 STID3 BPC 0x1239a [STD COND]
tid: 0 Core@700000: Retired blocks 422095. BROB head info: B228 STID0 BPC 0x12a58 [FP COND]
tid: 1 Core@700000: Retired blocks 422095. BROB head info: B92 STID1 BPC 0x1239a [STD COND]
tid: 2 Core@700000: Retired blocks 422095. BROB head info: B92 STID2 BPC 0x1239a [STD COND]
tid: 3 Core@700000: Retired blocks 422095. BROB head info: B51 STID3 BPC 0x1239a [STD COND]
tid: 0 Core@800000: Retired blocks 486755. BROB head info: B2 STID0 BPC 0x12a58 [FP COND]
tid: 1 Core@800000: Retired blocks 486755. BROB head info: B135 STID1 BPC 0x1239a [STD COND]
tid: 2 Core@800000: Retired blocks 486755. BROB head info: B136 STID2 BPC 0x1239a [STD COND]
tid: 3 Core@800000: Retired blocks 486755. BROB head info: B82 STID3 BPC 0x1239a [STD COND]
tid: 0 Core@900000: Retired blocks 550106. BROB head info: B130 STID0 BPC 0x12a58 [FP COND]
tid: 1 Core@900000: Retired blocks 550106. BROB head info: B115 STID1 BPC 0x1239a [STD COND]
tid: 2 Core@900000: Retired blocks 550106. BROB head info: B115 STID2 BPC 0x1239a [STD COND]
tid: 3 Core@900000: Retired blocks 550106. BROB head info: B114 STID3 BPC 0x1239a [STD COND]
tid: 0 Core@1000000: Retired blocks 613165. BROB head info: B191 STID0 BPC 0x12a58 [FP COND]
tid: 1 Core@1000000: Retired blocks 613165. BROB head info: B7 STID1 BPC 0x1239a [STD COND]
tid: 2 Core@1000000: Retired blocks 613165. BROB head info: B212 STID2 BPC 0x1239a [STD COND]
tid: 3 Core@1000000: Retired blocks 613165. BROB head info: B147 STID3 BPC 0x1239a [STD COND]
tid: 0 Core@1100000: Retired blocks 677618. BROB head info: B146 STID0 BPC 0x12a58 [FP COND]
tid: 1 Core@1100000: Retired blocks 677618. BROB head info: B214 STID1 BPC 0x1239a [STD COND]
tid: 2 Core@1100000: Retired blocks 677618. BROB head info: B215 STID2 BPC 0x1239a [STD COND]
tid: 3 Core@1100000: Retired blocks 677618. BROB head info: B179 STID3 BPC 0x1239a [STD COND]
tid: 0 Core@1200000: Retired blocks 741274. BROB head info: B204 STID0 BPC 0x12a58 [FP COND]
tid: 1 Core@1200000: Retired blocks 741274. BROB head info: B253 STID1 BPC 0x1239a [STD COND]
tid: 2 Core@1200000: Retired blocks 741274. BROB head info: B254 STID2 BPC 0x1239a [STD COND]
tid: 3 Core@1200000: Retired blocks 741274. BROB head info: B211 STID3 BPC 0x1239a [STD COND]
tid: 0 Core@1300000: Retired blocks 796545. BROB head info: B139 STID0 BPC 0x11626 [STD COND]
tid: 1 Core@1300000: Retired blocks 796545. BROB head info: B121 STID1 BPC 0x11626 [STD COND]
tid: 2 Core@1300000: Retired blocks 796545. BROB head info: B92 STID2 BPC 0x11626 [STD COND]
tid: 3 Core@1300000: Retired blocks 796545. BROB head info: B33 STID3 BPC 0x11626 [STD COND]
[C:1390448][TMA.NA    ]: scb_waw_violation peId=0 scalar=0 private=0 younger_bid=120 younger_rid=120 older_bid=108 older_rid=108 younger_slot=2 older_slot=1
[C:1390975][TMA.NA    ]: scb_waw_violation peId=0 scalar=0 private=0 younger_bid=209 younger_rid=209 older_bid=197 older_rid=197 younger_slot=2 older_slot=0
[C:1391004][TMA.NA    ]: scb_waw_violation peId=0 scalar=0 private=0 younger_bid=216 younger_rid=216 older_bid=204 older_rid=204 younger_slot=0 older_slot=1
[C:1391053][TMA.NA    ]: scb_waw_violation peId=0 scalar=0 private=0 younger_bid=221 younger_rid=221 older_bid=209 older_rid=209 younger_slot=3 older_slot=2
[C:1391149][TMA.NA    ]: scb_waw_violation peId=0 scalar=0 private=0 younger_bid=233 younger_rid=233 older_bid=221 older_rid=221 younger_slot=0 older_slot=3
[C:1391502][TMA.NA    ]: scb_waw_violation peId=0 scalar=0 private=0 younger_bid=5 younger_rid=5 older_bid=249 older_rid=249 younger_slot=2 older_slot=7
[C:1391505][TMA.NA    ]: scb_waw_violation peId=0 scalar=0 private=0 younger_bid=237 younger_rid=237 older_bid=225 older_rid=225 younger_slot=6 older_slot=3
[C:1391506][TMA.NA    ]: scb_waw_violation peId=0 scalar=0 private=0 younger_bid=249 younger_rid=249 older_bid=237 older_rid=237 younger_slot=7 older_slot=6
[C:1392192][TMA.NA    ]: scb_waw_violation peId=0 scalar=0 private=0 younger_bid=77 younger_rid=77 older_bid=65 older_rid=65 younger_slot=5 older_slot=1
[C:1392193][TMA.NA    ]: scb_waw_violation peId=0 scalar=0 private=0 younger_bid=89 younger_rid=89 older_bid=77 older_rid=77 younger_slot=6 older_slot=5
[C:1392194][TMA.NA    ]: scb_waw_violation peId=0 scalar=0 private=0 younger_bid=101 younger_rid=101 older_bid=89 older_rid=89 younger_slot=7 older_slot=6
[C:1392276][TMA.NA    ]: scb_waw_violation peId=0 scalar=0 private=0 younger_bid=82 younger_rid=82 older_bid=70 older_rid=70 younger_slot=9 older_slot=1
[C:1392277][TMA.NA    ]: scb_waw_violation peId=0 scalar=0 private=0 younger_bid=94 younger_rid=94 older_bid=82 older_rid=82 younger_slot=10 older_slot=9
[C:1392278][TMA.NA    ]: scb_waw_violation peId=0 scalar=0 private=0 younger_bid=106 younger_rid=106 older_bid=94 older_rid=94 younger_slot=11 older_slot=10
[C:1392486][TMA.NA    ]: scb_waw_violation peId=0 scalar=0 private=0 younger_bid=114 younger_rid=114 older_bid=103 older_rid=103 younger_slot=3 older_slot=2
[C:1392849][TMA.NA    ]: scb_waw_violation peId=0 scalar=0 private=0 younger_bid=177 younger_rid=177 older_bid=165 older_rid=165 younger_slot=2 older_slot=0
[C:1392958][TMA.NA    ]: scb_waw_violation peId=0 scalar=0 private=0 younger_bid=189 younger_rid=189 older_bid=177 older_rid=177 younger_slot=0 older_slot=2
[C:1393022][TMA.NA    ]: scb_waw_violation peId=0 scalar=0 private=0 younger_bid=209 younger_rid=209 older_bid=197 older_rid=197 younger_slot=8 older_slot=7
[C:1393031][TMA.NA    ]: scb_waw_violation peId=0 scalar=0 private=0 younger_bid=221 younger_rid=221 older_bid=209 older_rid=209 younger_slot=3 older_slot=8
[C:1393118][TMA.NA    ]: scb_waw_violation peId=0 scalar=0 private=0 younger_bid=233 younger_rid=233 older_bid=221 older_rid=221 younger_slot=0 older_slot=3
[C:1393264][TMA.NA    ]: scb_waw_violation peId=0 scalar=0 private=0 younger_bid=238 younger_rid=238 older_bid=226 older_rid=226 younger_slot=1 older_slot=8
[C:1393269][TMA.NA    ]: scb_waw_violation peId=0 scalar=0 private=0 younger_bid=214 younger_rid=214 older_bid=202 older_rid=202 younger_slot=7 older_slot=6
[C:1393270][TMA.NA    ]: scb_waw_violation peId=0 scalar=0 private=0 younger_bid=226 younger_rid=226 older_bid=214 older_rid=214 younger_slot=8 older_slot=7
[C:1393935][TMA.NA    ]: scb_waw_violation peId=0 scalar=0 private=0 younger_bid=38 younger_rid=38 older_bid=26 older_rid=26 younger_slot=7 older_slot=6
[C:1393936][TMA.NA    ]: scb_waw_violation peId=0 scalar=0 private=0 younger_bid=50 younger_rid=50 older_bid=38 older_rid=38 younger_slot=8 older_slot=7
[C:1393937][TMA.NA    ]: scb_waw_violation peId=0 scalar=0 private=0 younger_bid=62 younger_rid=62 older_bid=50 older_rid=50 younger_slot=9 older_slot=8
[C:1394099][TMA.NA    ]: scb_waw_violation peId=0 scalar=0 private=0 younger_bid=82 younger_rid=82 older_bid=70 older_rid=70 younger_slot=2 older_slot=0
[C:1394100][TMA.NA    ]: scb_waw_violation peId=0 scalar=0 private=0 younger_bid=94 younger_rid=94 older_bid=82 older_rid=82 younger_slot=3 older_slot=2
[C:1394104][TMA.NA    ]: scb_waw_violation peId=0 scalar=0 private=0 younger_bid=106 younger_rid=106 older_bid=94 older_rid=94 younger_slot=7 older_slot=3
[C:1394152][TMA.NA    ]: scb_waw_violation peId=0 scalar=0 private=0 younger_bid=87 younger_rid=87 older_bid=75 older_rid=75 younger_slot=8 older_slot=4
[C:1394153][TMA.NA    ]: scb_waw_violation peId=0 scalar=0 private=0 younger_bid=99 younger_rid=99 older_bid=87 older_rid=87 younger_slot=9 older_slot=8
[C:1394154][TMA.NA    ]: scb_waw_violation peId=0 scalar=0 private=0 younger_bid=111 younger_rid=111 older_bid=99 older_rid=99 younger_slot=10 older_slot=9
[C:1394867][TMA.NA    ]: scb_waw_violation peId=0 scalar=0 private=0 younger_bid=214 younger_rid=214 older_bid=202 older_rid=202 younger_slot=7 older_slot=6
[C:1394868][TMA.NA    ]: scb_waw_violation peId=0 scalar=0 private=0 younger_bid=226 younger_rid=226 older_bid=214 older_rid=214 younger_slot=8 older_slot=7
[C:1394869][TMA.NA    ]: scb_waw_violation peId=0 scalar=0 private=0 younger_bid=238 younger_rid=238 older_bid=226 older_rid=226 younger_slot=9 older_slot=8
[C:1395094][TMA.NA    ]: scb_waw_violation peId=0 scalar=0 private=0 younger_bid=219 younger_rid=219 older_bid=207 older_rid=207 younger_slot=7 older_slot=2
[C:1395095][TMA.NA    ]: scb_waw_violation peId=0 scalar=0 private=0 younger_bid=231 younger_rid=231 older_bid=219 older_rid=219 younger_slot=8 older_slot=7
[C:1395096][TMA.NA    ]: scb_waw_violation peId=0 scalar=0 private=0 younger_bid=243 younger_rid=243 older_bid=231 older_rid=231 younger_slot=9 older_slot=8
[C:1395655][TMA.NA    ]: scb_waw_violation peId=0 scalar=0 private=0 younger_bid=87 younger_rid=87 older_bid=75 older_rid=75 younger_slot=6 older_slot=5
[C:1395674][TMA.NA    ]: scb_waw_violation peId=0 scalar=0 private=0 younger_bid=99 younger_rid=99 older_bid=87 older_rid=87 younger_slot=1 older_slot=6
[C:1395814][TMA.NA    ]: scb_waw_violation peId=0 scalar=0 private=0 younger_bid=104 younger_rid=104 older_bid=92 older_rid=92 younger_slot=1 older_slot=7
[C:1395819][TMA.NA    ]: scb_waw_violation peId=0 scalar=0 private=0 younger_bid=92 younger_rid=92 older_bid=80 older_rid=80 younger_slot=7 older_slot=6
[C:1395820][TMA.NA    ]: scb_waw_violation peId=0 scalar=0 private=0 younger_bid=116 younger_rid=116 older_bid=104 older_rid=104 younger_slot=8 older_slot=1
[C:1396391][TMA.NA    ]: scb_waw_violation peId=0 scalar=0 private=0 younger_bid=219 younger_rid=219 older_bid=207 older_rid=207 younger_slot=7 older_slot=6
[C:1396426][TMA.NA    ]: scb_waw_violation peId=0 scalar=0 private=0 younger_bid=231 younger_rid=231 older_bid=219 older_rid=219 younger_slot=0 older_slot=7
[C:1396489][TMA.NA    ]: scb_waw_violation peId=0 scalar=0 private=0 younger_bid=243 younger_rid=243 older_bid=231 older_rid=231 younger_slot=1 older_slot=0
[C:1396539][TMA.NA    ]: scb_waw_violation peId=0 scalar=0 private=0 younger_bid=224 younger_rid=224 older_bid=212 older_rid=212 younger_slot=2 older_slot=7
[C:1396544][TMA.NA    ]: scb_waw_violation peId=0 scalar=0 private=0 younger_bid=236 younger_rid=236 older_bid=224 older_rid=224 younger_slot=8 older_slot=2
[C:1396547][TMA.NA    ]: scb_waw_violation peId=0 scalar=0 private=0 younger_bid=248 younger_rid=248 older_bid=236 older_rid=236 younger_slot=3 older_slot=8
[C:1397154][TMA.NA    ]: scb_waw_violation peId=0 scalar=0 private=0 younger_bid=92 younger_rid=92 older_bid=80 older_rid=80 younger_slot=1 older_slot=6
[C:1397214][TMA.NA    ]: scb_waw_violation peId=0 scalar=0 private=0 younger_bid=97 younger_rid=97 older_bid=85 older_rid=85 younger_slot=2 older_slot=7
[C:1397229][TMA.NA    ]: scb_waw_violation peId=0 scalar=0 private=0 younger_bid=104 younger_rid=104 older_bid=92 older_rid=92 younger_slot=3 older_slot=1
[C:1397253][TMA.NA    ]: scb_waw_violation peId=0 scalar=0 private=0 younger_bid=109 younger_rid=109 older_bid=97 older_rid=97 younger_slot=4 older_slot=2
[C:1397340][TMA.NA    ]: scb_waw_violation peId=0 scalar=0 private=0 younger_bid=116 younger_rid=116 older_bid=104 older_rid=104 younger_slot=0 older_slot=3
[C:1397881][TMA.NA    ]: scb_waw_violation peId=0 scalar=0 private=0 younger_bid=213 younger_rid=213 older_bid=202 older_rid=202 younger_slot=0 older_slot=2
[C:1398824][TMA.NA    ]: scb_waw_violation peId=0 scalar=0 private=0 younger_bid=83 younger_rid=83 older_bid=71 older_rid=71 younger_slot=2 older_slot=0
[C:1398885][TMA.NA    ]: scb_waw_violation peId=0 scalar=0 private=0 younger_bid=88 younger_rid=88 older_bid=76 older_rid=76 younger_slot=3 older_slot=1
[C:1398924][TMA.NA    ]: scb_waw_violation peId=0 scalar=0 private=0 younger_bid=95 younger_rid=95 older_bid=83 older_rid=83 younger_slot=0 older_slot=2
[C:1399534][TMA.NA    ]: scb_waw_violation peId=0 scalar=0 private=0 younger_bid=200 younger_rid=200 older_bid=188 older_rid=188 younger_slot=1 older_slot=6
[C:1399628][TMA.NA    ]: scb_waw_violation peId=0 scalar=0 private=0 younger_bid=205 younger_rid=205 older_bid=193 older_rid=193 younger_slot=0 older_slot=9
[C:1399629][TMA.NA    ]: scb_waw_violation peId=0 scalar=0 private=0 younger_bid=212 younger_rid=212 older_bid=200 older_rid=200 younger_slot=3 older_slot=1
[C:1399648][TMA.NA    ]: scb_waw_violation peId=0 scalar=0 private=0 younger_bid=217 younger_rid=217 older_bid=205 older_rid=205 younger_slot=1 older_slot=0
[C:1399686][TMA.NA    ]: scb_waw_violation peId=0 scalar=0 private=0 younger_bid=224 younger_rid=224 older_bid=212 older_rid=212 younger_slot=4 older_slot=3
[C:1399779][TMA.NA    ]: scb_waw_violation peId=0 scalar=0 private=0 younger_bid=229 younger_rid=229 older_bid=217 older_rid=217 younger_slot=0 older_slot=1
tid: 0 Core@1400000: Retired blocks 816240. BROB head info: B8 STID0 BPC 0x1369e [TMA FALL] rdy:1  TLOAD, lb0:32, lb1:1, lb2:1 FP16 DR, ND2M16.normal, INVALID, zero GMBase:0x29c74 stride:64 -> U TileTag:238 generation:1 physValid:1 addr:0x1400 regCat:0 accSrcCat:0 accDstCat:0 size:1024 ready:0 isZero: 0 cellTracked: 0
tid: 1 Core@1400000: Retired blocks 816240. BROB head info: B7 STID1 BPC 0x13640 [TMA FALL] rdy:1  TSTORE, lb0:32, lb1:1, lb2:64 FP16 DR, NORM.normal, FP16, zero T#1 TileTag:47 generation:2 physValid:1 addr:0x80 regCat:0 accSrcCat:0 accDstCat:0 size:128 ready:1 isZero: 0 cellTracked: 0-> GMBase:0x30074 stride:64
tid: 2 Core@1400000: Retired blocks 816240. BROB head info: B48 STID2 BPC 0x12302 [STD COND]
tid: 3 Core@1400000: Retired blocks 816240. BROB head info: B49 STID3 BPC 0x12302 [STD COND]
[C:1400345][TMA.NA    ]: scb_waw_violation peId=0 scalar=0 private=0 younger_bid=76 younger_rid=76 older_bid=64 older_rid=64 younger_slot=6 older_slot=5
[C:1400360][TMA.NA    ]: scb_waw_violation peId=0 scalar=0 private=0 younger_bid=88 younger_rid=88 older_bid=76 older_rid=76 younger_slot=1 older_slot=6
[C:1400385][TMA.NA    ]: scb_waw_violation peId=0 scalar=0 private=0 younger_bid=81 younger_rid=81 older_bid=69 older_rid=69 younger_slot=3 older_slot=10
[C:1400404][TMA.NA    ]: scb_waw_violation peId=0 scalar=0 private=0 younger_bid=93 younger_rid=93 older_bid=81 older_rid=81 younger_slot=4 older_slot=3
[C:1400444][TMA.NA    ]: scb_waw_violation peId=0 scalar=0 private=0 younger_bid=100 younger_rid=100 older_bid=88 older_rid=88 younger_slot=0 older_slot=1
[C:1400486][TMA.NA    ]: scb_waw_violation peId=0 scalar=0 private=0 younger_bid=105 younger_rid=105 older_bid=93 older_rid=93 younger_slot=1 older_slot=4
[C:1401084][TMA.NA    ]: scb_waw_violation peId=0 scalar=0 private=0 younger_bid=217 younger_rid=217 older_bid=205 older_rid=205 younger_slot=1 older_slot=7
[C:1401089][TMA.NA    ]: scb_waw_violation peId=0 scalar=0 private=0 younger_bid=205 younger_rid=205 older_bid=193 older_rid=193 younger_slot=7 older_slot=6
[C:1401131][TMA.NA    ]: scb_waw_violation peId=0 scalar=0 private=0 younger_bid=210 younger_rid=210 older_bid=198 older_rid=198 younger_slot=11 older_slot=10
[C:1401144][TMA.NA    ]: scb_waw_violation peId=0 scalar=0 private=0 younger_bid=222 younger_rid=222 older_bid=210 older_rid=210 younger_slot=3 older_slot=11
[C:1401228][TMA.NA    ]: scb_waw_violation peId=0 scalar=0 private=0 younger_bid=234 younger_rid=234 older_bid=222 older_rid=222 younger_slot=1 older_slot=3
[C:1401857][TMA.NA    ]: scb_waw_violation peId=0 scalar=0 private=0 younger_bid=81 younger_rid=81 older_bid=69 older_rid=69 younger_slot=6 older_slot=5
[C:1401873][TMA.NA    ]: scb_waw_violation peId=0 scalar=0 private=0 younger_bid=93 younger_rid=93 older_bid=81 older_rid=81 younger_slot=1 older_slot=6
[C:1401900][TMA.NA    ]: scb_waw_violation peId=0 scalar=0 private=0 younger_bid=86 younger_rid=86 older_bid=74 older_rid=74 younger_slot=3 older_slot=9
[C:1401917][TMA.NA    ]: scb_waw_violation peId=0 scalar=0 private=0 younger_bid=98 younger_rid=98 older_bid=86 older_rid=86 younger_slot=4 older_slot=3
[C:1401957][TMA.NA    ]: scb_waw_violation peId=0 scalar=0 private=0 younger_bid=105 younger_rid=105 older_bid=93 older_rid=93 younger_slot=0 older_slot=1
[C:1401999][TMA.NA    ]: scb_waw_violation peId=0 scalar=0 private=0 younger_bid=110 younger_rid=110 older_bid=98 older_rid=98 younger_slot=1 older_slot=4
[C:1402609][TMA.NA    ]: scb_waw_violation peId=0 scalar=0 private=0 younger_bid=210 younger_rid=210 older_bid=198 older_rid=198 younger_slot=7 older_slot=6
[C:1402624][TMA.NA    ]: scb_waw_violation peId=0 scalar=0 private=0 younger_bid=222 younger_rid=222 older_bid=210 older_rid=210 younger_slot=1 older_slot=7
[C:1402656][TMA.NA    ]: scb_waw_violation peId=0 scalar=0 private=0 younger_bid=215 younger_rid=215 older_bid=203 older_rid=203 younger_slot=11 older_slot=10
[C:1402669][TMA.NA    ]: scb_waw_violation peId=0 scalar=0 private=0 younger_bid=227 younger_rid=227 older_bid=215 older_rid=215 younger_slot=3 older_slot=11
[C:1402710][TMA.NA    ]: scb_waw_violation peId=0 scalar=0 private=0 younger_bid=234 younger_rid=234 older_bid=222 older_rid=222 younger_slot=0 older_slot=1
[C:1402753][TMA.NA    ]: scb_waw_violation peId=0 scalar=0 private=0 younger_bid=239 younger_rid=239 older_bid=227 older_rid=227 younger_slot=1 older_slot=3
[C:1403345][TMA.NA    ]: scb_waw_violation peId=0 scalar=0 private=0 younger_bid=86 younger_rid=86 older_bid=74 older_rid=74 younger_slot=6 older_slot=5
[C:1403380][TMA.NA    ]: scb_waw_violation peId=0 scalar=0 private=0 younger_bid=98 younger_rid=98 older_bid=86 older_rid=86 younger_slot=1 older_slot=6
[C:1403402][TMA.NA    ]: scb_waw_violation peId=0 scalar=0 private=0 younger_bid=91 younger_rid=91 older_bid=79 older_rid=79 younger_slot=3 older_slot=10
[C:1403428][TMA.NA    ]: scb_waw_violation peId=0 scalar=0 private=0 younger_bid=103 younger_rid=103 older_bid=91 older_rid=91 younger_slot=4 older_slot=3
[C:1403464][TMA.NA    ]: scb_waw_violation peId=0 scalar=0 private=0 younger_bid=110 younger_rid=110 older_bid=98 older_rid=98 younger_slot=0 older_slot=1
[C:1403506][TMA.NA    ]: scb_waw_violation peId=0 scalar=0 private=0 younger_bid=115 younger_rid=115 older_bid=103 older_rid=103 younger_slot=1 older_slot=4
[C:1404122][TMA.NA    ]: scb_waw_violation peId=0 scalar=0 private=0 younger_bid=215 younger_rid=215 older_bid=203 older_rid=203 younger_slot=6 older_slot=5
[C:1404123][TMA.NA    ]: scb_waw_violation peId=0 scalar=0 private=0 younger_bid=227 younger_rid=227 older_bid=215 older_rid=215 younger_slot=7 older_slot=6
[C:1404164][TMA.NA    ]: scb_waw_violation peId=0 scalar=0 private=0 younger_bid=220 younger_rid=220 older_bid=208 older_rid=208 younger_slot=11 older_slot=10
[C:1404177][TMA.NA    ]: scb_waw_violation peId=0 scalar=0 private=0 younger_bid=232 younger_rid=232 older_bid=220 older_rid=220 younger_slot=2 older_slot=11
[C:1404218][TMA.NA    ]: scb_waw_violation peId=0 scalar=0 private=0 younger_bid=239 younger_rid=239 older_bid=227 older_rid=227 younger_slot=0 older_slot=7
[C:1404261][TMA.NA    ]: scb_waw_violation peId=0 scalar=0 private=0 younger_bid=244 younger_rid=244 older_bid=232 older_rid=232 younger_slot=1 older_slot=2
tid: 0 Core@1500000: Retired blocks 881279. BROB head info: B133 STID0 BPC 0x1275e [FP COND]
tid: 1 Core@1500000: Retired blocks 881279. BROB head info: B169 STID1 BPC 0x12622 [STD COND]
tid: 2 Core@1500000: Retired blocks 881279. BROB head info: B169 STID2 BPC 0x12622 [STD COND]
tid: 3 Core@1500000: Retired blocks 881279. BROB head info: B168 STID3 BPC 0x12622 [STD COND]
tid: 0 Core@1600000: Retired blocks 946446. BROB head info: B182 STID0 BPC 0x12814 [FP COND]
tid: 1 Core@1600000: Retired blocks 946446. BROB head info: B200 STID1 BPC 0x12622 [STD COND]
tid: 2 Core@1600000: Retired blocks 946446. BROB head info: B201 STID2 BPC 0x12622 [STD COND]
tid: 3 Core@1600000: Retired blocks 946446. BROB head info: B199 STID3 BPC 0x12622 [STD COND]
tid: 0 Core@1700000: Retired blocks 1010345. BROB head info: B229 STID0 BPC 0x12814 [FP COND]
tid: 1 Core@1700000: Retired blocks 1010345. BROB head info: B237 STID1 BPC 0x12622 [STD COND]
tid: 2 Core@1700000: Retired blocks 1010345. BROB head info: B237 STID2 BPC 0x12622 [STD COND]
tid: 3 Core@1700000: Retired blocks 1010345. BROB head info: B234 STID3 BPC 0x12622 [STD COND]
tid: 0 Core@1800000: Retired blocks 1074837. BROB head info: B104 STID0 BPC 0x12c44 [FP COND]
tid: 1 Core@1800000: Retired blocks 1074837. BROB head info: B19 STID1 BPC 0x12622 [STD COND]
tid: 2 Core@1800000: Retired blocks 1074837. BROB head info: B16 STID2 BPC 0x12622 [STD COND]
tid: 3 Core@1800000: Retired blocks 1074837. BROB head info: B10 STID3 BPC 0x12622 [STD COND]
tid: 0 Core@1900000: Retired blocks 1139455. BROB head info: B126 STID0 BPC 0x12cfa [FP COND]
tid: 1 Core@1900000: Retired blocks 1139455. BROB head info: B45 STID1 BPC 0x12622 [STD COND]
tid: 2 Core@1900000: Retired blocks 1139455. BROB head info: B42 STID2 BPC 0x12622 [STD COND]
tid: 3 Core@1900000: Retired blocks 1139455. BROB head info: B42 STID3 BPC 0x12622 [STD COND]
tid: 0 Core@2000000: Retired blocks 1203414. BROB head info: B247 STID0 BPC 0x129ce [FP COND]
tid: 1 Core@2000000: Retired blocks 1203414. BROB head info: B75 STID1 BPC 0x12622 [STD COND]
tid: 2 Core@2000000: Retired blocks 1203414. BROB head info: B74 STID2 BPC 0x12622 [STD COND]
tid: 3 Core@2000000: Retired blocks 1203414. BROB head info: B74 STID3 BPC 0x12622 [STD COND]
tid: 0 Core@2100000: Retired blocks 1267473. BROB head info: B211 STID0 BPC 0x129a2 [STD COND]
tid: 1 Core@2100000: Retired blocks 1267473. BROB head info: B107 STID1 BPC 0x12622 [STD COND]
tid: 2 Core@2100000: Retired blocks 1267473. BROB head info: B105 STID2 BPC 0x12622 [STD COND]
tid: 3 Core@2100000: Retired blocks 1267473. BROB head info: B106 STID3 BPC 0x12622 [STD COND]
tid: 0 Core@2200000: Retired blocks 1331826. BROB head info: B210 STID0 BPC 0x129ce [FP COND]
tid: 1 Core@2200000: Retired blocks 1331826. BROB head info: B140 STID1 BPC 0x12622 [STD COND]
tid: 2 Core@2200000: Retired blocks 1331826. BROB head info: B138 STID2 BPC 0x12622 [STD COND]
tid: 3 Core@2200000: Retired blocks 1331826. BROB head info: B138 STID3 BPC 0x12622 [STD COND]
tid: 0 Core@2300000: Retired blocks 1395463. BROB head info: B7 STID0 BPC 0x129ce [FP COND]
tid: 1 Core@2300000: Retired blocks 1395463. BROB head info: B172 STID1 BPC 0x12622 [STD COND]
tid: 2 Core@2300000: Retired blocks 1395463. BROB head info: B170 STID2 BPC 0x12622 [STD COND]
tid: 3 Core@2300000: Retired blocks 1395463. BROB head info: B170 STID3 BPC 0x12622 [STD COND]
tid: 0 Core@2400000: Retired blocks 1458667. BROB head info: B139 STID0 BPC 0x129ce [FP COND]
tid: 1 Core@2400000: Retired blocks 1458667. BROB head info: B204 STID1 BPC 0x12622 [STD COND]
tid: 2 Core@2400000: Retired blocks 1458667. BROB head info: B202 STID2 BPC 0x12622 [STD COND]
tid: 3 Core@2400000: Retired blocks 1458667. BROB head info: B202 STID3 BPC 0x12622 [STD COND]
tid: 0 Core@2500000: Retired blocks 1522912. BROB head info: B43 STID0 BPC 0x129a2 [STD COND]
tid: 1 Core@2500000: Retired blocks 1522912. BROB head info: B225 STID1 BPC 0x12622 [STD COND]
tid: 2 Core@2500000: Retired blocks 1522912. BROB head info: B234 STID2 BPC 0x12622 [STD COND]
tid: 3 Core@2500000: Retired blocks 1522912. BROB head info: B234 STID3 BPC 0x12622 [STD COND]
tid: 0 Core@2600000: Retired blocks 1587122. BROB head info: B150 STID0 BPC 0x129ce [FP COND]
tid: 1 Core@2600000: Retired blocks 1587122. BROB head info: B10 STID1 BPC 0x12622 [STD COND]
tid: 2 Core@2600000: Retired blocks 1587122. BROB head info: B9 STID2 BPC 0x12622 [STD COND]
tid: 3 Core@2600000: Retired blocks 1587122. BROB head info: B9 STID3 BPC 0x12622 [STD COND]
tid: 0 Core@2700000: Retired blocks 1650754. BROB head info: B197 STID0 BPC 0x129a2 [STD COND]
tid: 1 Core@2700000: Retired blocks 1650754. BROB head info: B42 STID1 BPC 0x12622 [STD COND]
tid: 2 Core@2700000: Retired blocks 1650754. BROB head info: B42 STID2 BPC 0x12622 [STD COND]
tid: 3 Core@2700000: Retired blocks 1650754. BROB head info: B41 STID3 BPC 0x12622 [STD COND]
tid: 0 Core@2800000: Retired blocks 1716387. BROB head info: B196 STID0 BPC 0x129ce [FP COND]
tid: 1 Core@2800000: Retired blocks 1716387. BROB head info: B75 STID1 BPC 0x12622 [STD COND]
tid: 2 Core@2800000: Retired blocks 1716387. BROB head info: B74 STID2 BPC 0x12622 [STD COND]
tid: 3 Core@2800000: Retired blocks 1716387. BROB head info: B74 STID3 BPC 0x12622 [STD COND]
tid: 0 Core@2900000: Retired blocks 1781147. BROB head info: B95 STID0 BPC 0x129ce [FP COND]
tid: 1 Core@2900000: Retired blocks 1781147. BROB head info: B106 STID1 BPC 0x12622 [STD COND]
tid: 2 Core@2900000: Retired blocks 1781147. BROB head info: B105 STID2 BPC 0x12622 [STD COND]
tid: 3 Core@2900000: Retired blocks 1781147. BROB head info: B105 STID3 BPC 0x12622 [STD COND]
tid: 0 Core@3000000: Retired blocks 1845603. BROB head info: B198 STID0 BPC 0x129ce [FP COND]
tid: 1 Core@3000000: Retired blocks 1845603. BROB head info: B138 STID1 BPC 0x12622 [STD COND]
tid: 2 Core@3000000: Retired blocks 1845603. BROB head info: B138 STID2 BPC 0x12622 [STD COND]
tid: 3 Core@3000000: Retired blocks 1845603. BROB head info: B137 STID3 BPC 0x12622 [STD COND]
tid: 0 Core@3100000: Retired blocks 1908000. BROB head info: B32 STID0 BPC 0x129ce [FP COND]
tid: 1 Core@3100000: Retired blocks 1908000. BROB head info: B172 STID1 BPC 0x12622 [STD COND]
tid: 2 Core@3100000: Retired blocks 1908000. BROB head info: B170 STID2 BPC 0x12622 [STD COND]
tid: 3 Core@3100000: Retired blocks 1908000. BROB head info: B170 STID3 BPC 0x12622 [STD COND]
tid: 0 Core@3200000: Retired blocks 1973233. BROB head info: B145 STID0 BPC 0x129ce [FP COND]
tid: 1 Core@3200000: Retired blocks 1973233. BROB head info: B204 STID1 BPC 0x12622 [STD COND]
tid: 2 Core@3200000: Retired blocks 1973233. BROB head info: B202 STID2 BPC 0x12622 [STD COND]
tid: 3 Core@3200000: Retired blocks 1973233. BROB head info: B202 STID3 BPC 0x12622 [STD COND]
tid: 0 Core@3300000: Retired blocks 2038463. BROB head info: B1 STID0 BPC 0x129ce [FP COND]
tid: 1 Core@3300000: Retired blocks 2038463. BROB head info: B235 STID1 BPC 0x12622 [STD COND]
tid: 2 Core@3300000: Retired blocks 2038463. BROB head info: B233 STID2 BPC 0x12622 [STD COND]
tid: 3 Core@3300000: Retired blocks 2038463. BROB head info: B234 STID3 BPC 0x12622 [STD COND]
tid: 0 Core@3400000: Retired blocks 2102063. BROB head info: B17 STID0 BPC 0x129ce [FP COND]
tid: 1 Core@3400000: Retired blocks 2102063. BROB head info: B11 STID1 BPC 0x12622 [STD COND]
tid: 2 Core@3400000: Retired blocks 2102063. BROB head info: B9 STID2 BPC 0x12622 [STD COND]
tid: 3 Core@3400000: Retired blocks 2102063. BROB head info: B10 STID3 BPC 0x12622 [STD COND]
tid: 0 Core@3500000: Retired blocks 2167897. BROB head info: B221 STID0 BPC 0x12a58 [FP COND]
tid: 1 Core@3500000: Retired blocks 2167897. BROB head info: B41 STID1 BPC 0x12622 [STD COND]
tid: 2 Core@3500000: Retired blocks 2167897. BROB head info: B42 STID2 BPC 0x12622 [STD COND]
tid: 3 Core@3500000: Retired blocks 2167897. BROB head info: B41 STID3 BPC 0x12622 [STD COND]
tid: 0 Core@3600000: Retired blocks 2233756. BROB head info: B24 STID0 BPC 0x12a58 [FP COND]
tid: 1 Core@3600000: Retired blocks 2233756. BROB head info: B240 STID1 BPC 0x12622 [STD COND]
tid: 2 Core@3600000: Retired blocks 2233756. BROB head info: B74 STID2 BPC 0x12622 [STD COND]
tid: 3 Core@3600000: Retired blocks 2233756. BROB head info: B74 STID3 BPC 0x12622 [STD COND]
tid: 0 Core@3700000: Retired blocks 2299261. BROB head info: B65 STID0 BPC 0x12a58 [FP COND]
tid: 1 Core@3700000: Retired blocks 2299261. BROB head info: B106 STID1 BPC 0x12622 [STD COND]
tid: 2 Core@3700000: Retired blocks 2299261. BROB head info: B106 STID2 BPC 0x12622 [STD COND]
tid: 3 Core@3700000: Retired blocks 2299261. BROB head info: B104 STID3 BPC 0x12622 [STD COND]
tid: 0 Core@3800000: Retired blocks 2363361. BROB head info: B68 STID0 BPC 0x12a58 [FP COND]
tid: 1 Core@3800000: Retired blocks 2363361. BROB head info: B137 STID1 BPC 0x12622 [STD COND]
tid: 2 Core@3800000: Retired blocks 2363361. BROB head info: B138 STID2 BPC 0x12622 [STD COND]
tid: 3 Core@3800000: Retired blocks 2363361. BROB head info: B138 STID3 BPC 0x12622 [STD COND]
[C:3842583][TMA.NA    ]: nuke_pair_diag ld_stid=0 ld_bid=192/w1 ld_rid=69 st_stid=0 st_bid=190/w1 st_rid=47
Simulation time: 2423s 
+-------------------------+--------------+
| Block Control Config Name | Value        |
+-------------------------+--------------+
| inst_decode_bw          | 4            |
| block_rob_depth         | 256          |
| BISQ:cube_isq_depth     | 32           |
| BISQ:vector_isq_depth   | 32           |
+-------------------------+--------------+
+-------------------+--------------+
| CUBE Config Name  | Value        |
+-------------------+--------------+
| uop_isq_depth     | 32           |
| tcvt_isq_depth    | 16           |
| L0A_size          | 16           |
| L0B_size          | 16           |
| L0C_size          | 16           |
+-------------------+--------------+
===================SuperScalar NPU Stats====================
Total Cycles.....................................:   3842845
================SuperScalar Unified Top-Down================
Retiring.........................................:     45.32%
Bad Speculation..................................:     19.15%
Frontend Bound...................................:      0.00%
CMD Bound........................................:      0.05%
Backend Bound....................................:     35.48%
=============Top-Down Normalization Diagnostics=============
Bad Speculation Clipped Slots....................:         0
Frontend Bound Clipped Slots.....................:         0
  |-- LD Retiring................................:      8.21%
  |-- ST Retiring................................:      0.15%
  |-- BR Retiring................................:      0.00%
  |-- ALU Retiring...............................:     36.96%
  |-- Other Retiring.............................:      0.00%
  |-- Misprediction..............................:      0.03%
  |-- Machine Clear..............................:     19.12%
  |-- Fetch Latency..............................:      0.00%
  |-- Fetch Bandwidth............................:      0.00%
    |-- Branch Resteering........................:      0.00%
    |-- ITLB/BTLB miss...........................:      0.00%
    |-- BHC miss penalty.........................:      0.00%
    |-- Other fetch lat..........................:      0.00%
    |-- Decode Stall.............................:      0.00%
    |-- Rename Stall.............................:      0.00%
    |-- BROB Stall...............................:      0.00%
    |-- SYS Block Stall..........................:      0.00%
  |-- CMD queue backpressure.....................:      0.05%
    |-- Operand not ready........................:      0.05%
    |-- BIQ capacity full........................:      0.00%
      |-- CUBE BIQ full..........................:      0.00%
      |-- VECTOR BIQ full........................:      0.00%
      |-- TLSU BIQ full..........................:      0.00%
      |-- GROUP/SHU BIQ full.....................:      0.00%
      |-- Other BIQ full.........................:      0.00%
    |-- TileReg capacity full....................:      0.00%
    |-- GPR LPV/no-cancel gate...................:      0.00%
    |-- Other CMD queue block....................:      0.00%
  |-- CMDPipe tile backpressure..................:      0.00%
    |-- TileReg resource unavailable.............:      0.00%
    |-- Other CMDPipe stall......................:      0.00%
  |-- Other CMD control..........................:      0.00%
  |-- Memory Bound...............................:      0.00%
  |-- Core Bound.................................:     35.48%
    |-- L1 Bound.................................:      0.00%
    |-- L2 Bound.................................:      0.00%
    |-- L3/DRAM Bound............................:      0.00%
    |-- Store Bound..............................:      0.00%
    |-- Scalar ALU...............................:     16.13%
    |-- Cube.....................................:      0.09%
    |-- Vector...................................:      0.04%
    |-- TLSU Tload...............................:     15.34%
    |-- TLSU Tstore..............................:      3.87%
    |-- TLSU TMOV................................:      0.00%
    |-- Idle.....................................:      0.00%
    |-- Other Core...............................:      0.00%
      |-- Simple ALU pipe full...................:      0.00%
      |-- Complex INT busy.......................:      1.96%
      |-- Branch port busy.......................:     18.35%
===============Top-Down Boundary Attribution================
IFU-OEX boundary observations (slots)............:  15371380
  |-- Frontend supply bubble (F5)................:      0.57%
  |-- Backend backpressure (F5)..................:      3.49%
  |-- Delivered to OEX (F5)......................:     95.94%
CMD queue/Pipe boundary observations (cycles)....:   3842845
  |-- CMD queue supply bubble....................:     99.56%
  |-- CMD queue backpressure.....................:      0.05%
  |-- CMD blocked union cycles...................:      1892
  |-- CMD issued slots...........................:     22084
  |-- CMD IQ TileOp issue count..................:      3352
  |-- CMD IQ non-empty cycles....................:     16816
  |-- CMD IQ TileOp issue rate (tileops/cycle)...:0.19933397
  |-- CMDPipe tile backpressure events...........:         0
=======Core-Cycles Oldest-Block Top-Down (diagnostic)=======
Core cycles......................................:   3842845
L1 Retiring......................................:      0.01%
L1 Recovery......................................:      0.00%
L1 Frontend Bound................................:     99.38%
L1 CMD Bound.....................................:      0.00%
L1 Backend Bound.................................:      0.61%
L1 Idle/Other....................................:      0.00%
  |-- L2 Memory Bound............................:      0.00%
  |-- L2 Group Sync Bound........................:      0.00%
  |-- L2 Core Bound..............................:      0.61%
    |-- L3 Cube..................................:      0.07%
    |-- L3 Vector................................:      0.02%
    |-- L3 TLSU..................................:      0.52%
    |-- L3 Scalar ALU............................:      0.00%
      |-- L4 Cube execution/queue owner..........:      0.07%
      |-- L4 Vector execution owner..............:      0.02%
      |-- L4 TLSU Tload owner....................:      0.13%
      |-- L4 TLSU Tstore owner...................:      0.39%
      |-- L4 Scalar ALU owner....................:      0.00%
Core-cycle attribution sum.......................:   3842845
STID0 oldest observations........................:   3842845
STID1 oldest observations........................:   3842845
STID2 oldest observations........................:   3842845
STID3 oldest observations........................:   3842845
  |-- RETIRING representative STID...............:         0
  |-- RETIRING representative BID................:         0
  |-- RETIRING participant mask..................:        15
  |-- FRONTEND_BOUND representative STID.........:         0
  |-- FRONTEND_BOUND representative BID..........:         0
  |-- FRONTEND_BOUND participant mask............:        15
  |-- CUBE representative STID...................:         1
  |-- CUBE representative BID....................:         7
  |-- CUBE participant mask......................:        15
  |-- TLSU_TLOAD representative STID.............:         1
  |-- TLSU_TLOAD representative BID..............:         0
  |-- TLSU_TLOAD participant mask................:        15
  |-- TLSU_TSTORE representative STID............:         0
  |-- TLSU_TSTORE representative BID.............:         0
  |-- TLSU_TSTORE participant mask...............:        15
  |-- VECTOR representative STID.................:         1
  |-- VECTOR representative BID..................:         0
  |-- VECTOR participant mask....................:        15
  |-- IDLE_NO_OLDEST representative STID.........:         0
  |-- IDLE_NO_OLDEST representative BID..........:18446744073709551615
  |-- IDLE_NO_OLDEST participant mask............:        15
===================superScalar Key Stats====================
superScalar Tileop Total Cycles..................:  15371380
  |--Cube Tileop Total Cycles....................:     11058
  |--Vector Tileop Total Cycles..................:      9540
  |--TLSU Tileop Total Cycles....................:     45995
superScalar Total Tileop Counter.................:      3352
  |--Cube Execute Tileop Counter.................:       312
  |--Vector Execute Tileop Counter...............:       900
  |--TLSU Execute Tileop Counter.................:      2140
    |--AccountExpTlsuCellReads...................:      1176
    |--AccountExpTlsuCellWrites..................:      1908
superScalar Run Tileop Wall Cycles...............:   3811331
  |--Cube Busy Resource-Cycles (PE-summed).......:     21084
  |--Vector Busy Resource-Cycles (PE-summed).....:     13394
  |--TLSU Busy Resource-Cycles (PE-summed).......:   3811331
  |--Cube Active Wall Cycles (union).............:     11772
  |--Vector Active Wall Cycles (union)...........:      7295
  |--TLSU Active Wall Cycles (union).............:   3811331
    |--TLSU Tload Resource-Cycles (PE-summed)....:   3643089
      |--write Blocked By Ring Cycles............:         0
    |--TLSU Tstore Resource-Cycles (PE-summed)...:    919943
    |--TLSU Tmov Resource-Cycles (PE-summed).....:         0
    |--TLSU Mgather Resource-Cycles (PE-summed)..:         0
    |--TLSU Mscatter Resource-Cycles (PE-summed).:         0
    |--TLSU Vgather Resource-Cycles (PE-summed)..:         0
    |--TLSU Vscatter Resource-Cycles (PE-summed).:         0
  |--All Cores Idle Wall Cycles..................:     31514
  |--Vector-Cube Concurrent Wall Cycles (union)..:      2073
  |--Vector-Cube Active Wall Cycles (union)......:     16994
  |--Cube-TLSU Concurrent Wall Cycles (union)....:     11772
  |--Cube-TLSU Active Wall Cycles (union)........:   3811331
  |--Vector-TLSU Concurrent Wall Cycles (union)..:      7295
  |--Vector-TLSU Active Wall Cycles (union)......:   3811331
=============TileOp Efficiency (explicit units)=============
PE0 CUBE ExecCycles/TileOp.......................:     37.04
PE0 CUBE TileOpRate (ops/cycle)..................:0.00000625
PE0 CUBE TileOp Occupancy (%)....................:      0.04
PE1 CUBE ExecCycles/TileOp.......................:     38.21
PE1 CUBE TileOpRate (ops/cycle)..................:0.00001249
PE1 CUBE TileOp Occupancy (%)....................:      0.09
PE2 CUBE ExecCycles/TileOp.......................:     39.03
PE2 CUBE TileOpRate (ops/cycle)..................:0.00003123
PE2 CUBE TileOp Occupancy (%)....................:      0.21
PE3 CUBE ExecCycles/TileOp.......................:     38.98
PE3 CUBE TileOpRate (ops/cycle)..................:0.00003123
PE3 CUBE TileOp Occupancy (%)....................:      0.21
PE0 VECTOR ReadLatency (cycles/op)...............:      0.00
PE0 VECTOR TileOpRate (ops/cycle)................:      0.00
PE0 VECTOR Utilization...........................:      0.00
PE0 VECTOR Utilization (issue-events)............:      0.00
PE1 VECTOR ReadLatency (cycles/op)...............:      0.00
PE1 VECTOR TileOpRate (ops/cycle)................:      0.00
PE1 VECTOR Utilization...........................:      0.00
PE1 VECTOR Utilization (issue-events)............:      0.00
PE2 VECTOR ReadLatency (cycles/op)...............:      0.00
PE2 VECTOR TileOpRate (ops/cycle)................:      0.00
PE2 VECTOR Utilization...........................:      0.00
PE2 VECTOR Utilization (issue-events)............:      0.00
PE3 VECTOR ReadLatency (cycles/op)...............:      0.00
PE3 VECTOR TileOpRate (ops/cycle)................:      0.00
PE3 VECTOR Utilization...........................:      0.00
PE3 VECTOR Utilization (issue-events)............:      0.00
PE0 TLSU Occupancy/Issue (cycles/event)..........:      7.54
PE0 TLSU IssueRate (events/cycle)................:      0.67
PE0 TLSU Utilization (%).........................:     99.19
Vector-Cube overlap ratio........................:      0.00
Vector-TLSU overlap ratio........................:      0.00
============PROB Status Occupancy (entry-cycles)============
  |--free........................................:         0
  |--alloc.......................................: 441683343
  |--renamed.....................................:         0
  |--dispatched..................................:   9178578
  |--in_queue....................................: 106335291
  |--issued......................................:   9179038
  |--executing...................................:   5436836
  |--writeback...................................:   4214956
  |--completed...................................: 283818375
  |--retired.....................................:  17947891
  |--fault.......................................:         0
  |--need_flush..................................:         0
===============Block Control Key Stats total================
Average Outstanding Block Number.................:      0.08
  |--Average Outstanding Cube Block Number.......:      0.01
  |--Average Outstanding Vector Block Number.....:      0.00
  |--Average Outstanding TLoad Number............:      0.05
  |--Average Outstanding TStore Number...........:      0.02
=============Block Control Key Stats SThread 0==============
Average Outstanding Block Number.................:      0.03
  |--Average Outstanding Cube Block Number.......:      0.00
  |--Average Outstanding Vector Block Number.....:      0.00
  |--Average Outstanding TLoad Number............:      0.02
  |--Average Outstanding TStore Number...........:      0.01
=============Block Control Key Stats SThread 1==============
Average Outstanding Block Number.................:      0.03
  |--Average Outstanding Cube Block Number.......:      0.00
  |--Average Outstanding Vector Block Number.....:      0.00
  |--Average Outstanding TLoad Number............:      0.02
  |--Average Outstanding TStore Number...........:      0.01
=============Block Control Key Stats SThread 2==============
Average Outstanding Block Number.................:      0.02
  |--Average Outstanding Cube Block Number.......:      0.00
  |--Average Outstanding Vector Block Number.....:      0.00
  |--Average Outstanding TLoad Number............:      0.01
  |--Average Outstanding TStore Number...........:      0.00
=============Block Control Key Stats SThread 3==============
Average Outstanding Block Number.................:      0.01
  |--Average Outstanding Cube Block Number.......:      0.00
  |--Average Outstanding Vector Block Number.....:      0.00
  |--Average Outstanding TLoad Number............:      0.00
  |--Average Outstanding TStore Number...........:      0.00
===================CubeCore 0 Statistics====================
Cube Total Cycles................................:   3842845
Cube MAC Exec Occupancy..........................:       636    0.02%
Cube MAC Utilization.............................:     24.00    0.00%
Cube Logical MAC Count...........................:     24576
Cube Equivalent MAC Count........................:  24576.00
Cube Equivalent MAC Rate (MAC/cycle).............:      0.01
Cube core workload units (dtype-normalized)......:     24.00
Cube core workload rate (units/cycle)............:0.00000625
Cube Achieved TFLOPS (equivalent MACs, 1.65GHz)..:  0.000021
Cube core exe tileop count.......................:        24
Cube Uop Generated Count.........................:       384
Cube core retired uop count......................:       384
Cube core total load count.......................:       432
Cube core total store count (CellReg TileC writes):        96
Cube FP16 Logical MAC Count......................:     24576
Cube FP16 Equivalent MAC Count...................:  24576.00
Cube FP8 Logical MAC Count.......................:         0
Cube FP8 Equivalent MAC Count....................:      0.00
Cube FP4 Logical MAC Count.......................:         0
Cube FP4 Equivalent MAC Count....................:      0.00
Cube TileOp Occupancy............................:      1664    0.04%
Cube Load Outstanding............................:       790    0.02%
Cube FixPipe/Store Occupancy.....................:       312    0.01%
Cube core average acc slot use...................:      0.00
Cube core average l0a entry use..................:      2.07
Cube core average l0b entry use..................:      2.07
Cube core average l0a entry use busy.............:      2.12
Cube core average l0b entry use busy.............:      2.12
Cube core average acc slot use busy..............:       N/A
Cube MAC Range...................................:       636
Cube Load Range..................................:       812
Cube Store Range.................................:       312
Cube Load-MAC Range Overlap......................:       229   36.01%
accSlotAllocCount................................:         0
accSlotFreeCount.................................:         0
accSlotPeakInUse.................................:         0
accSlotWaitCount.................................:         0
bandPairMapPeakSize..............................:         0
bandPairMapFinalSize.............................:         0
batchDistributeCount.............................:         0
batchFallbackCount...............................:         0
m0TileCReadCount.................................:         0
m1TileCReadCount.................................:         0
tileCReadRequestCount............................:         0
tileCReadBytes...................................:         0
batchMissedDistributeCount.......................:         0
uniqueTileCSourceAddresses.......................:         0
Cube core exe uop count..........................:       384
Cube core retired uop count......................:       384
Cube core total load count.......................:       432
Cube core total store count (CellReg TileC writes):        96
  |--CellReg Load Count..........................:       432
    |--CellReg TileA Count.......................:        48
    |--CellReg TileB Count.......................:       384
    |--CellReg TileC Count.......................:         0
    |--CellReg LeftScale Count...................:         0
    |--CellReg RightScale Count..................:         0
  |--CellReg Load Bytes..........................:     55296
    |--CellReg TileA Bytes.......................:      6144
    |--CellReg TileB Bytes.......................:     49152
    |--CellReg TileC Bytes.......................:         0
    |--CellReg LeftScale Bytes...................:         0
    |--CellReg RightScale Bytes..................:         0
  |--CellReg Store Count.........................:        96
    |--CellReg TileC Count.......................:        96
  |--CellReg Store Bytes.........................:     12288
    |--CellReg TileC Bytes.......................:     12288
  |--ShareTReg Load Count........................:         0
    |--ShareTReg TileA Count.....................:         0
    |--ShareTReg TileB Count.....................:         0
  |--ShareTReg Load Bytes........................:         0
    |--ShareTReg TileA Bytes.....................:         0
    |--ShareTReg TileB Bytes.....................:         0
  |--Exp CellReg Load Count......................:       408
    |--Exp CellReg TileA Count...................:        24
    |--Exp CellReg TileB Count...................:       384
    |--Exp CellReg TileC Count...................:         0
    |--Exp CellReg LeftScale Count...............:         0
    |--Exp CellReg RightScale Count..............:         0
  |--Exp CellReg Load Delta......................:    -24.00
  |--Exp CellReg Store Count.....................:        24
  |--Exp CellReg Store Delta.....................:    -72.00
  |--Exp ShareTReg Load Count....................:         0
  |--Exp ShareTReg Load Delta....................:      0.00
Cube core cannot pick main chain uop ratio.......:         0    0.00%
Cube core pick cub chain uop ratio...............:         0     N/A
Cube busy cycle..................................:         0
Cube core mmad busy cycle........................:         0     N/A
Cube core load busy cycle........................:         0     N/A
Cube core store busy cycle.......................:         0     N/A
  UtilMacW (array exec)..........................:       614
    |--UtilMacWMad (systolic MAC phase)..........:       547
    |--UtilMacWRamp (staging/fill-drain).........:        67
  UtilMacO (operand in-flight)...................:       600
  UtilMacA (exec/writeback struct)...............:       411
  UtilMacD (dependency chain)....................:        22
  UtilMacI (issue/rename struct).................:         0
  UtilMacS (no tile).............................:   3841198
  UtilMacUnaccounted.............................:         0
  UtilMacCycles..................................:   3842845
    |--UtilMacSub_O_L0InFlight...................:       583
    |--UtilMacSub_O_ScaleInFlight................:         0
    |--UtilMacSub_O_LoadPath.....................:         0
    |--UtilMacSub_O_LdUopBuf.....................:        17
    |--UtilMacSub_A_AllocBackpressure............:         0
    |--UtilMacSub_A_StoreInFlight................:        60
    |--UtilMacSub_A_FixPipeAnnounce..............:       262
    |--UtilMacSub_A_UopBufQueue..................:         0
    |--UtilMacSub_A_TileBoundary.................:        89
    |--UtilMacSubO_Reconcile.....................:      0.00
    |--UtilMacSubA_Reconcile.....................:      0.00
    |--UtilMacSub_O_L0InFlight_A.................:       561
    |--UtilMacSub_O_L0InFlight_B.................:         0
    |--UtilMacSub_O_L0InFlight_C.................:         0
    |--UtilMacSub_O_L0InFlight_Other.............:        22
    |--UtilMacSubO_L0Split_Reconcile.............:      0.00
  UtilMacIssue_Issued............................:       384
  UtilMacIssue_CStreamWait.......................:         0
  UtilMacIssue_L0InFlight........................:       625
  UtilMacIssue_ScaleInFlight.....................:         0
  UtilMacIssue_AllocBackpressure.................:         0
  UtilMacIssue_KLoopChain........................:         0
  UtilMacIssue_UopBufQueue.......................:        21
  UtilMacIssue_LdUopBufQueue.....................:         0
  UtilMacIssue_NoTile............................:   3841198
  UtilMacIssue_TileBoundary......................:       617
  UtilMacIssue_Unaccounted.......................:         0
  UtilMacIssue_Reconcile.........................:      0.00
  UtilMacIssue_L0InFlight_A......................:       577
  UtilMacIssue_L0InFlight_B......................:         0
  UtilMacIssue_L0InFlight_C......................:         0
  UtilMacIssue_L0InFlight_Other..................:        48
  UtilMacIssue_L0Split_Reconcile.................:      0.00
  UtilMacStageOcc................................:      2688
  UtilMacStageIdle...............................:      1141
  UtilMacStage_Reconcile.........................:      0.00
  UtilMacFillWeightedUtil........................:      0.00
  UtilMacShadow_CwaitCycles......................:         0
  UtilMacShadow_L0WithCwait......................:         0
  UtilMacStageIdle_L0InFlight....................:       700
  UtilMacStageIdle_TileBoundary..................:       441
  UtilMacStageIdleByCause_Reconcile..............:      0.00
===================CubeCore 1 Statistics====================
Cube Total Cycles................................:   3842845
Cube MAC Exec Occupancy..........................:      1307    0.03%
Cube MAC Utilization.............................:     48.00    0.00%
Cube Logical MAC Count...........................:     49152
Cube Equivalent MAC Count........................:  49152.00
Cube Equivalent MAC Rate (MAC/cycle).............:      0.01
Cube core workload units (dtype-normalized)......:     48.00
Cube core workload rate (units/cycle)............:0.00001249
Cube Achieved TFLOPS (equivalent MACs, 1.65GHz)..:  0.000042
Cube core exe tileop count.......................:        48
Cube Uop Generated Count.........................:       768
Cube core retired uop count......................:       768
Cube core total load count.......................:       952
Cube core total store count (CellReg TileC writes):       192
Cube FP16 Logical MAC Count......................:     49152
Cube FP16 Equivalent MAC Count...................:  49152.00
Cube FP8 Logical MAC Count.......................:         0
Cube FP8 Equivalent MAC Count....................:      0.00
Cube FP4 Logical MAC Count.......................:         0
Cube FP4 Equivalent MAC Count....................:      0.00
Cube TileOp Occupancy............................:      3317    0.09%
Cube Load Outstanding............................:      1648    0.04%
Cube FixPipe/Store Occupancy.....................:       624    0.02%
Cube core average acc slot use...................:      0.33
Cube core average l0a entry use..................:      2.13
Cube core average l0b entry use..................:      2.13
Cube core average l0a entry use busy.............:      2.18
Cube core average l0b entry use busy.............:      2.18
Cube core average acc slot use busy..............:      6.34
Cube MAC Range...................................:      1327
Cube Load Range..................................:      1690
Cube Store Range.................................:       624
Cube Load-MAC Range Overlap......................:       575   43.33%
accSlotAllocCount................................:        32
accSlotFreeCount.................................:        32
accSlotPeakInUse.................................:         8
accSlotWaitCount.................................:         0
bandPairMapPeakSize..............................:         8
bandPairMapFinalSize.............................:         0
batchDistributeCount.............................:         0
batchFallbackCount...............................:         0
m0TileCReadCount.................................:        32
m1TileCReadCount.................................:         0
tileCReadRequestCount............................:        32
tileCReadBytes...................................:      4096
batchMissedDistributeCount.......................:         0
uniqueTileCSourceAddresses.......................:         4
Cube core exe uop count..........................:       768
Cube core retired uop count......................:       768
Cube core total load count.......................:       952
Cube core total store count (CellReg TileC writes):       192
  |--CellReg Load Count..........................:       952
    |--CellReg TileA Count.......................:       152
    |--CellReg TileB Count.......................:       768
    |--CellReg TileC Count.......................:        32
    |--CellReg LeftScale Count...................:         0
    |--CellReg RightScale Count..................:         0
  |--CellReg Load Bytes..........................:    121856
    |--CellReg TileA Bytes.......................:     19456
    |--CellReg TileB Bytes.......................:     98304
    |--CellReg TileC Bytes.......................:      4096
    |--CellReg LeftScale Bytes...................:         0
    |--CellReg RightScale Bytes..................:         0
  |--CellReg Store Count.........................:       192
    |--CellReg TileC Count.......................:       192
  |--CellReg Store Bytes.........................:     24576
    |--CellReg TileC Bytes.......................:     24576
  |--ShareTReg Load Count........................:         0
    |--ShareTReg TileA Count.....................:         0
    |--ShareTReg TileB Count.....................:         0
  |--ShareTReg Load Bytes........................:         0
    |--ShareTReg TileA Bytes.....................:         0
    |--ShareTReg TileB Bytes.....................:         0
  |--Exp CellReg Load Count......................:       820
    |--Exp CellReg TileA Count...................:        48
    |--Exp CellReg TileB Count...................:       768
    |--Exp CellReg TileC Count...................:         4
    |--Exp CellReg LeftScale Count...............:         0
    |--Exp CellReg RightScale Count..............:         0
  |--Exp CellReg Load Delta......................:   -132.00
  |--Exp CellReg Store Count.....................:        48
  |--Exp CellReg Store Delta.....................:   -144.00
  |--Exp ShareTReg Load Count....................:         0
  |--Exp ShareTReg Load Delta....................:      0.00
Cube core cannot pick main chain uop ratio.......:         0    0.00%
Cube core pick cub chain uop ratio...............:         0     N/A
Cube busy cycle..................................:         0
Cube core mmad busy cycle........................:         0     N/A
Cube core load busy cycle........................:         0     N/A
Cube core store busy cycle.......................:         0     N/A
  UtilMacW (array exec)..........................:      1260
    |--UtilMacWMad (systolic MAC phase)..........:      1116
    |--UtilMacWRamp (staging/fill-drain).........:       144
  UtilMacO (operand in-flight)...................:      1174
  UtilMacA (exec/writeback struct)...............:       808
  UtilMacD (dependency chain)....................:        40
  UtilMacI (issue/rename struct).................:         0
  UtilMacS (no tile).............................:   3839563
  UtilMacUnaccounted.............................:         0
  UtilMacCycles..................................:   3842845
    |--UtilMacSub_O_L0InFlight...................:      1138
    |--UtilMacSub_O_ScaleInFlight................:         0
    |--UtilMacSub_O_LoadPath.....................:         0
    |--UtilMacSub_O_LdUopBuf.....................:        36
    |--UtilMacSub_A_AllocBackpressure............:         0
    |--UtilMacSub_A_StoreInFlight................:       111
    |--UtilMacSub_A_FixPipeAnnounce..............:       512
    |--UtilMacSub_A_UopBufQueue..................:         0
    |--UtilMacSub_A_TileBoundary.................:       185
    |--UtilMacSubO_Reconcile.....................:      0.00
    |--UtilMacSubA_Reconcile.....................:      0.00
    |--UtilMacSub_O_L0InFlight_A.................:      1088
    |--UtilMacSub_O_L0InFlight_B.................:         0
    |--UtilMacSub_O_L0InFlight_C.................:         3
    |--UtilMacSub_O_L0InFlight_Other.............:        47
    |--UtilMacSubO_L0Split_Reconcile.............:      0.00
  UtilMacIssue_Issued............................:       768
  UtilMacIssue_CStreamWait.......................:         0
  UtilMacIssue_L0InFlight........................:      1292
  UtilMacIssue_ScaleInFlight.....................:         0
  UtilMacIssue_AllocBackpressure.................:         0
  UtilMacIssue_KLoopChain........................:         0
  UtilMacIssue_UopBufQueue.......................:        39
  UtilMacIssue_LdUopBufQueue.....................:         0
  UtilMacIssue_NoTile............................:   3839563
  UtilMacIssue_TileBoundary......................:      1183
  UtilMacIssue_Unaccounted.......................:         0
  UtilMacIssue_Reconcile.........................:      0.00
  UtilMacIssue_L0InFlight_A......................:      1196
  UtilMacIssue_L0InFlight_B......................:         0
  UtilMacIssue_L0InFlight_C......................:         0
  UtilMacIssue_L0InFlight_Other..................:        96
  UtilMacIssue_L0Split_Reconcile.................:      0.00
  UtilMacStageOcc................................:      5376
  UtilMacStageIdle...............................:      2436
  UtilMacStage_Reconcile.........................:      0.00
  UtilMacFillWeightedUtil........................:      0.00
  UtilMacShadow_CwaitCycles......................:         0
  UtilMacShadow_L0WithCwait......................:         0
  UtilMacStageIdle_L0InFlight....................:      1620
  UtilMacStageIdle_UopBufQueue...................:         3
  UtilMacStageIdle_TileBoundary..................:       813
  UtilMacStageIdleByCause_Reconcile..............:      0.00
===================CubeCore 2 Statistics====================
Cube Total Cycles................................:   3842845
Cube MAC Exec Occupancy..........................:      3222    0.08%
Cube MAC Utilization.............................:    120.00    0.00%
Cube Logical MAC Count...........................:    122880
Cube Equivalent MAC Count........................: 122880.00
Cube Equivalent MAC Rate (MAC/cycle).............:      0.03
Cube core workload units (dtype-normalized)......:    120.00
Cube core workload rate (units/cycle)............:0.00003123
Cube Achieved TFLOPS (equivalent MACs, 1.65GHz)..:  0.000106
Cube core exe tileop count.......................:       120
Cube Uop Generated Count.........................:      1920
Cube core retired uop count......................:      1920
Cube core total load count.......................:      2512
Cube core total store count (CellReg TileC writes):       480
Cube FP16 Logical MAC Count......................:    122880
Cube FP16 Equivalent MAC Count...................: 122880.00
Cube FP8 Logical MAC Count.......................:         0
Cube FP8 Equivalent MAC Count....................:      0.00
Cube FP4 Logical MAC Count.......................:         0
Cube FP4 Equivalent MAC Count....................:      0.00
Cube TileOp Occupancy............................:      8086    0.21%
Cube Load Outstanding............................:      4119    0.11%
Cube FixPipe/Store Occupancy.....................:      1560    0.04%
Cube core average acc slot use...................:      0.53
Cube core average l0a entry use..................:      2.27
Cube core average l0b entry use..................:      2.27
Cube core average l0a entry use busy.............:      2.31
Cube core average l0b entry use busy.............:      2.31
Cube core average acc slot use busy..............:      6.29
Cube MAC Range...................................:      3302
Cube Load Range..................................:      4217
Cube Store Range.................................:      1560
Cube Load-MAC Range Overlap......................:      1493   45.22%
accSlotAllocCount................................:       128
accSlotFreeCount.................................:       128
accSlotPeakInUse.................................:         8
accSlotWaitCount.................................:         0
bandPairMapPeakSize..............................:         8
bandPairMapFinalSize.............................:         0
batchDistributeCount.............................:         0
batchFallbackCount...............................:         0
m0TileCReadCount.................................:       128
m1TileCReadCount.................................:         0
tileCReadRequestCount............................:       128
tileCReadBytes...................................:     16384
batchMissedDistributeCount.......................:         0
uniqueTileCSourceAddresses.......................:         8
Cube core exe uop count..........................:      1920
Cube core retired uop count......................:      1920
Cube core total load count.......................:      2512
Cube core total store count (CellReg TileC writes):       480
  |--CellReg Load Count..........................:      2512
    |--CellReg TileA Count.......................:       464
    |--CellReg TileB Count.......................:      1920
    |--CellReg TileC Count.......................:       128
    |--CellReg LeftScale Count...................:         0
    |--CellReg RightScale Count..................:         0
  |--CellReg Load Bytes..........................:    321536
    |--CellReg TileA Bytes.......................:     59392
    |--CellReg TileB Bytes.......................:    245760
    |--CellReg TileC Bytes.......................:     16384
    |--CellReg LeftScale Bytes...................:         0
    |--CellReg RightScale Bytes..................:         0
  |--CellReg Store Count.........................:       480
    |--CellReg TileC Count.......................:       480
  |--CellReg Store Bytes.........................:     61440
    |--CellReg TileC Bytes.......................:     61440
  |--ShareTReg Load Count........................:         0
    |--ShareTReg TileA Count.....................:         0
    |--ShareTReg TileB Count.....................:         0
  |--ShareTReg Load Bytes........................:         0
    |--ShareTReg TileA Bytes.....................:         0
    |--ShareTReg TileB Bytes.....................:         0
  |--Exp CellReg Load Count......................:      2056
    |--Exp CellReg TileA Count...................:       120
    |--Exp CellReg TileB Count...................:      1920
    |--Exp CellReg TileC Count...................:        16
    |--Exp CellReg LeftScale Count...............:         0
    |--Exp CellReg RightScale Count..............:         0
  |--Exp CellReg Load Delta......................:   -456.00
  |--Exp CellReg Store Count.....................:       120
  |--Exp CellReg Store Delta.....................:   -360.00
  |--Exp ShareTReg Load Count....................:         0
  |--Exp ShareTReg Load Delta....................:      0.00
Cube core cannot pick main chain uop ratio.......:         0    0.00%
Cube core pick cub chain uop ratio...............:         0     N/A
Cube busy cycle..................................:         0
Cube core mmad busy cycle........................:         0     N/A
Cube core load busy cycle........................:         0     N/A
Cube core store busy cycle.......................:         0     N/A
  UtilMacW (array exec)..........................:      3105
    |--UtilMacWMad (systolic MAC phase)..........:      2752
    |--UtilMacWRamp (staging/fill-drain).........:       353
  UtilMacO (operand in-flight)...................:      2904
  UtilMacA (exec/writeback struct)...............:      1911
  UtilMacD (dependency chain)....................:        85
  UtilMacI (issue/rename struct).................:         0
  UtilMacS (no tile).............................:   3834840
  UtilMacUnaccounted.............................:         0
  UtilMacCycles..................................:   3842845
    |--UtilMacSub_O_L0InFlight...................:      2820
    |--UtilMacSub_O_ScaleInFlight................:         0
    |--UtilMacSub_O_LoadPath.....................:         0
    |--UtilMacSub_O_LdUopBuf.....................:        84
    |--UtilMacSub_A_AllocBackpressure............:        11
    |--UtilMacSub_A_StoreInFlight................:       265
    |--UtilMacSub_A_FixPipeAnnounce..............:      1195
    |--UtilMacSub_A_UopBufQueue..................:         0
    |--UtilMacSub_A_TileBoundary.................:       440
    |--UtilMacSubO_Reconcile.....................:      0.00
    |--UtilMacSubA_Reconcile.....................:      0.00
    |--UtilMacSub_O_L0InFlight_A.................:      2688
    |--UtilMacSub_O_L0InFlight_B.................:         0
    |--UtilMacSub_O_L0InFlight_C.................:        16
    |--UtilMacSub_O_L0InFlight_Other.............:       116
    |--UtilMacSubO_L0Split_Reconcile.............:      0.00
  UtilMacIssue_Issued............................:      1920
  UtilMacIssue_CStreamWait.......................:         0
  UtilMacIssue_L0InFlight........................:      3166
  UtilMacIssue_ScaleInFlight.....................:         0
  UtilMacIssue_AllocBackpressure.................:         0
  UtilMacIssue_KLoopChain........................:         0
  UtilMacIssue_UopBufQueue.......................:        95
  UtilMacIssue_LdUopBufQueue.....................:         0
  UtilMacIssue_NoTile............................:   3834840
  UtilMacIssue_TileBoundary......................:      2824
  UtilMacIssue_Unaccounted.......................:         0
  UtilMacIssue_Reconcile.........................:      0.00
  UtilMacIssue_L0InFlight_A......................:      2926
  UtilMacIssue_L0InFlight_B......................:         0
  UtilMacIssue_L0InFlight_C......................:         0
  UtilMacIssue_L0InFlight_Other..................:       240
  UtilMacIssue_L0Split_Reconcile.................:      0.00
  UtilMacStageOcc................................:     13440
  UtilMacStageIdle...............................:      5824
  UtilMacStage_Reconcile.........................:      0.00
  UtilMacFillWeightedUtil........................:      0.00
  UtilMacShadow_CwaitCycles......................:         0
  UtilMacShadow_L0WithCwait......................:         0
  UtilMacStageIdle_L0InFlight....................:      3832
  UtilMacStageIdle_UopBufQueue...................:         3
  UtilMacStageIdle_TileBoundary..................:      1989
  UtilMacStageIdleByCause_Reconcile..............:      0.00
===================CubeCore 3 Statistics====================
Cube Total Cycles................................:   3842845
Cube MAC Exec Occupancy..........................:      3282    0.09%
Cube MAC Utilization.............................:    120.00    0.00%
Cube Logical MAC Count...........................:    122880
Cube Equivalent MAC Count........................: 122880.00
Cube Equivalent MAC Rate (MAC/cycle).............:      0.03
Cube core workload units (dtype-normalized)......:    120.00
Cube core workload rate (units/cycle)............:0.00003123
Cube Achieved TFLOPS (equivalent MACs, 1.65GHz)..:  0.000106
Cube core exe tileop count.......................:       120
Cube Uop Generated Count.........................:      1920
Cube core retired uop count......................:      1920
Cube core total load count.......................:      2512
Cube core total store count (CellReg TileC writes):       480
Cube FP16 Logical MAC Count......................:    122880
Cube FP16 Equivalent MAC Count...................: 122880.00
Cube FP8 Logical MAC Count.......................:         0
Cube FP8 Equivalent MAC Count....................:      0.00
Cube FP4 Logical MAC Count.......................:         0
Cube FP4 Equivalent MAC Count....................:      0.00
Cube TileOp Occupancy............................:      8017    0.21%
Cube Load Outstanding............................:      4198    0.11%
Cube FixPipe/Store Occupancy.....................:      1560    0.04%
Cube core average acc slot use...................:      0.53
Cube core average l0a entry use..................:      2.27
Cube core average l0b entry use..................:      2.27
Cube core average l0a entry use busy.............:      2.31
Cube core average l0b entry use busy.............:      2.31
Cube core average acc slot use busy..............:      6.31
Cube MAC Range...................................:      3362
Cube Load Range..................................:      4298
Cube Store Range.................................:      1560
Cube Load-MAC Range Overlap......................:      1541   45.84%
accSlotAllocCount................................:       128
accSlotFreeCount.................................:       128
accSlotPeakInUse.................................:         8
accSlotWaitCount.................................:         0
bandPairMapPeakSize..............................:         8
bandPairMapFinalSize.............................:         0
batchDistributeCount.............................:         0
batchFallbackCount...............................:         0
m0TileCReadCount.................................:       128
m1TileCReadCount.................................:         0
tileCReadRequestCount............................:       128
tileCReadBytes...................................:     16384
batchMissedDistributeCount.......................:         0
uniqueTileCSourceAddresses.......................:         8
Cube core exe uop count..........................:      1920
Cube core retired uop count......................:      1920
Cube core total load count.......................:      2512
Cube core total store count (CellReg TileC writes):       480
  |--CellReg Load Count..........................:      2512
    |--CellReg TileA Count.......................:       464
    |--CellReg TileB Count.......................:      1920
    |--CellReg TileC Count.......................:       128
    |--CellReg LeftScale Count...................:         0
    |--CellReg RightScale Count..................:         0
  |--CellReg Load Bytes..........................:    321536
    |--CellReg TileA Bytes.......................:     59392
    |--CellReg TileB Bytes.......................:    245760
    |--CellReg TileC Bytes.......................:     16384
    |--CellReg LeftScale Bytes...................:         0
    |--CellReg RightScale Bytes..................:         0
  |--CellReg Store Count.........................:       480
    |--CellReg TileC Count.......................:       480
  |--CellReg Store Bytes.........................:     61440
    |--CellReg TileC Bytes.......................:     61440
  |--ShareTReg Load Count........................:         0
    |--ShareTReg TileA Count.....................:         0
    |--ShareTReg TileB Count.....................:         0
  |--ShareTReg Load Bytes........................:         0
    |--ShareTReg TileA Bytes.....................:         0
    |--ShareTReg TileB Bytes.....................:         0
  |--Exp CellReg Load Count......................:      2056
    |--Exp CellReg TileA Count...................:       120
    |--Exp CellReg TileB Count...................:      1920
    |--Exp CellReg TileC Count...................:        16
    |--Exp CellReg LeftScale Count...............:         0
    |--Exp CellReg RightScale Count..............:         0
  |--Exp CellReg Load Delta......................:   -456.00
  |--Exp CellReg Store Count.....................:       120
  |--Exp CellReg Store Delta.....................:   -360.00
  |--Exp ShareTReg Load Count....................:         0
  |--Exp ShareTReg Load Delta....................:      0.00
Cube core cannot pick main chain uop ratio.......:         0    0.00%
Cube core pick cub chain uop ratio...............:         0     N/A
Cube busy cycle..................................:         0
Cube core mmad busy cycle........................:         0     N/A
Cube core load busy cycle........................:         0     N/A
Cube core store busy cycle.......................:         0     N/A
  UtilMacW (array exec)..........................:      3160
    |--UtilMacWMad (systolic MAC phase)..........:      2788
    |--UtilMacWRamp (staging/fill-drain).........:       372
  UtilMacO (operand in-flight)...................:      2927
  UtilMacA (exec/writeback struct)...............:      1767
  UtilMacD (dependency chain)....................:        91
  UtilMacI (issue/rename struct).................:         0
  UtilMacS (no tile).............................:   3834900
  UtilMacUnaccounted.............................:         0
  UtilMacCycles..................................:   3842845
    |--UtilMacSub_O_L0InFlight...................:      2852
    |--UtilMacSub_O_ScaleInFlight................:         0
    |--UtilMacSub_O_LoadPath.....................:         0
    |--UtilMacSub_O_LdUopBuf.....................:        75
    |--UtilMacSub_A_AllocBackpressure............:         8
    |--UtilMacSub_A_StoreInFlight................:       251
    |--UtilMacSub_A_FixPipeAnnounce..............:      1113
    |--UtilMacSub_A_UopBufQueue..................:         0
    |--UtilMacSub_A_TileBoundary.................:       395
    |--UtilMacSubO_Reconcile.....................:      0.00
    |--UtilMacSubA_Reconcile.....................:      0.00
    |--UtilMacSub_O_L0InFlight_A.................:      2715
    |--UtilMacSub_O_L0InFlight_B.................:         0
    |--UtilMacSub_O_L0InFlight_C.................:        15
    |--UtilMacSub_O_L0InFlight_Other.............:       122
    |--UtilMacSubO_L0Split_Reconcile.............:      0.00
  UtilMacIssue_Issued............................:      1920
  UtilMacIssue_CStreamWait.......................:         0
  UtilMacIssue_L0InFlight........................:      3263
  UtilMacIssue_ScaleInFlight.....................:         0
  UtilMacIssue_AllocBackpressure.................:         0
  UtilMacIssue_KLoopChain........................:         0
  UtilMacIssue_UopBufQueue.......................:        95
  UtilMacIssue_LdUopBufQueue.....................:         0
  UtilMacIssue_NoTile............................:   3834900
  UtilMacIssue_TileBoundary......................:      2667
  UtilMacIssue_Unaccounted.......................:         0
  UtilMacIssue_Reconcile.........................:      0.00
  UtilMacIssue_L0InFlight_A......................:      3023
  UtilMacIssue_L0InFlight_B......................:         0
  UtilMacIssue_L0InFlight_C......................:         0
  UtilMacIssue_L0InFlight_Other..................:       240
  UtilMacIssue_L0Split_Reconcile.................:      0.00
  UtilMacStageOcc................................:     13440
  UtilMacStageIdle...............................:      6076
  UtilMacStage_Reconcile.........................:      0.00
  UtilMacFillWeightedUtil........................:      0.00
  UtilMacShadow_CwaitCycles......................:         0
  UtilMacShadow_L0WithCwait......................:         0
  UtilMacStageIdle_L0InFlight....................:      4087
  UtilMacStageIdle_UopBufQueue...................:         6
  UtilMacStageIdle_TileBoundary..................:      1983
  UtilMacStageIdleByCause_Reconcile..............:      0.00
=============== TLSU tile-store STQ residency peId=0 ===============
  resident entry-cycles ....................: 168948
  |-- addr/interval not resolved ...........: 0  (0.00%)
  |-- tile data (rename) not ready .........: 138416  (81.93%)
  |-- BLOCKED BY NON-FLUSH POINTER .........: 27548  (16.31%)
  |-- older store still in STQ .............: 2416  (1.43%)
  |-- SCB full ............................: 0  (0.00%)
  store_issue=47292 scb_enter=47292 stq_peak=80 scb_peak=63
  private_l1_handoff: fragments=46724 acks=46724 wait_entry_cycles=46724 balanced=yes
  invariants: stq_conservation=OK (created=46796 destroyed=46796) a3_tile_violation=0 scb_flush_hit=0 scb_waw_scalar=0 scb_waw_tile=137 nuke=3
=============== TLOAD Sub-path peId=0 ===============
  occupancy entry-cycles ..................: 17124543 (88.28%)
  issue events ............................: 2524697
=============== TSTORE Sub-path peId=0 ===============
  occupancy entry-cycles ..................: 2273799 (11.72%)
  issue events ............................: 47292
=============== TMOV Sub-path peId=0 ===============
  occupancy entry-cycles ..................: 0 (0.00%)
  issue events ............................: 0
========================Streaming L2========================
l2_tr_read_sent..................................:      1666
l2_tr_read_response..............................:      1666
l2_tr_read_wait_cycles...........................:      5482
l2_tr_read_queue_full_cycles.....................:         0
l2_tr_write_sent.................................:      3481
l2_tr_write_response.............................:      3481
l2_tr_write_wait_cycles..........................:     20991
l2_tr_write_queue_full_cycles....................:         0
l2_rwdb_entry_full_cycles........................:        31
l2_prior_read_raw_renames........................:        18
l2_starvation_bypass_cycles......................:         0
=====================Retired block Type=====================
Retired Block Num................................:   2391403
  |--Retired STD Block Num.......................:   2165255
  |--Retired PARALLEL Block Num..................:      3352
    |--Retired CUBE Block Num....................:       312    9.31%
    |--Retired VCALL Block Num...................:       900   26.85%
    |--Retired TLSU Block Num....................:      2140   63.84%
  |--Retired SYS Block Num.......................:         0
  |--Retired FP Block Num........................:    222796
  |--Retired OTHER Block Num.....................:         0
==================Retired Template Opcode===================
FENTRY...........................................:        74
FEXIT............................................:         0
FRET.............................................:        73
MEMSET...........................................:        18
MEMCOPY..........................................:         0
Retired Instruction Number.......................:  13931527
  |--Retired Scalar Inst Number..................:  13931527
  |--Retired Vec Inst Number.....................:         0
Retired Cube TileOp Number.......................:       312
Blocks Per Cycle.................................:  0.622300
IPC..............................................:  3.625316
Average BROB occupancy...........................:    227.20
  |--STID0 Average BROB occupancy................: 20.756604
  |--STID1 Average BROB occupancy................:192.055489
  |--STID2 Average BROB occupancy................:  8.942617
  |--STID3 Average BROB occupancy................:  5.443707
Effective window size............................:    447.06
MPKB.............................................:      4.30
MPKI.............................................:      0.74
Simulation speed (Kilo Insts Per Second).........:      5.75
Discontinuous BPC Count..........................:   2317053
Average Continuous BPC Length....................:  1.032088
Average fetch minsts/header per cycle............:     10.34
==========Block Control Detail Stats(Tile rename)===========
Tile capacity sample cycles......................:   3842845
Tile virtual tag capacity T/U/M/N (all threads)..:      4096
Tile virtual peak live tags T/U/M/N (all threads):       313
Tile physical CellReg capacity per PE(B).........:    262144
Tile physical CellReg capacity all PEs(B)........:   1048576
Tile lazy physical allocation enabled............:         0
Tile TLOAD first-data-ready bind enabled.........:         0
Tile physical bind requests......................:         0
Tile physical bind grants........................:         0
Tile physical bind failures......................:         0
Tile rename-to-bind average cycles...............:       N/A
Tile average virtual-only live tags..............:      0.00
Tile stale cell wakeup events....................:         0
Tile register average tag num....................:    212.04
  |--T...........................................:     63.07
  |--U...........................................:     63.04
  |--M...........................................:     63.02
  |--N...........................................:     22.91
  |--ACC.........................................:      0.00
  |--STK.........................................:      0.00
  |--DEP.........................................:      0.00
  |--MCALL_GPR...................................:      0.00
  |--MCALL_STK...................................:      0.00
Tile virtual average requested bytes (all threads): 251579.95
Tile virtual sum of per-hand peak requested bytes:    144000
Tile virtual simultaneous peak requested bytes (all threads):    392064
Tile physical simultaneous peak occupied bytes (all PEs):    138112
Tile physical simultaneous peak occupied cells (all PEs):      1079
  |--T virtual requested bytes...................:  42731.15
  |--T virtual peak requested bytes..............:     32640
  |--U virtual requested bytes...................:  96889.39
  |--U virtual peak requested bytes..............:     48896
  |--M virtual requested bytes...................:  65043.64
  |--M virtual peak requested bytes..............:     29696
  |--N virtual requested bytes...................:  46915.77
  |--N virtual peak requested bytes..............:     32768
  |--ACC virtual requested bytes.................:      0.00
  |--ACC virtual peak requested bytes............:         0
  |--STK virtual requested bytes.................:      0.00
  |--STK virtual peak requested bytes............:         0
  |--DEP virtual requested bytes.................:      0.00
  |--DEP virtual peak requested bytes............:         0
  |--MCALL_GPR virtual requested bytes...........:      0.00
  |--MCALL_GPR virtual peak requested bytes......:         0
  |--MCALL_STK virtual requested bytes...........:      0.00
  |--MCALL_STK virtual peak requested bytes......:         0
Tile register average occupied bytes (all threads):  40469.83
Tile register average utilization (%)............:    3.8595
  |--T occupied bytes............................:     36445   90.06%
  |--U occupied bytes............................:      3953    9.77%
  |--M occupied bytes............................:        61    0.15%
  |--N occupied bytes............................:         8    0.02%
  |--ACC occupied bytes..........................:         0    0.00%
  |--STK occupied bytes..........................:         0    0.00%
  |--DEP occupied bytes..........................:         0    0.00%
  |--MCALL_GPR occupied bytes....................:         0    0.00%
  |--MCALL_STK occupied bytes....................:         0    0.00%
Tile physical configured hand size of T..........:     65536
  |-- physical peak utilization..................:     20992   32.03%
Tile physical configured hand size of U..........:     65536
  |-- physical peak utilization..................:      9728   14.84%
Tile physical configured hand size of M..........:     65536
  |-- physical peak utilization..................:     13312   20.31%
Tile physical configured hand size of N..........:     65536
  |-- physical peak utilization..................:      2048    3.12%
STID0 TileReg average occupied bytes.............:  10133.67
STID0 TileReg average utilization (%)............:    3.8657
STID0 virtual Tile average requested bytes.......:  69841.57
STID0 virtual Tile peak requested bytes..........:    124544
STID0 physical Tile peak occupied bytes..........:     41728
STID1 TileReg average occupied bytes.............:  10141.28
STID1 TileReg average utilization (%)............:    3.8686
STID1 virtual Tile average requested bytes.......:  69854.21
STID1 virtual Tile peak requested bytes..........:    124800
STID1 physical Tile peak occupied bytes..........:     43136
STID2 TileReg average occupied bytes.............:  10105.79
STID2 TileReg average utilization (%)............:    3.8551
STID2 virtual Tile average requested bytes.......:  55710.13
STID2 virtual Tile peak requested bytes..........:    118656
STID2 physical Tile peak occupied bytes..........:     45568
STID3 TileReg average occupied bytes.............:  10089.08
STID3 TileReg average utilization (%)............:    3.8487
STID3 virtual Tile average requested bytes.......:  56174.04
STID3 virtual Tile peak requested bytes..........:     91776
STID3 physical Tile peak occupied bytes..........:     33280
Tile size-class allocator enabled................:         1
Tile allocator unit size(B)......................:       128
Tile allocator requests..........................:      2233
Tile allocator failures..........................:         0
Tile allocator successful requested units........:     15350
Tile allocator granted units.....................:     15350
Tile allocator class waste units.................:         0
Tile allocator split events......................:      1670
Tile allocator merge events......................:      1800
Tile allocator sum of per-thread peak(B).........:    163968
==============Block Control Stall Stats Total===============
BRob Full Stall..................................:         0
RENAME Stall.....................................:         0
Block Rename Get Stall...........................:         0
Block Rename Set Stall...........................:         0
BIsq Full Stall .................................:         0
TileReg Full Stall ..............................:         0
============Block Control Stall Stats SThread 0=============
BRob Full Stall..................................:         0
RENAME Stall.....................................:         0
Block Rename Get Stall...........................:         0
Block Rename Set Stall...........................:         0
BIsq Full Stall .................................:         0
TileReg Full Stall ..............................:         0
============Block Control Stall Stats SThread 1=============
BRob Full Stall..................................:         0
RENAME Stall.....................................:         0
Block Rename Get Stall...........................:         0
Block Rename Set Stall...........................:         0
BIsq Full Stall .................................:         0
TileReg Full Stall ..............................:         0
============Block Control Stall Stats SThread 2=============
BRob Full Stall..................................:         0
RENAME Stall.....................................:         0
Block Rename Get Stall...........................:         0
Block Rename Set Stall...........................:         0
BIsq Full Stall .................................:         0
TileReg Full Stall ..............................:         0
============Block Control Stall Stats SThread 3=============
BRob Full Stall..................................:         0
RENAME Stall.....................................:         0
Block Rename Get Stall...........................:         0
Block Rename Set Stall...........................:         0
BIsq Full Stall .................................:         0
TileReg Full Stall ..............................:         0
============CtlStack (BISQ park head, per-stid)=============
  CtlStackG_S0...................................:      8274
  CtlStackBIQFull_S0.............................:         0
  CtlStackPortBudget_S0..........................:         0
  CtlStackCellRename_S0..........................:         0
  CtlStackGroupGate_S0...........................:         0
  CtlStackTlsuBusy_S0............................:         0
  CtlStackPeCluster_S0...........................:         0
  CtlStackEmpty_S0...............................:   3834571
  CtlStackUnaccounted_S0.........................:         0
  CtlStackSyscallGate_S0.........................:         0
  CtlStackResidual_S0............................:         0
  CtlStackG_S1...................................:      8272
  CtlStackBIQFull_S1.............................:         0
  CtlStackPortBudget_S1..........................:         0
  CtlStackCellRename_S1..........................:         0
  CtlStackGroupGate_S1...........................:         0
  CtlStackTlsuBusy_S1............................:         0
  CtlStackPeCluster_S1...........................:         0
  CtlStackEmpty_S1...............................:   3834573
  CtlStackUnaccounted_S1.........................:         0
  CtlStackSyscallGate_S1.........................:         0
  CtlStackResidual_S1............................:         0
  CtlStackG_S2...................................:      3530
  CtlStackBIQFull_S2.............................:         0
  CtlStackPortBudget_S2..........................:         0
  CtlStackCellRename_S2..........................:         0
  CtlStackGroupGate_S2...........................:         0
  CtlStackTlsuBusy_S2............................:         0
  CtlStackPeCluster_S2...........................:         0
  CtlStackEmpty_S2...............................:   3839315
  CtlStackUnaccounted_S2.........................:         0
  CtlStackSyscallGate_S2.........................:         0
  CtlStackResidual_S2............................:         0
  CtlStackG_S3...................................:      1955
  CtlStackBIQFull_S3.............................:         0
  CtlStackPortBudget_S3..........................:         0
  CtlStackCellRename_S3..........................:         0
  CtlStackGroupGate_S3...........................:         0
  CtlStackTlsuBusy_S3............................:         0
  CtlStackPeCluster_S3...........................:         0
  CtlStackEmpty_S3...............................:   3840890
  CtlStackUnaccounted_S3.........................:         0
  CtlStackSyscallGate_S3.........................:         0
  CtlStackResidual_S3............................:         0
==============CtlStack2 (BIQ dispatch, per-IQ)==============
  CtlStack2G_CUBE................................:       312
  CtlStack2Empty_CUBE............................:   3826417
  CtlStack2ReadyWait_CUBE........................:     16116
  CtlStack2DispQFull_CUBE........................:         0
  CtlStack2Unaccounted_CUBE......................:         0
  CtlStack2Residual_CUBE.........................:         0
  CtlStack2G_VEC_PE0.............................:       338
  CtlStack2Empty_VEC_PE0.........................:   3824142
  CtlStack2ReadyWait_VEC_PE0.....................:     18365
  CtlStack2DispQFull_VEC_PE0.....................:         0
  CtlStack2Unaccounted_VEC_PE0...................:         0
  CtlStack2Residual_VEC_PE0......................:         0
  CtlStack2G_VEC_PE1.............................:       338
  CtlStack2Empty_VEC_PE1.........................:   3823605
  CtlStack2ReadyWait_VEC_PE1.....................:     18902
  CtlStack2DispQFull_VEC_PE1.....................:         0
  CtlStack2Unaccounted_VEC_PE1...................:         0
  CtlStack2Residual_VEC_PE1......................:         0
  CtlStack2G_VEC_PE2.............................:       144
  CtlStack2Empty_VEC_PE2.........................:   3832668
  CtlStack2ReadyWait_VEC_PE2.....................:     10033
  CtlStack2DispQFull_VEC_PE2.....................:         0
  CtlStack2Unaccounted_VEC_PE2...................:         0
  CtlStack2Residual_VEC_PE2......................:         0
  CtlStack2G_VEC_PE3.............................:        80
  CtlStack2Empty_VEC_PE3.........................:   3837094
  CtlStack2ReadyWait_VEC_PE3.....................:      5671
  CtlStack2DispQFull_VEC_PE3.....................:         0
  CtlStack2Unaccounted_VEC_PE3...................:         0
  CtlStack2Residual_VEC_PE3......................:         0
============TileCell lifetime by producer module============
  TileCell OccCellCycles_CUBE....................:10430006208
  TileCell FreedCells_CUBE.......................:      1216
  TileCell AvgLifeCycles_CUBE....................:8577307.74
  TileCell MaxLifeCycles_CUBE....................:      1504
  TileCell OccCellCycles_VEC.....................:    601923
  TileCell FreedCells_VEC........................:      2064
  TileCell AvgLifeCycles_VEC.....................:    291.63
  TileCell MaxLifeCycles_VEC.....................:       920
  TileCell OccCellCycles_TLSU....................:18446744064882391116
  TileCell FreedCells_TLSU.......................:     11626
  TileCell AvgLifeCycles_TLSU....................:1586680205133527.50
  TileCell MaxLifeCycles_TLSU....................:   1404320
  TileCell OccCellCycles_Other...................:         0
  TileCell FreedCells_Other......................:         0
  TileCell AvgLifeCycles_Other...................:      0.00
  TileCell MaxLifeCycles_Other...................:         0
==========GmmaGenSpread (lockstep 4-PE divergence)==========
  GenCount (4-PE complete).......................:         0
  IssueSpreadMean................................:       N/A
  IssueSpreadMax.................................:         0
  CompleteSpreadMean.............................:       N/A
  CompleteSpreadMax..............................:         0
  CompleteSpreadBucket_le4.......................:         0
  CompleteSpreadBucket_5to16.....................:         0
  CompleteSpreadBucket_17to64....................:         0
  CompleteSpreadBucket_gt64......................:         0
  FirstDivergenceGen (completeSpread>8)..........:         0
  FirstDivergenceCycle...........................:         0
  FirstDivergenceSpread..........................:         0
=====Block Control Detail Stats(Flush Statistics) Total=====
intra-block ld-st conflict.......................:         0
inter-block ld-st conflict.......................:         1
intra-block misp.................................:         0
inter-block misp.................................:     10355
===Block Control Detail Stats(Flush Statistics) SThread 0===
intra-block ld-st conflict.......................:         0
inter-block ld-st conflict.......................:         1
intra-block misp.................................:         0
inter-block misp.................................:      9456
===Block Control Detail Stats(Flush Statistics) SThread 1===
intra-block ld-st conflict.......................:         0
inter-block ld-st conflict.......................:         0
intra-block misp.................................:         0
inter-block misp.................................:       377
===Block Control Detail Stats(Flush Statistics) SThread 2===
intra-block ld-st conflict.......................:         0
inter-block ld-st conflict.......................:         0
intra-block misp.................................:         0
inter-block misp.................................:       281
===Block Control Detail Stats(Flush Statistics) SThread 3===
intra-block ld-st conflict.......................:         0
inter-block ld-st conflict.......................:         0
intra-block misp.................................:         0
inter-block misp.................................:       241
=====================SPE OOO&IEX stats======================
decode inst bubble...............................:  16701255
average decode bundle............................:      0.00
Thread0 Pick Cnt.................................:   2952398
Thread1 Pick Cnt.................................:   3410511
Thread2 Pick Cnt.................................:   3839422
Thread3 Pick Cnt.................................:   3838798
Thread0 rob stall cnt............................:    230295
Thread1 rob stall cnt............................:    487930
Thread2 rob stall cnt............................:     21626
Thread3 rob stall cnt............................:      2120
decode pe rob stall..............................:         0
decode local gpr stall...........................:         0
inst buffer stall................................:         0
predicate reg stall..............................:         0
vector reg ptag stall............................:         0
vector local scalar reg stall....................:         0
retired ld inst..................................:   2522625
retired st inst..................................:     46586
retired scalar inst..............................:  13931527
retired vector inst..............................:         0
retired div/sqrt inst............................:      1664
MAPQ lg0 stall...................................:       659
MAPQ lg1 stall...................................:       772
MAPQ lg2 stall...................................:       655
MAPQ lg3 stall...................................:       167
ROB lg0 stall....................................:    230295
ROB lg1 stall....................................:    487930
ROB lg2 stall....................................:     21626
ROB lg3 stall....................................:      2120
Thread0 decode cycle.............................:    938638
Thread1 decode cycle.............................:    969003
Thread2 decode cycle.............................:    967316
Thread3 decode cycle.............................:    967806
Thread0 alloc cycle..............................:    707733
Thread1 alloc cycle..............................:    479472
Thread2 alloc cycle..............................:    939050
Thread3 alloc cycle..............................:    958187
Thread0 rename cycle.............................:    707138
Thread1 rename cycle.............................:    479108
Thread2 rename cycle.............................:    938622
Thread3 rename cycle.............................:    957775
Thread0 d2_s1 dispatch cnt.......................:    655585
Thread1 d2_s1 dispatch cnt.......................:    170492
Thread2 d2_s1 dispatch cnt.......................:    795190
Thread3 d2_s1 dispatch cnt.......................:    991910
Thread0 slots_total..............................:   7509104
Thread1 slots_total..............................:   7752024
Thread2 slots_total..............................:   7738528
Thread3 slots_total..............................:   7742448
Thread0 slots_rob_allocated......................:   2952398
Thread1 slots_rob_allocated......................:   3410511
Thread2 slots_rob_allocated......................:   3839422
Thread3 slots_rob_allocated......................:   3838798
Thread0 slots_fe_bubble..........................:   4556706
Thread1 slots_fe_bubble..........................:   4341513
Thread2 slots_fe_bubble..........................:   3899106
Thread3 slots_fe_bubble..........................:   3903650
Thread0 slots_idle...............................:         0
Thread1 slots_idle...............................:         0
Thread2 slots_idle...............................:         0
Thread3 slots_idle...............................:         0
Thread0 robStall.................................:   1842360
Thread1 robStall.................................:   3903440
Thread2 robStall.................................:    173008
Thread3 robStall.................................:     16960
Thread0 retired_load.............................:    409709
Thread1 retired_load.............................:    646474
Thread2 retired_load.............................:    733271
Thread3 retired_load.............................:    733171
Thread0 retired_store............................:     30942
Thread1 retired_store............................:      5278
Thread2 retired_store............................:      5198
Thread3 retired_store............................:      5168
Thread0 retired_innerJump........................:         0
Thread1 retired_innerJump........................:         0
Thread2 retired_innerJump........................:         0
Thread3 retired_innerJump........................:         0
Thread0 retiredAluInst...........................:   2415015
Thread1 retiredAluInst...........................:   2753500
Thread2 retiredAluInst...........................:   3096600
Thread3 retiredAluInst...........................:   3097201
Thread0 retiredSAluInst..........................:   2415015
Thread1 retiredSAluInst..........................:   2753500
Thread2 retiredSAluInst..........................:   3096600
Thread3 retiredSAluInst..........................:   3097201
Thread0 retiredVAluInst..........................:         0
Thread1 retiredVAluInst..........................:         0
Thread2 retiredVAluInst..........................:         0
Thread3 retiredVAluInst..........................:         0
Thread0 retiredScalar............................:   2855666
Thread1 retiredScalar............................:   3405252
Thread2 retiredScalar............................:   3835069
Thread3 retiredScalar............................:   3835540
Thread0 retiredVector............................:         0
Thread1 retiredVector............................:         0
Thread2 retiredVector............................:         0
Thread3 retiredVector............................:         0
Thread0 retiredDivSqrt...........................:      1664
Thread1 retiredDivSqrt...........................:         0
Thread2 retiredDivSqrt...........................:         0
Thread3 retiredDivSqrt...........................:         0
====================Vector PMU Stats PE0====================
PEId.............................................:         0
TileopNum........................................:       338
TCMPPackedTileNum................................:         0
TCMPFragmentExpected.............................:         0
TCMPFragmentCompleted............................:         0
TCMPFragmentCanceled.............................:         0
TCMPPackedCellWrites.............................:         0
TCMPPackWriteWaitCycles..........................:         0
TCMPFlushedTileNum...............................:         0
UopNum...........................................:       488
SplitCellCountMismatch...........................:         0
SplitPartialCellUopCount.........................:         0
SplitUopAvgPayloadBytes..........................:       N/A
UopQDispatch_INT.................................:         0
UopQReadyBypass_INT..............................:         0
UopQDispatchSrcBufFullCycles_INT.................:         0
UopQDispatchSrcBufFullBlockedCycles_INT..........:         0
VecSrcCellNotReadyCycles_INT.....................:        77
SharedReadPortWaitCycles_INT.....................:         0
UopQDispatch_FMA.................................:         0
UopQReadyBypass_FMA..............................:         0
UopQDispatchSrcBufFullCycles_FMA.................:         0
UopQDispatchSrcBufFullBlockedCycles_FMA..........:         0
VecSrcCellNotReadyCycles_FMA.....................:        80
SharedReadPortWaitCycles_FMA.....................:         0
UopQDispatch_LNEXP...............................:         0
UopQReadyBypass_LNEXP............................:         0
UopQDispatchSrcBufFullCycles_LNEXP...............:         0
UopQDispatchSrcBufFullBlockedCycles_LNEXP........:         0
VecSrcCellNotReadyCycles_LNEXP...................:         0
SharedReadPortWaitCycles_LNEXP...................:         0
CellReadMergedUops...............................:         0
StaticUopsIssued.................................:       488
StaticBoardBlockCycles...........................:         0
StaticWritebacks.................................:       488
EarlyWakeupFired.................................:       258
StaticDynPipeBlockCycles.........................:         0
DynStaticChainBlockCycles........................:         0
ExpandTagHits_INT................................:         0
ExpandTagMisses_INT..............................:         0
ExpandBankFills_INT..............................:         0
ExpandTempFills_INT..............................:         0
ExpandEvicts_INT.................................:         0
ExpandTagHits_FMA................................:         0
ExpandTagMisses_FMA..............................:         0
ExpandBankFills_FMA..............................:         0
ExpandTempFills_FMA..............................:         0
ExpandEvicts_FMA.................................:         0
ExpandTagHits_LNEXP..............................:         0
ExpandTagMisses_LNEXP............................:         0
ExpandBankFills_LNEXP............................:         0
ExpandTempFills_LNEXP............................:         0
ExpandEvicts_LNEXP...............................:         0
ExpandFillDrops..................................:         0
ExpandReadStaleFallbacks cls0....................:         0
ExpandReadStaleFallbacks cls1....................:         0
ExpandReadStaleFallbacks cls2....................:         0
LeSharedPortBlockCycles..........................:         0
LeSrc1CarrySkips.................................:         0
=======Static Path Bank Access / Conflict Attribution=======
  StaticBankReads Bank[0]........................:       107
  StaticBankReads Bank[1]........................:        23
  StaticBankReads Bank[2]........................:        90
  StaticBankReads Bank[3]........................:        22
  StaticBankReads Bank[4]........................:        67
  StaticBankReads Bank[5]........................:        20
  StaticBankReads Bank[6]........................:        45
  StaticBankReads Bank[7]........................:        20
  StaticDetectReadBlocks Bank[0].................:         4
  StaticDetectReadBlocks Bank[1].................:         0
  StaticDetectReadBlocks Bank[2].................:         2
  StaticDetectReadBlocks Bank[3].................:         0
  StaticDetectReadBlocks Bank[4].................:         0
  StaticDetectReadBlocks Bank[5].................:         0
  StaticDetectReadBlocks Bank[6].................:         1
  StaticDetectReadBlocks Bank[7].................:         0
  StaticDetectWriteBlocks Bank[0]................:         0
  StaticDetectWriteBlocks Bank[1]................:         0
  StaticDetectWriteBlocks Bank[2]................:         0
  StaticDetectWriteBlocks Bank[3]................:         0
  StaticDetectWriteBlocks Bank[4]................:         0
  StaticDetectWriteBlocks Bank[5]................:         0
  StaticDetectWriteBlocks Bank[6]................:         0
  StaticDetectWriteBlocks Bank[7]................:         0
  StaticIntYieldBlocks Bank[0]...................:         0
  StaticIntYieldBlocks Bank[1]...................:         0
  StaticIntYieldBlocks Bank[2]...................:         0
  StaticIntYieldBlocks Bank[3]...................:         0
  StaticIntYieldBlocks Bank[4]...................:         0
  StaticIntYieldBlocks Bank[5]...................:         0
  StaticIntYieldBlocks Bank[6]...................:         0
  StaticIntYieldBlocks Bank[7]...................:         0
  StaticBoardOccSum Bank[0]......................:      2639
  StaticBoardOccSum Bank[1]......................:      1425
  StaticBoardOccSum Bank[2]......................:      1941
  StaticBoardOccSum Bank[3]......................:      1194
  StaticBoardOccSum Bank[4]......................:      1359
  StaticBoardOccSum Bank[5]......................:       852
  StaticBoardOccSum Bank[6]......................:      1698
  StaticBoardOccSum Bank[7]......................:       840
  StaticBoardOccColSum Col[0]....................:      1330
  StaticBoardOccColSum Col[1]....................:      1330
  StaticBoardOccColSum Col[2]....................:      1330
  StaticBoardOccColSum Col[3]....................:       998
  StaticBoardOccColSum Col[4]....................:       936
  StaticBoardOccColSum Col[5]....................:       936
  StaticBoardOccColSum Col[6]....................:       936
  StaticBoardOccColSum Col[7]....................:       936
  StaticBoardOccColSum Col[8]....................:       936
  StaticBoardOccColSum Col[9]....................:       936
  StaticBoardOccColSum Col[10]...................:       936
  StaticBoardOccColSum Col[11]...................:       408
  StaticBoardOccColSum Col[12]...................:         0
  StaticBoardOccColSum Col[13]...................:         0
  StaticBoardOccColSum Col[14]...................:         0
  StaticBoardOccColSum Col[15]...................:         0
VecAluAcceptCycles_FMA...........................:       264
VecAluAcceptCycles_INT...........................:       144
VecAluAcceptCycles_LNEXP.........................:        80
VecTripleIssueCycles.............................:         0
VecDualIssueCycles...............................:         0
VecSingleIssueCycles.............................:       488
VecIdleIssueCycles...............................:   3842357
CellReadMergeSaved...............................:         0
SrcBufBypassIssue................................:         0
SplitRawGateBlocked..............................:         0
SplitNoFreeSlotCycles............................:         0
IPC(UOP).........................................:  0.000127
RowExpandTileNum.................................:         0
RowReduceTileNum.................................:         0
RedTempMacroNum..................................:         0
HybridCountGatedTiles............................:         0
ReadNum..........................................:         0
CellReadAccessTotal..............................:       394
CellReadAccess_INT...............................:       140
CellReadAccess_FMA...............................:       254
CellReadAccess_LNEXP.............................:         0
ReadLat..........................................:      0.00
  |--LatLE5......................................:         0
  |--LatLE10.....................................:         0
  |--LatLE15.....................................:         0
  |--LatGT15.....................................:         0
WriteNum.........................................:        80
CellWriteAccessTotal.............................:       488
CellWriteAccess_INT..............................:       144
CellWriteAccess_FMA..............................:       264
CellWriteAccess_LNEXP............................:        80
TempForwardHits_INT..............................:         4
TempForwardHits_FMA..............................:        90
TempForwardHits_LNEXP............................:        80
TempForwardMisses_INT............................:       140
TempForwardMisses_FMA............................:       254
TempForwardMisses_LNEXP..........................:         0
ExpandTagHits_INT................................:         0
ExpandTagHits_FMA................................:         0
ExpandTagHits_LNEXP..............................:         0
ExpandTagMisses_INT..............................:         0
ExpandTagMisses_FMA..............................:         0
ExpandTagMisses_LNEXP............................:         0
ExpandBankFills_INT..............................:         0
ExpandBankFills_FMA..............................:         0
ExpandBankFills_LNEXP............................:         0
ExpandTempFills_INT..............................:         0
ExpandTempFills_FMA..............................:         0
ExpandTempFills_LNEXP............................:         0
ExpandEvicts_INT.................................:         0
ExpandEvicts_FMA.................................:         0
ExpandEvicts_LNEXP...............................:         0
LeSharedPortBlockCycles..........................:         0
WriteLat.........................................:      1.11
  |--LatLE5......................................:        80
  |--LatLE10.....................................:         0
  |--LatLE15.....................................:         0
  |--LatGT15.....................................:         0
AccountExpCellReads_INT..........................:       144
AccountExpCellReads_FMA..........................:       344
AccountExpCellReads_LNEXP........................:        80
AccountExpRedTempReads...........................:         0
AccountRedTempReads..............................:         0
AccountExpCellWrites_INT.........................:       144
AccountExpCellWrites_FMA.........................:       264
AccountExpCellWrites_LNEXP.......................:        80
AccountExpRedTempWrites..........................:         0
AccountExpReadsTotal.............................:       568
AccountActReadsTotal.............................:       568
AccountReadDelta.................................:      0.00
AccountExpWritesTotal............................:       488
AccountActWritesTotal............................:       488
AccountWriteDelta................................:      0.00
========================VecUtilStack========================
UtilStackW_INT...................................:       144
UtilStackO_INT...................................:         2
UtilStackA_INT...................................:         0
UtilStackD_INT...................................:         0
UtilStackI_INT...................................:         0
UtilStackS_INT...................................:   3842699
UtilStackUnaccounted_INT.........................:         0
UtilStackW_FMA...................................:       264
UtilStackO_FMA...................................:         5
UtilStackA_FMA...................................:         0
UtilStackD_FMA...................................:         0
UtilStackI_FMA...................................:         0
UtilStackS_FMA...................................:   3842576
UtilStackUnaccounted_FMA.........................:         0
UtilStackW_LNEXP.................................:        80
UtilStackO_LNEXP.................................:         0
UtilStackA_LNEXP.................................:        60
UtilStackD_LNEXP.................................:         0
UtilStackI_LNEXP.................................:         0
UtilStackS_LNEXP.................................:   3842705
UtilStackUnaccounted_LNEXP.......................:         0
UtilStackW_SHARED................................:         0
UtilStackO_SHARED................................:         0
UtilStackA_SHARED................................:         0
UtilStackD_SHARED................................:         0
UtilStackI_SHARED................................:         0
UtilStackS_SHARED................................:   3842845
UtilStackUnaccounted_SHARED......................:         0
UtilStackCycles..................................:   3842845
UtilStackVecBusy.................................:      3430
UtilStackVecExposed..............................:      2841
  UtilStackSub_O_DstWriteCfl_INT.................:         0
  UtilStackSub_O_BankCfl_INT.....................:         2
  UtilStackSub_O_SharedPort_INT..................:         0
  UtilStackSub_O_YieldFma_INT....................:         0
  UtilStackSub_O_LePort_INT......................:         0
  UtilStackSub_A_RedTempMacro_INT................:         0
  UtilStackSub_A_LeThrottle_INT..................:         0
  UtilStackSub_A_LeFifoFull_INT..................:         0
  UtilStackSub_A_IiCool_INT......................:         0
  UtilStackSub_A_DstbufFull_INT..................:         0
  UtilStackSub_A_PipeFull_INT....................:         0
  UtilStackSub_D_StaticSrc_INT...................:         0
  UtilStackSub_D_RedTempCount_INT................:         0
  UtilStackSub_D_DynSrcbuf_INT...................:         0
  UtilStackSubO_Reconcile_INT....................:      0.00
  UtilStackSubA_Reconcile_INT....................:      0.00
  UtilStackSubD_Reconcile_INT....................:      0.00
  UtilStackSub_O_DstWriteCfl_FMA.................:         0
  UtilStackSub_O_BankCfl_FMA.....................:         5
  UtilStackSub_O_SharedPort_FMA..................:         0
  UtilStackSub_O_YieldFma_FMA....................:         0
  UtilStackSub_O_LePort_FMA......................:         0
  UtilStackSub_A_RedTempMacro_FMA................:         0
  UtilStackSub_A_LeThrottle_FMA..................:         0
  UtilStackSub_A_LeFifoFull_FMA..................:         0
  UtilStackSub_A_IiCool_FMA......................:         0
  UtilStackSub_A_DstbufFull_FMA..................:         0
  UtilStackSub_A_PipeFull_FMA....................:         0
  UtilStackSub_D_StaticSrc_FMA...................:         0
  UtilStackSub_D_RedTempCount_FMA................:         0
  UtilStackSub_D_DynSrcbuf_FMA...................:         0
  UtilStackSubO_Reconcile_FMA....................:      0.00
  UtilStackSubA_Reconcile_FMA....................:      0.00
  UtilStackSubD_Reconcile_FMA....................:      0.00
  UtilStackSub_O_DstWriteCfl_LNEXP...............:         0
  UtilStackSub_O_BankCfl_LNEXP...................:         0
  UtilStackSub_O_SharedPort_LNEXP................:         0
  UtilStackSub_O_YieldFma_LNEXP..................:         0
  UtilStackSub_O_LePort_LNEXP....................:         0
  UtilStackSub_A_RedTempMacro_LNEXP..............:         0
  UtilStackSub_A_LeThrottle_LNEXP................:        60
  UtilStackSub_A_LeFifoFull_LNEXP................:         0
  UtilStackSub_A_IiCool_LNEXP....................:         0
  UtilStackSub_A_DstbufFull_LNEXP................:         0
  UtilStackSub_A_PipeFull_LNEXP..................:         0
  UtilStackSub_D_StaticSrc_LNEXP.................:         0
  UtilStackSub_D_RedTempCount_LNEXP..............:         0
  UtilStackSub_D_DynSrcbuf_LNEXP.................:         0
  UtilStackSubO_Reconcile_LNEXP..................:      0.00
  UtilStackSubA_Reconcile_LNEXP..................:      0.00
  UtilStackSubD_Reconcile_LNEXP..................:      0.00
  UtilStackSub_O_DstWriteCfl_SHARED..............:         0
  UtilStackSub_O_BankCfl_SHARED..................:         0
  UtilStackSub_O_SharedPort_SHARED...............:         0
  UtilStackSub_O_YieldFma_SHARED.................:         0
  UtilStackSub_O_LePort_SHARED...................:         0
  UtilStackSub_A_RedTempMacro_SHARED.............:         0
  UtilStackSub_A_LeThrottle_SHARED...............:         0
  UtilStackSub_A_LeFifoFull_SHARED...............:         0
  UtilStackSub_A_IiCool_SHARED...................:         0
  UtilStackSub_A_DstbufFull_SHARED...............:         0
  UtilStackSub_A_PipeFull_SHARED.................:         0
  UtilStackSub_D_StaticSrc_SHARED................:         0
  UtilStackSub_D_RedTempCount_SHARED.............:         0
  UtilStackSub_D_DynSrcbuf_SHARED................:         0
  UtilStackSubO_Reconcile_SHARED.................:      0.00
  UtilStackSubA_Reconcile_SHARED.................:      0.00
  UtilStackSubD_Reconcile_SHARED.................:      0.00
  UtilStackOBlocker_None_INT.....................:         0
  UtilStackOBlocker_FmaRead_INT..................:         0
  UtilStackOBlocker_IntRead_INT..................:         0
  UtilStackOBlocker_LeRead_INT...................:         0
  UtilStackOBlocker_FmaWrite_INT.................:         1
  UtilStackOBlocker_IntWrite_INT.................:         0
  UtilStackOBlocker_CubeRead_INT.................:         1
  UtilStackOBlocker_CubeWrite_INT................:         0
  UtilStackOBlocker_LeWrite_INT..................:         0
  UtilStackOBlocker_Reconcile_INT................:      0.00
  UtilStackOBlocker_None_FMA.....................:         0
  UtilStackOBlocker_FmaRead_FMA..................:         0
  UtilStackOBlocker_IntRead_FMA..................:         0
  UtilStackOBlocker_LeRead_FMA...................:         0
  UtilStackOBlocker_FmaWrite_FMA.................:         0
  UtilStackOBlocker_IntWrite_FMA.................:         0
  UtilStackOBlocker_CubeRead_FMA.................:         5
  UtilStackOBlocker_CubeWrite_FMA................:         0
  UtilStackOBlocker_LeWrite_FMA..................:         0
  UtilStackOBlocker_Reconcile_FMA................:      0.00
  UtilStackOBlocker_None_LNEXP...................:         0
  UtilStackOBlocker_FmaRead_LNEXP................:         0
  UtilStackOBlocker_IntRead_LNEXP................:         0
  UtilStackOBlocker_LeRead_LNEXP.................:         0
  UtilStackOBlocker_FmaWrite_LNEXP...............:         0
  UtilStackOBlocker_IntWrite_LNEXP...............:         0
  UtilStackOBlocker_CubeRead_LNEXP...............:         0
  UtilStackOBlocker_CubeWrite_LNEXP..............:         0
  UtilStackOBlocker_LeWrite_LNEXP................:         0
  UtilStackOBlocker_Reconcile_LNEXP..............:      0.00
  UtilStackOBlocker_None_SHARED..................:         0
  UtilStackOBlocker_FmaRead_SHARED...............:         0
  UtilStackOBlocker_IntRead_SHARED...............:         0
  UtilStackOBlocker_LeRead_SHARED................:         0
  UtilStackOBlocker_FmaWrite_SHARED..............:         0
  UtilStackOBlocker_IntWrite_SHARED..............:         0
  UtilStackOBlocker_CubeRead_SHARED..............:         0
  UtilStackOBlocker_CubeWrite_SHARED.............:         0
  UtilStackOBlocker_LeWrite_SHARED...............:         0
  UtilStackOBlocker_Reconcile_SHARED.............:      0.00
YieldFmaReadCycles...............................:         0
YieldFmaWriteCycles..............................:         0
UtilStackHideRatio...............................:      0.17
UtilStackHideRatioStrict.........................:      0.07
  UtilStackIssueCombo_None.......................:   3842357
  UtilStackIssueCombo_INT........................:       144
  UtilStackIssueCombo_FMA........................:       264
  UtilStackIssueCombo_INT+FMA....................:         0
  UtilStackIssueCombo_LE.........................:        80
  UtilStackIssueCombo_INT+LE.....................:         0
  UtilStackIssueCombo_FMA+LE.....................:         0
  UtilStackIssueCombo_INT+FMA+LE.................:         0
  UtilStackIssueCombo_SH.........................:         0
  UtilStackIssueCombo_INT+SH.....................:         0
  UtilStackIssueCombo_FMA+SH.....................:         0
  UtilStackIssueCombo_INT+FMA+SH.................:         0
  UtilStackIssueCombo_LE+SH......................:         0
  UtilStackIssueCombo_INT+LE+SH..................:         0
  UtilStackIssueCombo_FMA+LE+SH..................:         0
  UtilStackIssueCombo_INT+FMA+LE+SH..............:         0
  UtilStackIssueCombo_Reconcile..................:      0.00
  UtilStackIssueEvent_Reconcile..................:      0.00
UtilStackMultiIssueProb..........................:      0.00
UtilStackAvgIssueRate............................:      0.00
UtilStackIssueWidthUtil..........................:      0.00
====================Vector PMU Stats PE1====================
PEId.............................................:         1
TileopNum........................................:       338
TCMPPackedTileNum................................:         0
TCMPFragmentExpected.............................:         0
TCMPFragmentCompleted............................:         0
TCMPFragmentCanceled.............................:         0
TCMPPackedCellWrites.............................:         0
TCMPPackWriteWaitCycles..........................:         0
TCMPFlushedTileNum...............................:         0
UopNum...........................................:       488
SplitCellCountMismatch...........................:         0
SplitPartialCellUopCount.........................:         0
SplitUopAvgPayloadBytes..........................:       N/A
UopQDispatch_INT.................................:         0
UopQReadyBypass_INT..............................:         0
UopQDispatchSrcBufFullCycles_INT.................:         0
UopQDispatchSrcBufFullBlockedCycles_INT..........:         0
VecSrcCellNotReadyCycles_INT.....................:        75
SharedReadPortWaitCycles_INT.....................:         0
UopQDispatch_FMA.................................:         0
UopQReadyBypass_FMA..............................:         0
UopQDispatchSrcBufFullCycles_FMA.................:         0
UopQDispatchSrcBufFullBlockedCycles_FMA..........:         0
VecSrcCellNotReadyCycles_FMA.....................:        76
SharedReadPortWaitCycles_FMA.....................:         0
UopQDispatch_LNEXP...............................:         0
UopQReadyBypass_LNEXP............................:         0
UopQDispatchSrcBufFullCycles_LNEXP...............:         0
UopQDispatchSrcBufFullBlockedCycles_LNEXP........:         0
VecSrcCellNotReadyCycles_LNEXP...................:         0
SharedReadPortWaitCycles_LNEXP...................:         0
CellReadMergedUops...............................:         0
StaticUopsIssued.................................:       488
StaticBoardBlockCycles...........................:         0
StaticWritebacks.................................:       488
EarlyWakeupFired.................................:       258
StaticDynPipeBlockCycles.........................:         0
DynStaticChainBlockCycles........................:         0
ExpandTagHits_INT................................:         0
ExpandTagMisses_INT..............................:         0
ExpandBankFills_INT..............................:         0
ExpandTempFills_INT..............................:         0
ExpandEvicts_INT.................................:         0
ExpandTagHits_FMA................................:         0
ExpandTagMisses_FMA..............................:         0
ExpandBankFills_FMA..............................:         0
ExpandTempFills_FMA..............................:         0
ExpandEvicts_FMA.................................:         0
ExpandTagHits_LNEXP..............................:         0
ExpandTagMisses_LNEXP............................:         0
ExpandBankFills_LNEXP............................:         0
ExpandTempFills_LNEXP............................:         0
ExpandEvicts_LNEXP...............................:         0
ExpandFillDrops..................................:         0
ExpandReadStaleFallbacks cls0....................:         0
ExpandReadStaleFallbacks cls1....................:         0
ExpandReadStaleFallbacks cls2....................:         0
LeSharedPortBlockCycles..........................:         0
LeSrc1CarrySkips.................................:         0
=======Static Path Bank Access / Conflict Attribution=======
  StaticBankReads Bank[0]........................:        94
  StaticBankReads Bank[1]........................:        25
  StaticBankReads Bank[2]........................:        87
  StaticBankReads Bank[3]........................:        21
  StaticBankReads Bank[4]........................:        85
  StaticBankReads Bank[5]........................:        20
  StaticBankReads Bank[6]........................:        56
  StaticBankReads Bank[7]........................:        20
  StaticDetectReadBlocks Bank[0].................:         0
  StaticDetectReadBlocks Bank[1].................:         0
  StaticDetectReadBlocks Bank[2].................:         0
  StaticDetectReadBlocks Bank[3].................:         0
  StaticDetectReadBlocks Bank[4].................:         0
  StaticDetectReadBlocks Bank[5].................:         0
  StaticDetectReadBlocks Bank[6].................:         1
  StaticDetectReadBlocks Bank[7].................:         0
  StaticDetectWriteBlocks Bank[0]................:         0
  StaticDetectWriteBlocks Bank[1]................:         0
  StaticDetectWriteBlocks Bank[2]................:         0
  StaticDetectWriteBlocks Bank[3]................:         0
  StaticDetectWriteBlocks Bank[4]................:         0
  StaticDetectWriteBlocks Bank[5]................:         0
  StaticDetectWriteBlocks Bank[6]................:         0
  StaticDetectWriteBlocks Bank[7]................:         0
  StaticIntYieldBlocks Bank[0]...................:         0
  StaticIntYieldBlocks Bank[1]...................:         0
  StaticIntYieldBlocks Bank[2]...................:         0
  StaticIntYieldBlocks Bank[3]...................:         0
  StaticIntYieldBlocks Bank[4]...................:         0
  StaticIntYieldBlocks Bank[5]...................:         0
  StaticIntYieldBlocks Bank[6]...................:         0
  StaticIntYieldBlocks Bank[7]...................:         0
  StaticBoardOccSum Bank[0]......................:      4359
  StaticBoardOccSum Bank[1]......................:      2229
  StaticBoardOccSum Bank[2]......................:      2969
  StaticBoardOccSum Bank[3]......................:      2121
  StaticBoardOccSum Bank[4]......................:      2032
  StaticBoardOccSum Bank[5]......................:      1444
  StaticBoardOccSum Bank[6]......................:      2136
  StaticBoardOccSum Bank[7]......................:      1444
  StaticBoardOccColSum Col[0]....................:      1960
  StaticBoardOccColSum Col[1]....................:      1956
  StaticBoardOccColSum Col[2]....................:      1956
  StaticBoardOccColSum Col[3]....................:      1618
  StaticBoardOccColSum Col[4]....................:      1548
  StaticBoardOccColSum Col[5]....................:      1548
  StaticBoardOccColSum Col[6]....................:      1548
  StaticBoardOccColSum Col[7]....................:      1548
  StaticBoardOccColSum Col[8]....................:      1548
  StaticBoardOccColSum Col[9]....................:      1548
  StaticBoardOccColSum Col[10]...................:      1548
  StaticBoardOccColSum Col[11]...................:       408
  StaticBoardOccColSum Col[12]...................:         0
  StaticBoardOccColSum Col[13]...................:         0
  StaticBoardOccColSum Col[14]...................:         0
  StaticBoardOccColSum Col[15]...................:         0
VecAluAcceptCycles_FMA...........................:       264
VecAluAcceptCycles_INT...........................:       144
VecAluAcceptCycles_LNEXP.........................:        80
VecTripleIssueCycles.............................:         0
VecDualIssueCycles...............................:         0
VecSingleIssueCycles.............................:       488
VecIdleIssueCycles...............................:   3842357
CellReadMergeSaved...............................:         0
SrcBufBypassIssue................................:         0
SplitRawGateBlocked..............................:         0
SplitNoFreeSlotCycles............................:         0
IPC(UOP).........................................:  0.000127
RowExpandTileNum.................................:         0
RowReduceTileNum.................................:         0
RedTempMacroNum..................................:         0
HybridCountGatedTiles............................:         0
ReadNum..........................................:         0
CellReadAccessTotal..............................:       408
CellReadAccess_INT...............................:       138
CellReadAccess_FMA...............................:       270
CellReadAccess_LNEXP.............................:         0
ReadLat..........................................:      0.00
  |--LatLE5......................................:         0
  |--LatLE10.....................................:         0
  |--LatLE15.....................................:         0
  |--LatGT15.....................................:         0
WriteNum.........................................:        80
CellWriteAccessTotal.............................:       488
CellWriteAccess_INT..............................:       144
CellWriteAccess_FMA..............................:       264
CellWriteAccess_LNEXP............................:        80
TempForwardHits_INT..............................:         6
TempForwardHits_FMA..............................:        74
TempForwardHits_LNEXP............................:        80
TempForwardMisses_INT............................:       138
TempForwardMisses_FMA............................:       270
TempForwardMisses_LNEXP..........................:         0
ExpandTagHits_INT................................:         0
ExpandTagHits_FMA................................:         0
ExpandTagHits_LNEXP..............................:         0
ExpandTagMisses_INT..............................:         0
ExpandTagMisses_FMA..............................:         0
ExpandTagMisses_LNEXP............................:         0
ExpandBankFills_INT..............................:         0
ExpandBankFills_FMA..............................:         0
ExpandBankFills_LNEXP............................:         0
ExpandTempFills_INT..............................:         0
ExpandTempFills_FMA..............................:         0
ExpandTempFills_LNEXP............................:         0
ExpandEvicts_INT.................................:         0
ExpandEvicts_FMA.................................:         0
ExpandEvicts_LNEXP...............................:         0
LeSharedPortBlockCycles..........................:         0
WriteLat.........................................:      1.10
  |--LatLE5......................................:        80
  |--LatLE10.....................................:         0
  |--LatLE15.....................................:         0
  |--LatGT15.....................................:         0
AccountExpCellReads_INT..........................:       144
AccountExpCellReads_FMA..........................:       344
AccountExpCellReads_LNEXP........................:        80
AccountExpRedTempReads...........................:         0
AccountRedTempReads..............................:         0
AccountExpCellWrites_INT.........................:       144
AccountExpCellWrites_FMA.........................:       264
AccountExpCellWrites_LNEXP.......................:        80
AccountExpRedTempWrites..........................:         0
AccountExpReadsTotal.............................:       568
AccountActReadsTotal.............................:       568
AccountReadDelta.................................:      0.00
AccountExpWritesTotal............................:       488
AccountActWritesTotal............................:       488
AccountWriteDelta................................:      0.00
========================VecUtilStack========================
UtilStackW_INT...................................:       144
UtilStackO_INT...................................:         0
UtilStackA_INT...................................:         0
UtilStackD_INT...................................:         0
UtilStackI_INT...................................:         0
UtilStackS_INT...................................:   3842701
UtilStackUnaccounted_INT.........................:         0
UtilStackW_FMA...................................:       264
UtilStackO_FMA...................................:         1
UtilStackA_FMA...................................:         0
UtilStackD_FMA...................................:         0
UtilStackI_FMA...................................:         0
UtilStackS_FMA...................................:   3842580
UtilStackUnaccounted_FMA.........................:         0
UtilStackW_LNEXP.................................:        80
UtilStackO_LNEXP.................................:         0
UtilStackA_LNEXP.................................:        52
UtilStackD_LNEXP.................................:         0
UtilStackI_LNEXP.................................:         0
UtilStackS_LNEXP.................................:   3842713
UtilStackUnaccounted_LNEXP.......................:         0
UtilStackW_SHARED................................:         0
UtilStackO_SHARED................................:         0
UtilStackA_SHARED................................:         0
UtilStackD_SHARED................................:         0
UtilStackI_SHARED................................:         0
UtilStackS_SHARED................................:   3842845
UtilStackUnaccounted_SHARED......................:         0
UtilStackCycles..................................:   3842845
UtilStackVecBusy.................................:      3356
UtilStackVecExposed..............................:      3054
  UtilStackSub_O_DstWriteCfl_INT.................:         0
  UtilStackSub_O_BankCfl_INT.....................:         0
  UtilStackSub_O_SharedPort_INT..................:         0
  UtilStackSub_O_YieldFma_INT....................:         0
  UtilStackSub_O_LePort_INT......................:         0
  UtilStackSub_A_RedTempMacro_INT................:         0
  UtilStackSub_A_LeThrottle_INT..................:         0
  UtilStackSub_A_LeFifoFull_INT..................:         0
  UtilStackSub_A_IiCool_INT......................:         0
  UtilStackSub_A_DstbufFull_INT..................:         0
  UtilStackSub_A_PipeFull_INT....................:         0
  UtilStackSub_D_StaticSrc_INT...................:         0
  UtilStackSub_D_RedTempCount_INT................:         0
  UtilStackSub_D_DynSrcbuf_INT...................:         0
  UtilStackSubO_Reconcile_INT....................:      0.00
  UtilStackSubA_Reconcile_INT....................:      0.00
  UtilStackSubD_Reconcile_INT....................:      0.00
  UtilStackSub_O_DstWriteCfl_FMA.................:         0
  UtilStackSub_O_BankCfl_FMA.....................:         1
  UtilStackSub_O_SharedPort_FMA..................:         0
  UtilStackSub_O_YieldFma_FMA....................:         0
  UtilStackSub_O_LePort_FMA......................:         0
  UtilStackSub_A_RedTempMacro_FMA................:         0
  UtilStackSub_A_LeThrottle_FMA..................:         0
  UtilStackSub_A_LeFifoFull_FMA..................:         0
  UtilStackSub_A_IiCool_FMA......................:         0
  UtilStackSub_A_DstbufFull_FMA..................:         0
  UtilStackSub_A_PipeFull_FMA....................:         0
  UtilStackSub_D_StaticSrc_FMA...................:         0
  UtilStackSub_D_RedTempCount_FMA................:         0
  UtilStackSub_D_DynSrcbuf_FMA...................:         0
  UtilStackSubO_Reconcile_FMA....................:      0.00
  UtilStackSubA_Reconcile_FMA....................:      0.00
  UtilStackSubD_Reconcile_FMA....................:      0.00
  UtilStackSub_O_DstWriteCfl_LNEXP...............:         0
  UtilStackSub_O_BankCfl_LNEXP...................:         0
  UtilStackSub_O_SharedPort_LNEXP................:         0
  UtilStackSub_O_YieldFma_LNEXP..................:         0
  UtilStackSub_O_LePort_LNEXP....................:         0
  UtilStackSub_A_RedTempMacro_LNEXP..............:         0
  UtilStackSub_A_LeThrottle_LNEXP................:        52
  UtilStackSub_A_LeFifoFull_LNEXP................:         0
  UtilStackSub_A_IiCool_LNEXP....................:         0
  UtilStackSub_A_DstbufFull_LNEXP................:         0
  UtilStackSub_A_PipeFull_LNEXP..................:         0
  UtilStackSub_D_StaticSrc_LNEXP.................:         0
  UtilStackSub_D_RedTempCount_LNEXP..............:         0
  UtilStackSub_D_DynSrcbuf_LNEXP.................:         0
  UtilStackSubO_Reconcile_LNEXP..................:      0.00
  UtilStackSubA_Reconcile_LNEXP..................:      0.00
  UtilStackSubD_Reconcile_LNEXP..................:      0.00
  UtilStackSub_O_DstWriteCfl_SHARED..............:         0
  UtilStackSub_O_BankCfl_SHARED..................:         0
  UtilStackSub_O_SharedPort_SHARED...............:         0
  UtilStackSub_O_YieldFma_SHARED.................:         0
  UtilStackSub_O_LePort_SHARED...................:         0
  UtilStackSub_A_RedTempMacro_SHARED.............:         0
  UtilStackSub_A_LeThrottle_SHARED...............:         0
  UtilStackSub_A_LeFifoFull_SHARED...............:         0
  UtilStackSub_A_IiCool_SHARED...................:         0
  UtilStackSub_A_DstbufFull_SHARED...............:         0
  UtilStackSub_A_PipeFull_SHARED.................:         0
  UtilStackSub_D_StaticSrc_SHARED................:         0
  UtilStackSub_D_RedTempCount_SHARED.............:         0
  UtilStackSub_D_DynSrcbuf_SHARED................:         0
  UtilStackSubO_Reconcile_SHARED.................:      0.00
  UtilStackSubA_Reconcile_SHARED.................:      0.00
  UtilStackSubD_Reconcile_SHARED.................:      0.00
  UtilStackOBlocker_None_INT.....................:         0
  UtilStackOBlocker_FmaRead_INT..................:         0
  UtilStackOBlocker_IntRead_INT..................:         0
  UtilStackOBlocker_LeRead_INT...................:         0
  UtilStackOBlocker_FmaWrite_INT.................:         0
  UtilStackOBlocker_IntWrite_INT.................:         0
  UtilStackOBlocker_CubeRead_INT.................:         0
  UtilStackOBlocker_CubeWrite_INT................:         0
  UtilStackOBlocker_LeWrite_INT..................:         0
  UtilStackOBlocker_Reconcile_INT................:      0.00
  UtilStackOBlocker_None_FMA.....................:         0
  UtilStackOBlocker_FmaRead_FMA..................:         0
  UtilStackOBlocker_IntRead_FMA..................:         0
  UtilStackOBlocker_LeRead_FMA...................:         0
  UtilStackOBlocker_FmaWrite_FMA.................:         1
  UtilStackOBlocker_IntWrite_FMA.................:         0
  UtilStackOBlocker_CubeRead_FMA.................:         0
  UtilStackOBlocker_CubeWrite_FMA................:         0
  UtilStackOBlocker_LeWrite_FMA..................:         0
  UtilStackOBlocker_Reconcile_FMA................:      0.00
  UtilStackOBlocker_None_LNEXP...................:         0
  UtilStackOBlocker_FmaRead_LNEXP................:         0
  UtilStackOBlocker_IntRead_LNEXP................:         0
  UtilStackOBlocker_LeRead_LNEXP.................:         0
  UtilStackOBlocker_FmaWrite_LNEXP...............:         0
  UtilStackOBlocker_IntWrite_LNEXP...............:         0
  UtilStackOBlocker_CubeRead_LNEXP...............:         0
  UtilStackOBlocker_CubeWrite_LNEXP..............:         0
  UtilStackOBlocker_LeWrite_LNEXP................:         0
  UtilStackOBlocker_Reconcile_LNEXP..............:      0.00
  UtilStackOBlocker_None_SHARED..................:         0
  UtilStackOBlocker_FmaRead_SHARED...............:         0
  UtilStackOBlocker_IntRead_SHARED...............:         0
  UtilStackOBlocker_LeRead_SHARED................:         0
  UtilStackOBlocker_FmaWrite_SHARED..............:         0
  UtilStackOBlocker_IntWrite_SHARED..............:         0
  UtilStackOBlocker_CubeRead_SHARED..............:         0
  UtilStackOBlocker_CubeWrite_SHARED.............:         0
  UtilStackOBlocker_LeWrite_SHARED...............:         0
  UtilStackOBlocker_Reconcile_SHARED.............:      0.00
YieldFmaReadCycles...............................:         0
YieldFmaWriteCycles..............................:         0
UtilStackHideRatio...............................:      0.09
UtilStackHideRatioStrict.........................:      0.03
  UtilStackIssueCombo_None.......................:   3842357
  UtilStackIssueCombo_INT........................:       144
  UtilStackIssueCombo_FMA........................:       264
  UtilStackIssueCombo_INT+FMA....................:         0
  UtilStackIssueCombo_LE.........................:        80
  UtilStackIssueCombo_INT+LE.....................:         0
  UtilStackIssueCombo_FMA+LE.....................:         0
  UtilStackIssueCombo_INT+FMA+LE.................:         0
  UtilStackIssueCombo_SH.........................:         0
  UtilStackIssueCombo_INT+SH.....................:         0
  UtilStackIssueCombo_FMA+SH.....................:         0
  UtilStackIssueCombo_INT+FMA+SH.................:         0
  UtilStackIssueCombo_LE+SH......................:         0
  UtilStackIssueCombo_INT+LE+SH..................:         0
  UtilStackIssueCombo_FMA+LE+SH..................:         0
  UtilStackIssueCombo_INT+FMA+LE+SH..............:         0
  UtilStackIssueCombo_Reconcile..................:      0.00
  UtilStackIssueEvent_Reconcile..................:      0.00
UtilStackMultiIssueProb..........................:      0.00
UtilStackAvgIssueRate............................:      0.00
UtilStackIssueWidthUtil..........................:      0.00
====================Vector PMU Stats PE2====================
PEId.............................................:         2
TileopNum........................................:       144
TCMPPackedTileNum................................:         0
TCMPFragmentExpected.............................:         0
TCMPFragmentCompleted............................:         0
TCMPFragmentCanceled.............................:         0
TCMPPackedCellWrites.............................:         0
TCMPPackWriteWaitCycles..........................:         0
TCMPFlushedTileNum...............................:         0
UopNum...........................................:       264
SplitCellCountMismatch...........................:         0
SplitPartialCellUopCount.........................:         0
SplitUopAvgPayloadBytes..........................:       N/A
UopQDispatch_INT.................................:         0
UopQReadyBypass_INT..............................:         0
UopQDispatchSrcBufFullCycles_INT.................:         0
UopQDispatchSrcBufFullBlockedCycles_INT..........:         0
VecSrcCellNotReadyCycles_INT.....................:        61
SharedReadPortWaitCycles_INT.....................:         0
UopQDispatch_FMA.................................:         0
UopQReadyBypass_FMA..............................:         0
UopQDispatchSrcBufFullCycles_FMA.................:         0
UopQDispatchSrcBufFullBlockedCycles_FMA..........:         0
VecSrcCellNotReadyCycles_FMA.....................:        64
SharedReadPortWaitCycles_FMA.....................:         0
UopQDispatch_LNEXP...............................:         0
UopQReadyBypass_LNEXP............................:         0
UopQDispatchSrcBufFullCycles_LNEXP...............:         0
UopQDispatchSrcBufFullBlockedCycles_LNEXP........:         0
VecSrcCellNotReadyCycles_LNEXP...................:         0
SharedReadPortWaitCycles_LNEXP...................:         0
CellReadMergedUops...............................:         0
StaticUopsIssued.................................:       264
StaticBoardBlockCycles...........................:         0
StaticWritebacks.................................:       264
EarlyWakeupFired.................................:       112
StaticDynPipeBlockCycles.........................:         0
DynStaticChainBlockCycles........................:         0
ExpandTagHits_INT................................:         0
ExpandTagMisses_INT..............................:         0
ExpandBankFills_INT..............................:         0
ExpandTempFills_INT..............................:         0
ExpandEvicts_INT.................................:         0
ExpandTagHits_FMA................................:         0
ExpandTagMisses_FMA..............................:         0
ExpandBankFills_FMA..............................:         0
ExpandTempFills_FMA..............................:         0
ExpandEvicts_FMA.................................:         0
ExpandTagHits_LNEXP..............................:         0
ExpandTagMisses_LNEXP............................:         0
ExpandBankFills_LNEXP............................:         0
ExpandTempFills_LNEXP............................:         0
ExpandEvicts_LNEXP...............................:         0
ExpandFillDrops..................................:         0
ExpandReadStaleFallbacks cls0....................:         0
ExpandReadStaleFallbacks cls1....................:         0
ExpandReadStaleFallbacks cls2....................:         0
LeSharedPortBlockCycles..........................:         0
LeSrc1CarrySkips.................................:         0
=======Static Path Bank Access / Conflict Attribution=======
  StaticBankReads Bank[0]........................:        45
  StaticBankReads Bank[1]........................:        19
  StaticBankReads Bank[2]........................:        46
  StaticBankReads Bank[3]........................:        17
  StaticBankReads Bank[4]........................:        41
  StaticBankReads Bank[5]........................:        17
  StaticBankReads Bank[6]........................:        41
  StaticBankReads Bank[7]........................:        16
  StaticDetectReadBlocks Bank[0].................:         3
  StaticDetectReadBlocks Bank[1].................:         0
  StaticDetectReadBlocks Bank[2].................:         0
  StaticDetectReadBlocks Bank[3].................:         0
  StaticDetectReadBlocks Bank[4].................:         0
  StaticDetectReadBlocks Bank[5].................:         0
  StaticDetectReadBlocks Bank[6].................:         2
  StaticDetectReadBlocks Bank[7].................:         0
  StaticDetectWriteBlocks Bank[0]................:         0
  StaticDetectWriteBlocks Bank[1]................:         0
  StaticDetectWriteBlocks Bank[2]................:         0
  StaticDetectWriteBlocks Bank[3]................:         0
  StaticDetectWriteBlocks Bank[4]................:         0
  StaticDetectWriteBlocks Bank[5]................:         0
  StaticDetectWriteBlocks Bank[6]................:         0
  StaticDetectWriteBlocks Bank[7]................:         0
  StaticIntYieldBlocks Bank[0]...................:         0
  StaticIntYieldBlocks Bank[1]...................:         0
  StaticIntYieldBlocks Bank[2]...................:         0
  StaticIntYieldBlocks Bank[3]...................:         0
  StaticIntYieldBlocks Bank[4]...................:         0
  StaticIntYieldBlocks Bank[5]...................:         0
  StaticIntYieldBlocks Bank[6]...................:         0
  StaticIntYieldBlocks Bank[7]...................:         0
  StaticBoardOccSum Bank[0]......................:      8657
  StaticBoardOccSum Bank[1]......................:      4660
  StaticBoardOccSum Bank[2]......................:      4894
  StaticBoardOccSum Bank[3]......................:      4630
  StaticBoardOccSum Bank[4]......................:      3564
  StaticBoardOccSum Bank[5]......................:      3235
  StaticBoardOccSum Bank[6]......................:      3466
  StaticBoardOccSum Bank[7]......................:      3232
  StaticBoardOccColSum Col[0]....................:      3463
  StaticBoardOccColSum Col[1]....................:      3455
  StaticBoardOccColSum Col[2]....................:      3455
  StaticBoardOccColSum Col[3]....................:      3242
  StaticBoardOccColSum Col[4]....................:      3213
  StaticBoardOccColSum Col[5]....................:      3213
  StaticBoardOccColSum Col[6]....................:      3213
  StaticBoardOccColSum Col[7]....................:      3213
  StaticBoardOccColSum Col[8]....................:      3213
  StaticBoardOccColSum Col[9]....................:      3213
  StaticBoardOccColSum Col[10]...................:      3213
  StaticBoardOccColSum Col[11]...................:       232
  StaticBoardOccColSum Col[12]...................:         0
  StaticBoardOccColSum Col[13]...................:         0
  StaticBoardOccColSum Col[14]...................:         0
  StaticBoardOccColSum Col[15]...................:         0
VecAluAcceptCycles_FMA...........................:       140
VecAluAcceptCycles_INT...........................:        92
VecAluAcceptCycles_LNEXP.........................:        32
VecTripleIssueCycles.............................:         0
VecDualIssueCycles...............................:         0
VecSingleIssueCycles.............................:       264
VecIdleIssueCycles...............................:   3842581
CellReadMergeSaved...............................:         0
SrcBufBypassIssue................................:         0
SplitRawGateBlocked..............................:         0
SplitNoFreeSlotCycles............................:         0
IPC(UOP).........................................:  0.000069
RowExpandTileNum.................................:         0
RowReduceTileNum.................................:         0
RedTempMacroNum..................................:         0
HybridCountGatedTiles............................:         0
ReadNum..........................................:         0
CellReadAccessTotal..............................:       242
CellReadAccess_INT...............................:        91
CellReadAccess_FMA...............................:       151
CellReadAccess_LNEXP.............................:         0
ReadLat..........................................:      0.00
  |--LatLE5......................................:         0
  |--LatLE10.....................................:         0
  |--LatLE15.....................................:         0
  |--LatGT15.....................................:         0
WriteNum.........................................:        32
CellWriteAccessTotal.............................:       264
CellWriteAccess_INT..............................:        92
CellWriteAccess_FMA..............................:       140
CellWriteAccess_LNEXP............................:        32
TempForwardHits_INT..............................:         1
TempForwardHits_FMA..............................:        21
TempForwardHits_LNEXP............................:        32
TempForwardMisses_INT............................:        91
TempForwardMisses_FMA............................:       151
TempForwardMisses_LNEXP..........................:         0
ExpandTagHits_INT................................:         0
ExpandTagHits_FMA................................:         0
ExpandTagHits_LNEXP..............................:         0
ExpandTagMisses_INT..............................:         0
ExpandTagMisses_FMA..............................:         0
ExpandTagMisses_LNEXP............................:         0
ExpandBankFills_INT..............................:         0
ExpandBankFills_FMA..............................:         0
ExpandBankFills_LNEXP............................:         0
ExpandTempFills_INT..............................:         0
ExpandTempFills_FMA..............................:         0
ExpandTempFills_LNEXP............................:         0
ExpandEvicts_INT.................................:         0
ExpandEvicts_FMA.................................:         0
ExpandEvicts_LNEXP...............................:         0
LeSharedPortBlockCycles..........................:         0
WriteLat.........................................:      1.03
  |--LatLE5......................................:        32
  |--LatLE10.....................................:         0
  |--LatLE15.....................................:         0
  |--LatGT15.....................................:         0
AccountExpCellReads_INT..........................:        92
AccountExpCellReads_FMA..........................:       172
AccountExpCellReads_LNEXP........................:        32
AccountExpRedTempReads...........................:         0
AccountRedTempReads..............................:         0
AccountExpCellWrites_INT.........................:        92
AccountExpCellWrites_FMA.........................:       140
AccountExpCellWrites_LNEXP.......................:        32
AccountExpRedTempWrites..........................:         0
AccountExpReadsTotal.............................:       296
AccountActReadsTotal.............................:       296
AccountReadDelta.................................:      0.00
AccountExpWritesTotal............................:       264
AccountActWritesTotal............................:       264
AccountWriteDelta................................:      0.00
========================VecUtilStack========================
UtilStackW_INT...................................:        92
UtilStackO_INT...................................:         1
UtilStackA_INT...................................:         0
UtilStackD_INT...................................:         0
UtilStackI_INT...................................:         0
UtilStackS_INT...................................:   3842752
UtilStackUnaccounted_INT.........................:         0
UtilStackW_FMA...................................:       140
UtilStackO_FMA...................................:         4
UtilStackA_FMA...................................:         0
UtilStackD_FMA...................................:         0
UtilStackI_FMA...................................:         0
UtilStackS_FMA...................................:   3842701
UtilStackUnaccounted_FMA.........................:         0
UtilStackW_LNEXP.................................:        32
UtilStackO_LNEXP.................................:         0
UtilStackA_LNEXP.................................:        24
UtilStackD_LNEXP.................................:         0
UtilStackI_LNEXP.................................:         0
UtilStackS_LNEXP.................................:   3842789
UtilStackUnaccounted_LNEXP.......................:         0
UtilStackW_SHARED................................:         0
UtilStackO_SHARED................................:         0
UtilStackA_SHARED................................:         0
UtilStackD_SHARED................................:         0
UtilStackI_SHARED................................:         0
UtilStackS_SHARED................................:   3842845
UtilStackUnaccounted_SHARED......................:         0
UtilStackCycles..................................:   3842845
UtilStackVecBusy.................................:      1706
UtilStackVecExposed..............................:      1263
  UtilStackSub_O_DstWriteCfl_INT.................:         0
  UtilStackSub_O_BankCfl_INT.....................:         1
  UtilStackSub_O_SharedPort_INT..................:         0
  UtilStackSub_O_YieldFma_INT....................:         0
  UtilStackSub_O_LePort_INT......................:         0
  UtilStackSub_A_RedTempMacro_INT................:         0
  UtilStackSub_A_LeThrottle_INT..................:         0
  UtilStackSub_A_LeFifoFull_INT..................:         0
  UtilStackSub_A_IiCool_INT......................:         0
  UtilStackSub_A_DstbufFull_INT..................:         0
  UtilStackSub_A_PipeFull_INT....................:         0
  UtilStackSub_D_StaticSrc_INT...................:         0
  UtilStackSub_D_RedTempCount_INT................:         0
  UtilStackSub_D_DynSrcbuf_INT...................:         0
  UtilStackSubO_Reconcile_INT....................:      0.00
  UtilStackSubA_Reconcile_INT....................:      0.00
  UtilStackSubD_Reconcile_INT....................:      0.00
  UtilStackSub_O_DstWriteCfl_FMA.................:         0
  UtilStackSub_O_BankCfl_FMA.....................:         4
  UtilStackSub_O_SharedPort_FMA..................:         0
  UtilStackSub_O_YieldFma_FMA....................:         0
  UtilStackSub_O_LePort_FMA......................:         0
  UtilStackSub_A_RedTempMacro_FMA................:         0
  UtilStackSub_A_LeThrottle_FMA..................:         0
  UtilStackSub_A_LeFifoFull_FMA..................:         0
  UtilStackSub_A_IiCool_FMA......................:         0
  UtilStackSub_A_DstbufFull_FMA..................:         0
  UtilStackSub_A_PipeFull_FMA....................:         0
  UtilStackSub_D_StaticSrc_FMA...................:         0
  UtilStackSub_D_RedTempCount_FMA................:         0
  UtilStackSub_D_DynSrcbuf_FMA...................:         0
  UtilStackSubO_Reconcile_FMA....................:      0.00
  UtilStackSubA_Reconcile_FMA....................:      0.00
  UtilStackSubD_Reconcile_FMA....................:      0.00
  UtilStackSub_O_DstWriteCfl_LNEXP...............:         0
  UtilStackSub_O_BankCfl_LNEXP...................:         0
  UtilStackSub_O_SharedPort_LNEXP................:         0
  UtilStackSub_O_YieldFma_LNEXP..................:         0
  UtilStackSub_O_LePort_LNEXP....................:         0
  UtilStackSub_A_RedTempMacro_LNEXP..............:         0
  UtilStackSub_A_LeThrottle_LNEXP................:        24
  UtilStackSub_A_LeFifoFull_LNEXP................:         0
  UtilStackSub_A_IiCool_LNEXP....................:         0
  UtilStackSub_A_DstbufFull_LNEXP................:         0
  UtilStackSub_A_PipeFull_LNEXP..................:         0
  UtilStackSub_D_StaticSrc_LNEXP.................:         0
  UtilStackSub_D_RedTempCount_LNEXP..............:         0
  UtilStackSub_D_DynSrcbuf_LNEXP.................:         0
  UtilStackSubO_Reconcile_LNEXP..................:      0.00
  UtilStackSubA_Reconcile_LNEXP..................:      0.00
  UtilStackSubD_Reconcile_LNEXP..................:      0.00
  UtilStackSub_O_DstWriteCfl_SHARED..............:         0
  UtilStackSub_O_BankCfl_SHARED..................:         0
  UtilStackSub_O_SharedPort_SHARED...............:         0
  UtilStackSub_O_YieldFma_SHARED.................:         0
  UtilStackSub_O_LePort_SHARED...................:         0
  UtilStackSub_A_RedTempMacro_SHARED.............:         0
  UtilStackSub_A_LeThrottle_SHARED...............:         0
  UtilStackSub_A_LeFifoFull_SHARED...............:         0
  UtilStackSub_A_IiCool_SHARED...................:         0
  UtilStackSub_A_DstbufFull_SHARED...............:         0
  UtilStackSub_A_PipeFull_SHARED.................:         0
  UtilStackSub_D_StaticSrc_SHARED................:         0
  UtilStackSub_D_RedTempCount_SHARED.............:         0
  UtilStackSub_D_DynSrcbuf_SHARED................:         0
  UtilStackSubO_Reconcile_SHARED.................:      0.00
  UtilStackSubA_Reconcile_SHARED.................:      0.00
  UtilStackSubD_Reconcile_SHARED.................:      0.00
  UtilStackOBlocker_None_INT.....................:         0
  UtilStackOBlocker_FmaRead_INT..................:         0
  UtilStackOBlocker_IntRead_INT..................:         0
  UtilStackOBlocker_LeRead_INT...................:         0
  UtilStackOBlocker_FmaWrite_INT.................:         1
  UtilStackOBlocker_IntWrite_INT.................:         0
  UtilStackOBlocker_CubeRead_INT.................:         0
  UtilStackOBlocker_CubeWrite_INT................:         0
  UtilStackOBlocker_LeWrite_INT..................:         0
  UtilStackOBlocker_Reconcile_INT................:      0.00
  UtilStackOBlocker_None_FMA.....................:         0
  UtilStackOBlocker_FmaRead_FMA..................:         0
  UtilStackOBlocker_IntRead_FMA..................:         0
  UtilStackOBlocker_LeRead_FMA...................:         0
  UtilStackOBlocker_FmaWrite_FMA.................:         1
  UtilStackOBlocker_IntWrite_FMA.................:         0
  UtilStackOBlocker_CubeRead_FMA.................:         2
  UtilStackOBlocker_CubeWrite_FMA................:         1
  UtilStackOBlocker_LeWrite_FMA..................:         0
  UtilStackOBlocker_Reconcile_FMA................:      0.00
  UtilStackOBlocker_None_LNEXP...................:         0
  UtilStackOBlocker_FmaRead_LNEXP................:         0
  UtilStackOBlocker_IntRead_LNEXP................:         0
  UtilStackOBlocker_LeRead_LNEXP.................:         0
  UtilStackOBlocker_FmaWrite_LNEXP...............:         0
  UtilStackOBlocker_IntWrite_LNEXP...............:         0
  UtilStackOBlocker_CubeRead_LNEXP...............:         0
  UtilStackOBlocker_CubeWrite_LNEXP..............:         0
  UtilStackOBlocker_LeWrite_LNEXP................:         0
  UtilStackOBlocker_Reconcile_LNEXP..............:      0.00
  UtilStackOBlocker_None_SHARED..................:         0
  UtilStackOBlocker_FmaRead_SHARED...............:         0
  UtilStackOBlocker_IntRead_SHARED...............:         0
  UtilStackOBlocker_LeRead_SHARED................:         0
  UtilStackOBlocker_FmaWrite_SHARED..............:         0
  UtilStackOBlocker_IntWrite_SHARED..............:         0
  UtilStackOBlocker_CubeRead_SHARED..............:         0
  UtilStackOBlocker_CubeWrite_SHARED.............:         0
  UtilStackOBlocker_LeWrite_SHARED...............:         0
  UtilStackOBlocker_Reconcile_SHARED.............:      0.00
YieldFmaReadCycles...............................:         0
YieldFmaWriteCycles..............................:         0
UtilStackHideRatio...............................:      0.26
UtilStackHideRatioStrict.........................:      0.08
  UtilStackIssueCombo_None.......................:   3842581
  UtilStackIssueCombo_INT........................:        92
  UtilStackIssueCombo_FMA........................:       140
  UtilStackIssueCombo_INT+FMA....................:         0
  UtilStackIssueCombo_LE.........................:        32
  UtilStackIssueCombo_INT+LE.....................:         0
  UtilStackIssueCombo_FMA+LE.....................:         0
  UtilStackIssueCombo_INT+FMA+LE.................:         0
  UtilStackIssueCombo_SH.........................:         0
  UtilStackIssueCombo_INT+SH.....................:         0
  UtilStackIssueCombo_FMA+SH.....................:         0
  UtilStackIssueCombo_INT+FMA+SH.................:         0
  UtilStackIssueCombo_LE+SH......................:         0
  UtilStackIssueCombo_INT+LE+SH..................:         0
  UtilStackIssueCombo_FMA+LE+SH..................:         0
  UtilStackIssueCombo_INT+FMA+LE+SH..............:         0
  UtilStackIssueCombo_Reconcile..................:      0.00
  UtilStackIssueEvent_Reconcile..................:      0.00
UtilStackMultiIssueProb..........................:      0.00
UtilStackAvgIssueRate............................:      0.00
UtilStackIssueWidthUtil..........................:      0.00
====================Vector PMU Stats PE3====================
PEId.............................................:         3
TileopNum........................................:        80
TCMPPackedTileNum................................:         0
TCMPFragmentExpected.............................:         0
TCMPFragmentCompleted............................:         0
TCMPFragmentCanceled.............................:         0
TCMPPackedCellWrites.............................:         0
TCMPPackWriteWaitCycles..........................:         0
TCMPFlushedTileNum...............................:         0
UopNum...........................................:       200
SplitCellCountMismatch...........................:         0
SplitPartialCellUopCount.........................:         0
SplitUopAvgPayloadBytes..........................:       N/A
UopQDispatch_INT.................................:         0
UopQReadyBypass_INT..............................:         0
UopQDispatchSrcBufFullCycles_INT.................:         0
UopQDispatchSrcBufFullBlockedCycles_INT..........:         0
VecSrcCellNotReadyCycles_INT.....................:        61
SharedReadPortWaitCycles_INT.....................:         0
UopQDispatch_FMA.................................:         0
UopQReadyBypass_FMA..............................:         0
UopQDispatchSrcBufFullCycles_FMA.................:         0
UopQDispatchSrcBufFullBlockedCycles_FMA..........:         0
VecSrcCellNotReadyCycles_FMA.....................:        61
SharedReadPortWaitCycles_FMA.....................:         0
UopQDispatch_LNEXP...............................:         0
UopQReadyBypass_LNEXP............................:         0
UopQDispatchSrcBufFullCycles_LNEXP...............:         0
UopQDispatchSrcBufFullBlockedCycles_LNEXP........:         0
VecSrcCellNotReadyCycles_LNEXP...................:         0
SharedReadPortWaitCycles_LNEXP...................:         0
CellReadMergedUops...............................:         0
StaticUopsIssued.................................:       200
StaticBoardBlockCycles...........................:         0
StaticWritebacks.................................:       200
EarlyWakeupFired.................................:        64
StaticDynPipeBlockCycles.........................:         0
DynStaticChainBlockCycles........................:         0
ExpandTagHits_INT................................:         0
ExpandTagMisses_INT..............................:         0
ExpandBankFills_INT..............................:         0
ExpandTempFills_INT..............................:         0
ExpandEvicts_INT.................................:         0
ExpandTagHits_FMA................................:         0
ExpandTagMisses_FMA..............................:         0
ExpandBankFills_FMA..............................:         0
ExpandTempFills_FMA..............................:         0
ExpandEvicts_FMA.................................:         0
ExpandTagHits_LNEXP..............................:         0
ExpandTagMisses_LNEXP............................:         0
ExpandBankFills_LNEXP............................:         0
ExpandTempFills_LNEXP............................:         0
ExpandEvicts_LNEXP...............................:         0
ExpandFillDrops..................................:         0
ExpandReadStaleFallbacks cls0....................:         0
ExpandReadStaleFallbacks cls1....................:         0
ExpandReadStaleFallbacks cls2....................:         0
LeSharedPortBlockCycles..........................:         0
LeSrc1CarrySkips.................................:         0
=======Static Path Bank Access / Conflict Attribution=======
  StaticBankReads Bank[0]........................:        36
  StaticBankReads Bank[1]........................:        17
  StaticBankReads Bank[2]........................:        28
  StaticBankReads Bank[3]........................:        18
  StaticBankReads Bank[4]........................:        26
  StaticBankReads Bank[5]........................:        16
  StaticBankReads Bank[6]........................:        20
  StaticBankReads Bank[7]........................:        17
  StaticDetectReadBlocks Bank[0].................:         0
  StaticDetectReadBlocks Bank[1].................:         0
  StaticDetectReadBlocks Bank[2].................:         1
  StaticDetectReadBlocks Bank[3].................:         0
  StaticDetectReadBlocks Bank[4].................:         1
  StaticDetectReadBlocks Bank[5].................:         0
  StaticDetectReadBlocks Bank[6].................:         0
  StaticDetectReadBlocks Bank[7].................:         0
  StaticDetectWriteBlocks Bank[0]................:         0
  StaticDetectWriteBlocks Bank[1]................:         0
  StaticDetectWriteBlocks Bank[2]................:         0
  StaticDetectWriteBlocks Bank[3]................:         0
  StaticDetectWriteBlocks Bank[4]................:         0
  StaticDetectWriteBlocks Bank[5]................:         0
  StaticDetectWriteBlocks Bank[6]................:         0
  StaticDetectWriteBlocks Bank[7]................:         0
  StaticIntYieldBlocks Bank[0]...................:         0
  StaticIntYieldBlocks Bank[1]...................:         0
  StaticIntYieldBlocks Bank[2]...................:         0
  StaticIntYieldBlocks Bank[3]...................:         0
  StaticIntYieldBlocks Bank[4]...................:         0
  StaticIntYieldBlocks Bank[5]...................:         0
  StaticIntYieldBlocks Bank[6]...................:         0
  StaticIntYieldBlocks Bank[7]...................:         0
  StaticBoardOccSum Bank[0]......................:      8415
  StaticBoardOccSum Bank[1]......................:      4597
  StaticBoardOccSum Bank[2]......................:      4743
  StaticBoardOccSum Bank[3]......................:      4576
  StaticBoardOccSum Bank[4]......................:      3376
  StaticBoardOccSum Bank[5]......................:      3232
  StaticBoardOccSum Bank[6]......................:      3389
  StaticBoardOccSum Bank[7]......................:      3235
  StaticBoardOccColSum Col[0]....................:      3361
  StaticBoardOccColSum Col[1]....................:      3343
  StaticBoardOccColSum Col[2]....................:      3343
  StaticBoardOccColSum Col[3]....................:      3177
  StaticBoardOccColSum Col[4]....................:      3165
  StaticBoardOccColSum Col[5]....................:      3165
  StaticBoardOccColSum Col[6]....................:      3165
  StaticBoardOccColSum Col[7]....................:      3165
  StaticBoardOccColSum Col[8]....................:      3165
  StaticBoardOccColSum Col[9]....................:      3165
  StaticBoardOccColSum Col[10]...................:      3165
  StaticBoardOccColSum Col[11]...................:       184
  StaticBoardOccColSum Col[12]...................:         0
  StaticBoardOccColSum Col[13]...................:         0
  StaticBoardOccColSum Col[14]...................:         0
  StaticBoardOccColSum Col[15]...................:         0
VecAluAcceptCycles_FMA...........................:       104
VecAluAcceptCycles_INT...........................:        80
VecAluAcceptCycles_LNEXP.........................:        16
VecTripleIssueCycles.............................:         0
VecDualIssueCycles...............................:         0
VecSingleIssueCycles.............................:       200
VecIdleIssueCycles...............................:   3842645
CellReadMergeSaved...............................:         0
SrcBufBypassIssue................................:         0
SplitRawGateBlocked..............................:         0
SplitNoFreeSlotCycles............................:         0
IPC(UOP).........................................:  0.000052
RowExpandTileNum.................................:         0
RowReduceTileNum.................................:         0
RedTempMacroNum..................................:         0
HybridCountGatedTiles............................:         0
ReadNum..........................................:         0
CellReadAccessTotal..............................:       178
CellReadAccess_INT...............................:        78
CellReadAccess_FMA...............................:       100
CellReadAccess_LNEXP.............................:         0
ReadLat..........................................:      0.00
  |--LatLE5......................................:         0
  |--LatLE10.....................................:         0
  |--LatLE15.....................................:         0
  |--LatGT15.....................................:         0
WriteNum.........................................:        16
CellWriteAccessTotal.............................:       200
CellWriteAccess_INT..............................:        80
CellWriteAccess_FMA..............................:       104
CellWriteAccess_LNEXP............................:        16
TempForwardHits_INT..............................:         2
TempForwardHits_FMA..............................:        20
TempForwardHits_LNEXP............................:        16
TempForwardMisses_INT............................:        78
TempForwardMisses_FMA............................:       100
TempForwardMisses_LNEXP..........................:         0
ExpandTagHits_INT................................:         0
ExpandTagHits_FMA................................:         0
ExpandTagHits_LNEXP..............................:         0
ExpandTagMisses_INT..............................:         0
ExpandTagMisses_FMA..............................:         0
ExpandTagMisses_LNEXP............................:         0
ExpandBankFills_INT..............................:         0
ExpandBankFills_FMA..............................:         0
ExpandBankFills_LNEXP............................:         0
ExpandTempFills_INT..............................:         0
ExpandTempFills_FMA..............................:         0
ExpandTempFills_LNEXP............................:         0
ExpandEvicts_INT.................................:         0
ExpandEvicts_FMA.................................:         0
ExpandEvicts_LNEXP...............................:         0
LeSharedPortBlockCycles..........................:         0
WriteLat.........................................:      1.00
  |--LatLE5......................................:        16
  |--LatLE10.....................................:         0
  |--LatLE15.....................................:         0
  |--LatGT15.....................................:         0
AccountExpCellReads_INT..........................:        80
AccountExpCellReads_FMA..........................:       120
AccountExpCellReads_LNEXP........................:        16
AccountExpRedTempReads...........................:         0
AccountRedTempReads..............................:         0
AccountExpCellWrites_INT.........................:        80
AccountExpCellWrites_FMA.........................:       104
AccountExpCellWrites_LNEXP.......................:        16
AccountExpRedTempWrites..........................:         0
AccountExpReadsTotal.............................:       216
AccountActReadsTotal.............................:       216
AccountReadDelta.................................:      0.00
AccountExpWritesTotal............................:       200
AccountActWritesTotal............................:       200
AccountWriteDelta................................:      0.00
========================VecUtilStack========================
UtilStackW_INT...................................:        80
UtilStackO_INT...................................:         1
UtilStackA_INT...................................:         0
UtilStackD_INT...................................:         0
UtilStackI_INT...................................:         0
UtilStackS_INT...................................:   3842764
UtilStackUnaccounted_INT.........................:         0
UtilStackW_FMA...................................:       104
UtilStackO_FMA...................................:         1
UtilStackA_FMA...................................:         0
UtilStackD_FMA...................................:         0
UtilStackI_FMA...................................:         0
UtilStackS_FMA...................................:   3842740
UtilStackUnaccounted_FMA.........................:         0
UtilStackW_LNEXP.................................:        16
UtilStackO_LNEXP.................................:         0
UtilStackA_LNEXP.................................:        11
UtilStackD_LNEXP.................................:         0
UtilStackI_LNEXP.................................:         0
UtilStackS_LNEXP.................................:   3842818
UtilStackUnaccounted_LNEXP.......................:         0
UtilStackW_SHARED................................:         0
UtilStackO_SHARED................................:         0
UtilStackA_SHARED................................:         0
UtilStackD_SHARED................................:         0
UtilStackI_SHARED................................:         0
UtilStackS_SHARED................................:   3842845
UtilStackUnaccounted_SHARED......................:         0
UtilStackCycles..................................:   3842845
UtilStackVecBusy.................................:      1041
UtilStackVecExposed..............................:       979
  UtilStackSub_O_DstWriteCfl_INT.................:         0
  UtilStackSub_O_BankCfl_INT.....................:         1
  UtilStackSub_O_SharedPort_INT..................:         0
  UtilStackSub_O_YieldFma_INT....................:         0
  UtilStackSub_O_LePort_INT......................:         0
  UtilStackSub_A_RedTempMacro_INT................:         0
  UtilStackSub_A_LeThrottle_INT..................:         0
  UtilStackSub_A_LeFifoFull_INT..................:         0
  UtilStackSub_A_IiCool_INT......................:         0
  UtilStackSub_A_DstbufFull_INT..................:         0
  UtilStackSub_A_PipeFull_INT....................:         0
  UtilStackSub_D_StaticSrc_INT...................:         0
  UtilStackSub_D_RedTempCount_INT................:         0
  UtilStackSub_D_DynSrcbuf_INT...................:         0
  UtilStackSubO_Reconcile_INT....................:      0.00
  UtilStackSubA_Reconcile_INT....................:      0.00
  UtilStackSubD_Reconcile_INT....................:      0.00
  UtilStackSub_O_DstWriteCfl_FMA.................:         0
  UtilStackSub_O_BankCfl_FMA.....................:         1
  UtilStackSub_O_SharedPort_FMA..................:         0
  UtilStackSub_O_YieldFma_FMA....................:         0
  UtilStackSub_O_LePort_FMA......................:         0
  UtilStackSub_A_RedTempMacro_FMA................:         0
  UtilStackSub_A_LeThrottle_FMA..................:         0
  UtilStackSub_A_LeFifoFull_FMA..................:         0
  UtilStackSub_A_IiCool_FMA......................:         0
  UtilStackSub_A_DstbufFull_FMA..................:         0
  UtilStackSub_A_PipeFull_FMA....................:         0
  UtilStackSub_D_StaticSrc_FMA...................:         0
  UtilStackSub_D_RedTempCount_FMA................:         0
  UtilStackSub_D_DynSrcbuf_FMA...................:         0
  UtilStackSubO_Reconcile_FMA....................:      0.00
  UtilStackSubA_Reconcile_FMA....................:      0.00
  UtilStackSubD_Reconcile_FMA....................:      0.00
  UtilStackSub_O_DstWriteCfl_LNEXP...............:         0
  UtilStackSub_O_BankCfl_LNEXP...................:         0
  UtilStackSub_O_SharedPort_LNEXP................:         0
  UtilStackSub_O_YieldFma_LNEXP..................:         0
  UtilStackSub_O_LePort_LNEXP....................:         0
  UtilStackSub_A_RedTempMacro_LNEXP..............:         0
  UtilStackSub_A_LeThrottle_LNEXP................:        11
  UtilStackSub_A_LeFifoFull_LNEXP................:         0
  UtilStackSub_A_IiCool_LNEXP....................:         0
  UtilStackSub_A_DstbufFull_LNEXP................:         0
  UtilStackSub_A_PipeFull_LNEXP..................:         0
  UtilStackSub_D_StaticSrc_LNEXP.................:         0
  UtilStackSub_D_RedTempCount_LNEXP..............:         0
  UtilStackSub_D_DynSrcbuf_LNEXP.................:         0
  UtilStackSubO_Reconcile_LNEXP..................:      0.00
  UtilStackSubA_Reconcile_LNEXP..................:      0.00
  UtilStackSubD_Reconcile_LNEXP..................:      0.00
  UtilStackSub_O_DstWriteCfl_SHARED..............:         0
  UtilStackSub_O_BankCfl_SHARED..................:         0
  UtilStackSub_O_SharedPort_SHARED...............:         0
  UtilStackSub_O_YieldFma_SHARED.................:         0
  UtilStackSub_O_LePort_SHARED...................:         0
  UtilStackSub_A_RedTempMacro_SHARED.............:         0
  UtilStackSub_A_LeThrottle_SHARED...............:         0
  UtilStackSub_A_LeFifoFull_SHARED...............:         0
  UtilStackSub_A_IiCool_SHARED...................:         0
  UtilStackSub_A_DstbufFull_SHARED...............:         0
  UtilStackSub_A_PipeFull_SHARED.................:         0
  UtilStackSub_D_StaticSrc_SHARED................:         0
  UtilStackSub_D_RedTempCount_SHARED.............:         0
  UtilStackSub_D_DynSrcbuf_SHARED................:         0
  UtilStackSubO_Reconcile_SHARED.................:      0.00
  UtilStackSubA_Reconcile_SHARED.................:      0.00
  UtilStackSubD_Reconcile_SHARED.................:      0.00
  UtilStackOBlocker_None_INT.....................:         0
  UtilStackOBlocker_FmaRead_INT..................:         0
  UtilStackOBlocker_IntRead_INT..................:         0
  UtilStackOBlocker_LeRead_INT...................:         0
  UtilStackOBlocker_FmaWrite_INT.................:         1
  UtilStackOBlocker_IntWrite_INT.................:         0
  UtilStackOBlocker_CubeRead_INT.................:         0
  UtilStackOBlocker_CubeWrite_INT................:         0
  UtilStackOBlocker_LeWrite_INT..................:         0
  UtilStackOBlocker_Reconcile_INT................:      0.00
  UtilStackOBlocker_None_FMA.....................:         0
  UtilStackOBlocker_FmaRead_FMA..................:         0
  UtilStackOBlocker_IntRead_FMA..................:         0
  UtilStackOBlocker_LeRead_FMA...................:         0
  UtilStackOBlocker_FmaWrite_FMA.................:         1
  UtilStackOBlocker_IntWrite_FMA.................:         0
  UtilStackOBlocker_CubeRead_FMA.................:         0
  UtilStackOBlocker_CubeWrite_FMA................:         0
  UtilStackOBlocker_LeWrite_FMA..................:         0
  UtilStackOBlocker_Reconcile_FMA................:      0.00
  UtilStackOBlocker_None_LNEXP...................:         0
  UtilStackOBlocker_FmaRead_LNEXP................:         0
  UtilStackOBlocker_IntRead_LNEXP................:         0
  UtilStackOBlocker_LeRead_LNEXP.................:         0
  UtilStackOBlocker_FmaWrite_LNEXP...............:         0
  UtilStackOBlocker_IntWrite_LNEXP...............:         0
  UtilStackOBlocker_CubeRead_LNEXP...............:         0
  UtilStackOBlocker_CubeWrite_LNEXP..............:         0
  UtilStackOBlocker_LeWrite_LNEXP................:         0
  UtilStackOBlocker_Reconcile_LNEXP..............:      0.00
  UtilStackOBlocker_None_SHARED..................:         0
  UtilStackOBlocker_FmaRead_SHARED...............:         0
  UtilStackOBlocker_IntRead_SHARED...............:         0
  UtilStackOBlocker_LeRead_SHARED................:         0
  UtilStackOBlocker_FmaWrite_SHARED..............:         0
  UtilStackOBlocker_IntWrite_SHARED..............:         0
  UtilStackOBlocker_CubeRead_SHARED..............:         0
  UtilStackOBlocker_CubeWrite_SHARED.............:         0
  UtilStackOBlocker_LeWrite_SHARED...............:         0
  UtilStackOBlocker_Reconcile_SHARED.............:      0.00
YieldFmaReadCycles...............................:         0
YieldFmaWriteCycles..............................:         0
UtilStackHideRatio...............................:      0.06
UtilStackHideRatioStrict.........................:      0.00
  UtilStackIssueCombo_None.......................:   3842645
  UtilStackIssueCombo_INT........................:        80
  UtilStackIssueCombo_FMA........................:       104
  UtilStackIssueCombo_INT+FMA....................:         0
  UtilStackIssueCombo_LE.........................:        16
  UtilStackIssueCombo_INT+LE.....................:         0
  UtilStackIssueCombo_FMA+LE.....................:         0
  UtilStackIssueCombo_INT+FMA+LE.................:         0
  UtilStackIssueCombo_SH.........................:         0
  UtilStackIssueCombo_INT+SH.....................:         0
  UtilStackIssueCombo_FMA+SH.....................:         0
  UtilStackIssueCombo_INT+FMA+SH.................:         0
  UtilStackIssueCombo_LE+SH......................:         0
  UtilStackIssueCombo_INT+LE+SH..................:         0
  UtilStackIssueCombo_FMA+LE+SH..................:         0
  UtilStackIssueCombo_INT+FMA+LE+SH..............:         0
  UtilStackIssueCombo_Reconcile..................:      0.00
  UtilStackIssueEvent_Reconcile..................:      0.00
UtilStackMultiIssueProb..........................:      0.00
UtilStackAvgIssueRate............................:      0.00
UtilStackIssueWidthUtil..........................:      0.00
===============CellReg Bank Arbitration Stats===============
Bank Active Cycles (>=1 pending).................:      5438
  |--Bank Conflict Cycles (>=2 pending)..........:         6    0.11%
  |--Bank Urgent(aged) Cycles....................:         0
Bank Grants (winners) Total......................:      5355
Bank Lose (non-winner waits) Total...............:        89
Bank Port-Yield (no free channel) Total..........:        83
Total Served Read Bytes..........................:    213248
Total Served Write Bytes.........................:    445568
  |--RQ_CUBE Win.................................:         0
  |--RQ_CUBE Lose................................:         0     N/A
  |--RQ_CUBE PortYield...........................:         0
  |--RQ_CUBE Served Bytes........................:         0
  |--RQ_VEC Win..................................:         0
  |--RQ_VEC Lose.................................:         0     N/A
  |--RQ_VEC PortYield............................:         0
  |--RQ_VEC Served Bytes.........................:         0
  |--RQ_TLSU Win.................................:      1666
  |--RQ_TLSU Lose................................:         9    0.54%
  |--RQ_TLSU PortYield...........................:         5
  |--RQ_TLSU Served Bytes........................:    213248
  |--WQ_CUBE Win.................................:         0
  |--WQ_CUBE Lose................................:         0     N/A
  |--WQ_CUBE PortYield...........................:         0
  |--WQ_CUBE Served Bytes........................:         0
  |--WQ_VEC Win..................................:         0
  |--WQ_VEC Lose.................................:         0     N/A
  |--WQ_VEC PortYield............................:         0
  |--WQ_VEC Served Bytes.........................:         0
  |--WQ_VEC_LNEXP Win............................:       208
  |--WQ_VEC_LNEXP Lose...........................:        18    7.96%
  |--WQ_VEC_LNEXP PortYield......................:        18
  |--WQ_VEC_LNEXP Served Bytes...................:     26624
  |--WQ_TLSU Win.................................:      3481
  |--WQ_TLSU Lose................................:        62    1.75%
  |--WQ_TLSU PortYield...........................:        60
  |--WQ_TLSU Served Bytes........................:    445568
==============CellReg CUBE Bank-Group Backlog===============
WQ_CUBE active cycles............................:         0
  |--WQ_CUBE cross-group cycles..................:         0     N/A
RQ_CUBE active cycles............................:         0
  |--RQ_CUBE cross-group cycles..................:         0     N/A
CUBE Rd+Wr concurrent cycles.....................:         0
  |--Rd/Wr different-group cycles................:         0     N/A
  |--Wr-starved-by-Rd cycles (each owns a group).:         0     N/A
Direct OOR access dropped (pool end).............:         0
===========CellReg Per-Bank Conflict Distribution===========
  Bank[0] conflict cycles........................:         2   33.33%
  Bank[1] conflict cycles........................:         0    0.00%
  Bank[2] conflict cycles........................:         3   50.00%
  Bank[3] conflict cycles........................:         0    0.00%
  Bank[4] conflict cycles........................:         1   16.67%
  Bank[5] conflict cycles........................:         0    0.00%
  Bank[6] conflict cycles........................:         0    0.00%
  Bank[7] conflict cycles........................:         0    0.00%
==================SuperScalar Report Stop===================
======================Syscall Barrier=======================
sb_requested.....................................:         0
sb_executed......................................:         0
sb_canceled......................................:         0
sb_stashed.......................................:         0
sb_stash_overflow................................:         0
sb_pending.......................................:         0
sb_phase_idle....................................:   3842845
sb_phase_pre_commit..............................:         0
sb_phase_quiet_wait..............................:         0
sb_phase_gate_all................................:         0
sb_phase_draining................................:         0
sb_phase_executing...............................:         0
syscall_owner_precommit_wait.....................:         0
syscall_worker_quiet_wait........................:         0
syscall_worker_quiet_cycles_total................:         0
syscall_worker_quiet_cycles_max..................:         0
syscall_commit_wait..............................:         0
syscall_l1_scb_drain_wait........................:         0
syscall_sl2_drain_wait...........................:         0
drain_wait.......................................:         0
syscall_drain_progress_timeout...................:         0
sb_T_complete....................................:      9998
sb_T_deadlock_effective..........................:      9999
sb_last_progress_cycle...........................:         0
sb_lockstep_enabled..............................:         1
sb_lockstep_registered...........................:         0
sb_lockstep_blocks...............................:         0
sb_lockstep_executes.............................:         0
sb_lockstep_withdraw_startup.....................:         0
sb_lockstep_withdraw_flush.......................:         0
sb_lockstep_overflow.............................:         0
sb_lockstep_and_timeout..........................:         0
sb_lockstep_hold_cycles..........................:         0
sb_lockstep_exit_parks...........................:         0
syscall_post_ecall_issue_rejects.................:         0
syscall_bstop_admission_rejects..................:         0
sb_lockstep_held_now.............................:         0
linx_test_finisher write addr=0x10009000 val=0x5555 pass
