./bin/gfsim -f /mnt/workspace/projects/1009_SuperNPUBench_v2/SuperNPUBench/benchmark/one-level-arch/output/solution/moe_dispatch/elf/solution_moe_dispatch_moe_dispatch_mt.elf --conf fourpe --pto-v02 true -s tlsu.fake_l2_enable=false 
[gfsim] explicit PE config present; skipping ELF auto-detection
Parse Config File:
Parse Config File:
Parse Config File:
Parse Config File:
Parse Config File:
Parse Config File:
Parse Config File:
Parse Config File:
Parse Config File:
Parse Config File:
Parse Config File:
Parse Config File:
Parse Config File:
Parse Config File:
Parse Config File:
Parse Config File:
Parse Config File:
Parse Config File:
Parse Config File:
Parse Config File:
Parse Config File:
Parse Config File:
Parse Config File:
Parse Config File:
Parse Config File:
Parse Config File:
Parse Config File:
Parse Config File:
Parse Config File:
Parse Config File:
Parse Config File:
Parse Config File:
Parse Config File:
Parse Config File:
Parse Config File:
Parse Config File:
Parse Config File:
Parse Config File:
Parse Config File:
Parse Config File:
Parse Config File:
Parse Config File:
Parse Config File:
Parse Config File:
Parse Config File:
Parse Config File:
Parse Config File:
Parse Config File:
Parse Config File:
Parse Config File:
Parse Config File:
Parse Config File:
Parse Config File:
Parse Config File:
Parse Config File:
Parse Config File:
Parse Config File:
Parse Config File:
Parse Config File:
Parse Config File:
Parse Config File:
Parse Config File:
Parse Config File:
Parse Config File:
Parse Config File:
Parse Config File:
Parse Config File:
Parse Config File:
Parse Config File:
Override configurations:
tlsu.fake_l2_enable=false
core.threadCount=4
core.stdPeCount=1
core.cube_core_num=4
core.cube_thread_num=1
core.vec_core_num=4
fourpe.pe_cluster_enable=true
fourpe.pe_cluster_count=4
fourpe.pe_cluster_frontend_thread_count=4
fourpe.pe_cluster_aggregate_decode_width=8
fourpe.pe_cluster_gpr_rename_partition_entries=128
fourpe.pe_cluster_scalar_rob_partition_entries=128
fourpe.pe_cluster_scalar_iq_partition_entries=128
fourpe.pe_cluster_block_rob_partition_entries=256
fourpe.pe_cluster_block_iq_partition_entries=88
fourpe.pe_cluster_local_reg_partition_entries=88
bfu.brq_depth=1024
fourpe.pe_cluster_partition_borrow_enable=false
fourpe.pe_cluster_eligible_rr_fairness_check=true
fourpe.pe_cluster_group_contract_fatal=false
dfx.swimCounterSampleInterval=8
Memory: 0x10200 - 0x10258 (Size=0KB) [.rodata]
Memory: 0x1025c - 0x10287 (Size=0KB) [.eh_frame_hdr]
Memory: 0x10288 - 0x1032b (Size=0KB) [.eh_frame]
Memory: 0x1132c - 0x125cf (Size=4KB) [.text]
Memory: 0x135d0 - 0x1365f (Size=0KB) [.init_array]
Memory: 0x13660 - 0x13677 (Size=0KB) [.data.rel.ro]
Memory: 0x15000 - 0x2f4af (Size=105KB) [.bss]
Memory: 0x2f4b0 - 0x2f53f (Size=0KB) [.sbss]
Memory: 0x2f540 - 0x803f540 (Size=131136KB) [stack mem]
Memory: 0x4000802000 - 0x4008803000 (Size=131076KB) [map mem]
[C:8591   ][TMA.NA    ]: nuke_pair_diag ld_stid=0 ld_bid=22/w1 ld_rid=13 st_stid=0 st_bid=21/w1 st_rid=9
Simulation time: 5s 
+-------------------------+--------------+
| Block Control Config Name | Value        |
+-------------------------+--------------+
| inst_decode_bw          | 4            |
| block_rob_depth         | 256          |
| BISQ:cube_isq_depth     | 32           |
| BISQ:vector_isq_depth   | 32           |
+-------------------------+--------------+
+-------------------+--------------+
| CUBE Config Name  | Value        |
+-------------------+--------------+
| uop_isq_depth     | 32           |
| tcvt_isq_depth    | 16           |
| L0A_size          | 32           |
| L0B_size          | 32           |
| L0C_size          | 32           |
+-------------------+--------------+
===================SuperScalar NPU Stats====================
Total Cycles.....................................:      8820
================SuperScalar Unified Top-Down================
Retiring.........................................:     39.24%
Bad Speculation..................................:      9.28%
Frontend Bound...................................:      0.54%
CMD Bound........................................:      0.94%
Backend Bound....................................:     50.00%
=============Top-Down Normalization Diagnostics=============
Bad Speculation Clipped Slots....................:         0
Frontend Bound Clipped Slots.....................:         0
  |-- LD Retiring................................:      2.93%
  |-- ST Retiring................................:      2.21%
  |-- BR Retiring................................:      0.00%
  |-- ALU Retiring...............................:     34.10%
  |-- Other Retiring.............................:      0.00%
  |-- Misprediction..............................:      0.43%
  |-- Machine Clear..............................:      8.85%
  |-- Fetch Latency..............................:      0.01%
  |-- Fetch Bandwidth............................:      0.54%
    |-- Branch Resteering........................:      0.01%
    |-- ITLB/BTLB miss...........................:      0.00%
    |-- BHC miss penalty.........................:      0.00%
    |-- Other fetch lat..........................:      0.00%
    |-- Decode Stall.............................:      0.00%
    |-- Rename Stall.............................:      0.00%
    |-- BROB Stall...............................:      0.00%
    |-- SYS Block Stall..........................:      0.00%
  |-- CMD queue backpressure.....................:      0.94%
    |-- Operand not ready........................:      0.94%
    |-- BIQ capacity full........................:      0.00%
      |-- CUBE BIQ full..........................:      0.00%
      |-- VECTOR BIQ full........................:      0.00%
      |-- TLSU BIQ full..........................:      0.00%
      |-- GROUP/SHU BIQ full.....................:      0.00%
      |-- Other BIQ full.........................:      0.00%
    |-- TileReg capacity full....................:      0.00%
    |-- GPR LPV/no-cancel gate...................:      0.00%
    |-- Other CMD queue block....................:      0.00%
  |-- CMDPipe tile backpressure..................:      0.00%
    |-- TileReg resource unavailable.............:      0.00%
    |-- Other CMDPipe stall......................:      0.00%
  |-- Other CMD control..........................:      0.00%
  |-- Memory Bound...............................:      0.00%
  |-- Core Bound.................................:     50.00%
    |-- L1 Bound.................................:      0.00%
    |-- L2 Bound.................................:      0.00%
    |-- L3/DRAM Bound............................:      0.00%
    |-- Store Bound..............................:      0.00%
    |-- Scalar ALU...............................:     13.58%
    |-- Cube.....................................:      0.00%
    |-- Vector...................................:     10.00%
    |-- TLSU Tload...............................:     12.51%
    |-- TLSU Tstore..............................:     13.91%
    |-- TLSU TMOV................................:      0.00%
    |-- Idle.....................................:      0.00%
    |-- Other Core...............................:      0.00%
      |-- Simple ALU pipe full...................:      0.00%
      |-- Complex INT busy.......................:      4.86%
      |-- Branch port busy.......................:      7.04%
===============Top-Down Boundary Attribution================
IFU-OEX boundary observations (slots)............:     35280
  |-- Frontend supply bubble (F5)................:      8.25%
  |-- Backend backpressure (F5)..................:      0.00%
  |-- Delivered to OEX (F5)......................:     91.75%
CMD queue/Pipe boundary observations (cycles)....:      8820
  |-- CMD queue supply bubble....................:     67.32%
  |-- CMD queue backpressure.....................:      0.94%
  |-- CMD blocked union cycles...................:        83
  |-- CMD issued slots...........................:      6501
  |-- CMD IQ TileOp issue count..................:       946
  |-- CMD IQ non-empty cycles....................:      2882
  |-- CMD IQ TileOp issue rate (tileops/cycle)...:0.32824427
  |-- CMDPipe tile backpressure events...........:         0
=======Core-Cycles Oldest-Block Top-Down (diagnostic)=======
Core cycles......................................:      8820
L1 Retiring......................................:      0.00%
L1 Recovery......................................:      0.01%
L1 Frontend Bound................................:     46.97%
L1 CMD Bound.....................................:      0.32%
L1 Backend Bound.................................:     52.15%
L1 Idle/Other....................................:      0.54%
  |-- L2 Memory Bound............................:      0.00%
  |-- L2 Group Sync Bound........................:      0.00%
  |-- L2 Core Bound..............................:     52.15%
    |-- L3 Cube..................................:      0.00%
    |-- L3 Vector................................:      1.42%
    |-- L3 TLSU..................................:     50.74%
    |-- L3 Scalar ALU............................:      0.00%
      |-- L4 Cube execution/queue owner..........:      0.00%
      |-- L4 Vector execution owner..............:      1.42%
      |-- L4 TLSU Tload owner....................:      3.95%
      |-- L4 TLSU Tstore owner...................:     46.79%
      |-- L4 Scalar ALU owner....................:      0.00%
Core-cycle attribution sum.......................:      8820
STID0 oldest observations........................:      8820
STID1 oldest observations........................:      8820
STID2 oldest observations........................:      8820
STID3 oldest observations........................:      8820
  |-- FRONTEND_BOUND representative STID.........:         0
  |-- FRONTEND_BOUND representative BID..........:         0
  |-- FRONTEND_BOUND participant mask............:        15
  |-- CMD_BOUND representative STID..............:         0
  |-- CMD_BOUND representative BID...............:        22
  |-- CMD_BOUND participant mask.................:         1
  |-- TLSU_TLOAD representative STID.............:         3
  |-- TLSU_TLOAD representative BID..............:        16
  |-- TLSU_TLOAD participant mask................:        15
  |-- TLSU_TSTORE representative STID............:         1
  |-- TLSU_TSTORE representative BID.............:         0
  |-- TLSU_TSTORE participant mask...............:        15
  |-- VECTOR representative STID.................:         2
  |-- VECTOR representative BID..................:        45
  |-- VECTOR participant mask....................:        15
  |-- FLUSH_RECOVERY representative STID.........:         0
  |-- FLUSH_RECOVERY representative BID..........:        22
  |-- FLUSH_RECOVERY participant mask............:         1
  |-- IDLE_NO_OLDEST representative STID.........:         0
  |-- IDLE_NO_OLDEST representative BID..........:18446744073709551615
  |-- IDLE_NO_OLDEST participant mask............:        15
===================superScalar Key Stats====================
superScalar Tileop Total Cycles..................:     35280
  |--Cube Tileop Total Cycles....................:         0
  |--Vector Tileop Total Cycles..................:      1998
  |--TLSU Tileop Total Cycles....................:     16172
superScalar Total Tileop Counter.................:       946
  |--Cube Execute Tileop Counter.................:         0
  |--Vector Execute Tileop Counter...............:       587
  |--TLSU Execute Tileop Counter.................:       359
    |--AccountExpTlsuCellReads...................:        98
    |--AccountExpTlsuCellWrites..................:        33
superScalar Run Tileop Wall Cycles...............:      8572
  |--Cube Busy Resource-Cycles (PE-summed).......:         0
  |--Vector Busy Resource-Cycles (PE-summed).....:      8115
  |--TLSU Busy Resource-Cycles (PE-summed).......:      8568
  |--Cube Active Wall Cycles (union).............:         0
  |--Vector Active Wall Cycles (union)...........:      2664
  |--TLSU Active Wall Cycles (union).............:      8568
    |--TLSU Tload Resource-Cycles (PE-summed)....:      7447
      |--write Blocked By Ring Cycles............:         0
    |--TLSU Tstore Resource-Cycles (PE-summed)...:      8282
    |--TLSU Tmov Resource-Cycles (PE-summed).....:         0
    |--TLSU Mgather Resource-Cycles (PE-summed)..:         0
    |--TLSU Mscatter Resource-Cycles (PE-summed).:         0
    |--TLSU Vgather Resource-Cycles (PE-summed)..:         0
    |--TLSU Vscatter Resource-Cycles (PE-summed).:         0
  |--All Cores Idle Wall Cycles..................:       248
  |--Vector-Cube Concurrent Wall Cycles (union)..:         0
  |--Vector-Cube Active Wall Cycles (union)......:      2664
  |--Cube-TLSU Concurrent Wall Cycles (union)....:         0
  |--Cube-TLSU Active Wall Cycles (union)........:      8568
  |--Vector-TLSU Concurrent Wall Cycles (union)..:      2660
  |--Vector-TLSU Active Wall Cycles (union)......:      8572
=============TileOp Efficiency (explicit units)=============
PE0 CUBE ExecCycles/TileOp.......................:      0.00
PE0 CUBE TileOpRate (ops/cycle)..................:0.00000000
PE0 CUBE TileOp Occupancy (%)....................:      0.00
PE1 CUBE ExecCycles/TileOp.......................:      0.00
PE1 CUBE TileOpRate (ops/cycle)..................:0.00000000
PE1 CUBE TileOp Occupancy (%)....................:      0.00
PE2 CUBE ExecCycles/TileOp.......................:      0.00
PE2 CUBE TileOpRate (ops/cycle)..................:0.00000000
PE2 CUBE TileOp Occupancy (%)....................:      0.00
PE3 CUBE ExecCycles/TileOp.......................:      0.00
PE3 CUBE TileOpRate (ops/cycle)..................:0.00000000
PE3 CUBE TileOp Occupancy (%)....................:      0.00
PE0 VECTOR ReadLatency (cycles/op)...............:      5.00
PE0 VECTOR TileOpRate (ops/cycle)................:      0.02
PE0 VECTOR Utilization...........................:      0.17
PE0 VECTOR Utilization (issue-events)............:      0.00
PE1 VECTOR ReadLatency (cycles/op)...............:      5.00
PE1 VECTOR TileOpRate (ops/cycle)................:      0.02
PE1 VECTOR Utilization...........................:      0.16
PE1 VECTOR Utilization (issue-events)............:      0.00
PE2 VECTOR ReadLatency (cycles/op)...............:      5.00
PE2 VECTOR TileOpRate (ops/cycle)................:      0.02
PE2 VECTOR Utilization...........................:      0.16
PE2 VECTOR Utilization (issue-events)............:      0.00
PE3 VECTOR ReadLatency (cycles/op)...............:      5.00
PE3 VECTOR TileOpRate (ops/cycle)................:      0.02
PE3 VECTOR Utilization...........................:      0.15
PE3 VECTOR Utilization (issue-events)............:      0.00
PE0 TLSU Occupancy/Issue (cycles/event)..........:     49.63
PE0 TLSU IssueRate (events/cycle)................:      0.48
PE0 TLSU Utilization (%).........................:     97.19
Vector-Cube overlap ratio........................:      0.00
Vector-TLSU overlap ratio........................:      0.31
============PROB Status Occupancy (entry-cycles)============
  |--free........................................:         0
  |--alloc.......................................:    274706
  |--renamed.....................................:         0
  |--dispatched..................................:     18717
  |--in_queue....................................:    155609
  |--issued......................................:     45630
  |--executing...................................:     22908
  |--writeback...................................:     11778
  |--completed...................................:    276294
  |--retired.....................................:     34817
  |--fault.......................................:         0
  |--need_flush..................................:         0
===============Block Control Key Stats total================
Average Outstanding Block Number.................:     11.24
  |--Average Outstanding Cube Block Number.......:      0.00
  |--Average Outstanding Vector Block Number.....:      1.05
  |--Average Outstanding TLoad Number............:      2.75
  |--Average Outstanding TStore Number...........:      7.44
=============Block Control Key Stats SThread 0==============
Average Outstanding Block Number.................:      2.90
  |--Average Outstanding Cube Block Number.......:      0.00
  |--Average Outstanding Vector Block Number.....:      0.27
  |--Average Outstanding TLoad Number............:      0.68
  |--Average Outstanding TStore Number...........:      1.94
=============Block Control Key Stats SThread 1==============
Average Outstanding Block Number.................:      2.71
  |--Average Outstanding Cube Block Number.......:      0.00
  |--Average Outstanding Vector Block Number.....:      0.26
  |--Average Outstanding TLoad Number............:      0.66
  |--Average Outstanding TStore Number...........:      1.79
=============Block Control Key Stats SThread 2==============
Average Outstanding Block Number.................:      2.85
  |--Average Outstanding Cube Block Number.......:      0.00
  |--Average Outstanding Vector Block Number.....:      0.26
  |--Average Outstanding TLoad Number............:      0.69
  |--Average Outstanding TStore Number...........:      1.90
=============Block Control Key Stats SThread 3==============
Average Outstanding Block Number.................:      2.79
  |--Average Outstanding Cube Block Number.......:      0.00
  |--Average Outstanding Vector Block Number.....:      0.26
  |--Average Outstanding TLoad Number............:      0.72
  |--Average Outstanding TStore Number...........:      1.81
===================CubeCore 0 Statistics====================
Cube Total Cycles................................:      8820
Cube MAC Exec Occupancy..........................:         0    0.00%
Cube MAC Utilization.............................:      0.00    0.00%
Cube Logical MAC Count...........................:         0
Cube Equivalent MAC Count........................:      0.00
Cube Equivalent MAC Rate (MAC/cycle).............:      0.00
Cube core workload units (dtype-normalized)......:      0.00
Cube core workload rate (units/cycle)............:0.00000000
Cube Achieved TFLOPS (equivalent MACs, 1.65GHz)..:  0.000000
Cube core exe tileop count.......................:         0
L0A Tag Hits (A resident)........................:         0
L0A Tag Misses (A resident)......................:         0
L0A Tag Flushes (A resident).....................:         0
Cube Uop Generated Count.........................:         0
Cube core retired uop count......................:         0
Cube core total load count.......................:         0
Cube core total store count (CellReg TileC writes):         0
==================InternalAcc Feature PMU===================
internal_acc_entry_alloc_count...................:         0
internal_acc_entry_read_count....................:         0
internal_acc_entry_write_count...................:         0
internal_acc_entry_peak_occupancy................:         0
internal_acc_active_cycles.......................:         0
internal_acc_entry_unavailable_stall_cycles......:         0
internal_acc_entry_lookup_wait_stall_cycles......:         0
internal_acc_entry_not_ready_stall_cycles........:         0
internal_acc_stale_reference_count...............:         0
Cube FP16 Logical MAC Count......................:         0
Cube FP16 Equivalent MAC Count...................:      0.00
Cube FP8 Logical MAC Count.......................:         0
Cube FP8 Equivalent MAC Count....................:      0.00
Cube FP4 Logical MAC Count.......................:         0
Cube FP4 Equivalent MAC Count....................:      0.00
Cube TileOp Occupancy............................:         0    0.00%
Cube Load Outstanding............................:         0    0.00%
Cube FixPipe/Store Occupancy.....................:         0    0.00%
Cube core average acc slot use...................:       N/A
Cube core average l0a entry use..................:       N/A
Cube core average l0b entry use..................:       N/A
Cube core average l0a entry use busy.............:       N/A
Cube core average l0b entry use busy.............:       N/A
Cube core average acc slot use busy..............:       N/A
Cube MAC Range...................................:         0
Cube Load Range..................................:         0
Cube Store Range.................................:         0
Cube Load-MAC Range Overlap......................:         0     N/A
accSlotAllocCount................................:         0
accSlotFreeCount.................................:         0
accSlotPeakInUse.................................:         0
accSlotWaitCount.................................:         0
bandPairMapPeakSize..............................:         0
bandPairMapFinalSize.............................:         0
batchDistributeCount.............................:         0
batchFallbackCount...............................:         0
m0TileCReadCount.................................:         0
m1TileCReadCount.................................:         0
tileCReadRequestCount............................:         0
tileCReadBytes...................................:         0
batchMissedDistributeCount.......................:         0
uniqueTileCSourceAddresses.......................:         0
Cube core exe uop count..........................:         0
Cube core retired uop count......................:         0
Cube core total load count.......................:         0
Cube core total store count (CellReg TileC writes):         0
  |--CellReg Load Count..........................:         0
    |--CellReg TileA Count.......................:         0
    |--CellReg TileB Count.......................:         0
    |--CellReg TileC Count.......................:         0
    |--CellReg LeftScale Count...................:         0
    |--CellReg RightScale Count..................:         0
  |--CellReg Load Bytes..........................:         0
    |--CellReg TileA Bytes.......................:         0
    |--CellReg TileB Bytes.......................:         0
    |--CellReg TileC Bytes.......................:         0
    |--CellReg LeftScale Bytes...................:         0
    |--CellReg RightScale Bytes..................:         0
  |--CellReg Store Count.........................:         0
    |--CellReg TileC Count.......................:         0
  |--CellReg Store Bytes.........................:         0
    |--CellReg TileC Bytes.......................:         0
  |--ShareTReg Load Count........................:         0
    |--ShareTReg TileA Count.....................:         0
    |--ShareTReg TileB Count.....................:         0
  |--ShareTReg Load Bytes........................:         0
    |--ShareTReg TileA Bytes.....................:         0
    |--ShareTReg TileB Bytes.....................:         0
  |--Exp CellReg Load Count......................:         0
    |--Exp CellReg TileA Count...................:         0
    |--Exp CellReg TileB Count...................:         0
    |--Exp CellReg TileC Count...................:         0
    |--Exp CellReg LeftScale Count...............:         0
    |--Exp CellReg RightScale Count..............:         0
  |--Exp CellReg Load Delta......................:      0.00
  |--Exp CellReg Store Count.....................:         0
  |--Exp CellReg Store Delta.....................:      0.00
  |--Exp ShareTReg Load Count....................:         0
  |--Exp ShareTReg Load Cache Skip...............:         0
  |--Exp ShareTReg Load Delta....................:      0.00
Cube core cannot pick main chain uop ratio.......:         0     N/A
Cube core pick cub chain uop ratio...............:         0     N/A
Cube busy cycle..................................:         0
Cube core mmad busy cycle........................:         0     N/A
Cube core load busy cycle........................:         0     N/A
Cube core store busy cycle.......................:         0     N/A
  UtilMacW (array exec)..........................:         0
    |--UtilMacWMad (systolic MAC phase)..........:         0
    |--UtilMacWRamp (staging/fill-drain).........:         0
  UtilMacO (operand in-flight)...................:         0
  UtilMacA (exec/writeback struct)...............:         0
  UtilMacD (dependency chain)....................:         0
  UtilMacI (issue/rename struct).................:         0
  UtilMacS (no tile).............................:      8820
  UtilMacUnaccounted.............................:         0
  UtilMacCycles..................................:      8820
    |--UtilMacSub_O_L0InFlight...................:         0
    |--UtilMacSub_O_ScaleInFlight................:         0
    |--UtilMacSub_O_LoadPath.....................:         0
    |--UtilMacSub_O_LdUopBuf.....................:         0
    |--UtilMacSub_A_AllocBackpressure............:         0
    |--UtilMacSub_A_StoreInFlight................:         0
    |--UtilMacSub_A_FixPipeAnnounce..............:         0
    |--UtilMacSub_A_UopBufQueue..................:         0
    |--UtilMacSub_A_TileBoundary.................:         0
    |--UtilMacSub_A_AccPoolFull..................:         0
    |--UtilMacSub_A_AccEntryRelease..............:         0
    |--UtilMacSub_D_KLoopChain...................:         0
    |--UtilMacSub_D_AccEntryNotReady.............:         0
    |--UtilMacSubO_Reconcile.....................:      0.00
    |--UtilMacSubA_Reconcile.....................:      0.00
    |--UtilMacSubD_Reconcile.....................:      0.00
    |--UtilMacSub_O_L0InFlight_A.................:         0
    |--UtilMacSub_O_L0InFlight_B.................:         0
    |--UtilMacSub_O_L0InFlight_C.................:         0
    |--UtilMacSub_O_L0InFlight_Other.............:         0
    |--UtilMacSubO_L0Split_Reconcile.............:      0.00
  UtilMacIssue_Issued............................:         0
  UtilMacIssue_CStreamWait.......................:         0
  UtilMacIssue_L0InFlight........................:         0
  UtilMacIssue_ScaleInFlight.....................:         0
  UtilMacIssue_AllocBackpressure.................:         0
  UtilMacIssue_KLoopChain........................:         0
  UtilMacIssue_UopBufQueue.......................:         0
  UtilMacIssue_LdUopBufQueue.....................:         0
  UtilMacIssue_NoTile............................:      8820
  UtilMacIssue_TileBoundary......................:         0
  UtilMacIssue_Unaccounted.......................:         0
  UtilMacIssue_Reconcile.........................:      0.00
  UtilMacIssue_L0InFlight_A......................:         0
  UtilMacIssue_L0InFlight_B......................:         0
  UtilMacIssue_L0InFlight_C......................:         0
  UtilMacIssue_L0InFlight_Other..................:         0
  UtilMacIssue_L0Split_Reconcile.................:      0.00
  UtilMacStageOcc................................:         0
  RenameAllocAFailCycles.........................:         0
  RenameAllocBFailCycles.........................:         0
  RenameFifoFullCycles...........................:         0
  UtilMacStageIdle...............................:         0
  UtilMacStage_Reconcile.........................:      0.00
  UtilMacFillWeightedUtil........................:      0.00
  UtilMacShadow_CwaitCycles......................:         0
  UtilMacShadow_L0WithCwait......................:         0
  UtilMacStageIdleByCause_Reconcile..............:      0.00
===================CubeCore 1 Statistics====================
Cube Total Cycles................................:      8820
Cube MAC Exec Occupancy..........................:         0    0.00%
Cube MAC Utilization.............................:      0.00    0.00%
Cube Logical MAC Count...........................:         0
Cube Equivalent MAC Count........................:      0.00
Cube Equivalent MAC Rate (MAC/cycle).............:      0.00
Cube core workload units (dtype-normalized)......:      0.00
Cube core workload rate (units/cycle)............:0.00000000
Cube Achieved TFLOPS (equivalent MACs, 1.65GHz)..:  0.000000
Cube core exe tileop count.......................:         0
L0A Tag Hits (A resident)........................:         0
L0A Tag Misses (A resident)......................:         0
L0A Tag Flushes (A resident).....................:         0
Cube Uop Generated Count.........................:         0
Cube core retired uop count......................:         0
Cube core total load count.......................:         0
Cube core total store count (CellReg TileC writes):         0
==================InternalAcc Feature PMU===================
internal_acc_entry_alloc_count...................:         0
internal_acc_entry_read_count....................:         0
internal_acc_entry_write_count...................:         0
internal_acc_entry_peak_occupancy................:         0
internal_acc_active_cycles.......................:         0
internal_acc_entry_unavailable_stall_cycles......:         0
internal_acc_entry_lookup_wait_stall_cycles......:         0
internal_acc_entry_not_ready_stall_cycles........:         0
internal_acc_stale_reference_count...............:         0
Cube FP16 Logical MAC Count......................:         0
Cube FP16 Equivalent MAC Count...................:      0.00
Cube FP8 Logical MAC Count.......................:         0
Cube FP8 Equivalent MAC Count....................:      0.00
Cube FP4 Logical MAC Count.......................:         0
Cube FP4 Equivalent MAC Count....................:      0.00
Cube TileOp Occupancy............................:         0    0.00%
Cube Load Outstanding............................:         0    0.00%
Cube FixPipe/Store Occupancy.....................:         0    0.00%
Cube core average acc slot use...................:       N/A
Cube core average l0a entry use..................:       N/A
Cube core average l0b entry use..................:       N/A
Cube core average l0a entry use busy.............:       N/A
Cube core average l0b entry use busy.............:       N/A
Cube core average acc slot use busy..............:       N/A
Cube MAC Range...................................:         0
Cube Load Range..................................:         0
Cube Store Range.................................:         0
Cube Load-MAC Range Overlap......................:         0     N/A
accSlotAllocCount................................:         0
accSlotFreeCount.................................:         0
accSlotPeakInUse.................................:         0
accSlotWaitCount.................................:         0
bandPairMapPeakSize..............................:         0
bandPairMapFinalSize.............................:         0
batchDistributeCount.............................:         0
batchFallbackCount...............................:         0
m0TileCReadCount.................................:         0
m1TileCReadCount.................................:         0
tileCReadRequestCount............................:         0
tileCReadBytes...................................:         0
batchMissedDistributeCount.......................:         0
uniqueTileCSourceAddresses.......................:         0
Cube core exe uop count..........................:         0
Cube core retired uop count......................:         0
Cube core total load count.......................:         0
Cube core total store count (CellReg TileC writes):         0
  |--CellReg Load Count..........................:         0
    |--CellReg TileA Count.......................:         0
    |--CellReg TileB Count.......................:         0
    |--CellReg TileC Count.......................:         0
    |--CellReg LeftScale Count...................:         0
    |--CellReg RightScale Count..................:         0
  |--CellReg Load Bytes..........................:         0
    |--CellReg TileA Bytes.......................:         0
    |--CellReg TileB Bytes.......................:         0
    |--CellReg TileC Bytes.......................:         0
    |--CellReg LeftScale Bytes...................:         0
    |--CellReg RightScale Bytes..................:         0
  |--CellReg Store Count.........................:         0
    |--CellReg TileC Count.......................:         0
  |--CellReg Store Bytes.........................:         0
    |--CellReg TileC Bytes.......................:         0
  |--ShareTReg Load Count........................:         0
    |--ShareTReg TileA Count.....................:         0
    |--ShareTReg TileB Count.....................:         0
  |--ShareTReg Load Bytes........................:         0
    |--ShareTReg TileA Bytes.....................:         0
    |--ShareTReg TileB Bytes.....................:         0
  |--Exp CellReg Load Count......................:         0
    |--Exp CellReg TileA Count...................:         0
    |--Exp CellReg TileB Count...................:         0
    |--Exp CellReg TileC Count...................:         0
    |--Exp CellReg LeftScale Count...............:         0
    |--Exp CellReg RightScale Count..............:         0
  |--Exp CellReg Load Delta......................:      0.00
  |--Exp CellReg Store Count.....................:         0
  |--Exp CellReg Store Delta.....................:      0.00
  |--Exp ShareTReg Load Count....................:         0
  |--Exp ShareTReg Load Cache Skip...............:         0
  |--Exp ShareTReg Load Delta....................:      0.00
Cube core cannot pick main chain uop ratio.......:         0     N/A
Cube core pick cub chain uop ratio...............:         0     N/A
Cube busy cycle..................................:         0
Cube core mmad busy cycle........................:         0     N/A
Cube core load busy cycle........................:         0     N/A
Cube core store busy cycle.......................:         0     N/A
  UtilMacW (array exec)..........................:         0
    |--UtilMacWMad (systolic MAC phase)..........:         0
    |--UtilMacWRamp (staging/fill-drain).........:         0
  UtilMacO (operand in-flight)...................:         0
  UtilMacA (exec/writeback struct)...............:         0
  UtilMacD (dependency chain)....................:         0
  UtilMacI (issue/rename struct).................:         0
  UtilMacS (no tile).............................:      8820
  UtilMacUnaccounted.............................:         0
  UtilMacCycles..................................:      8820
    |--UtilMacSub_O_L0InFlight...................:         0
    |--UtilMacSub_O_ScaleInFlight................:         0
    |--UtilMacSub_O_LoadPath.....................:         0
    |--UtilMacSub_O_LdUopBuf.....................:         0
    |--UtilMacSub_A_AllocBackpressure............:         0
    |--UtilMacSub_A_StoreInFlight................:         0
    |--UtilMacSub_A_FixPipeAnnounce..............:         0
    |--UtilMacSub_A_UopBufQueue..................:         0
    |--UtilMacSub_A_TileBoundary.................:         0
    |--UtilMacSub_A_AccPoolFull..................:         0
    |--UtilMacSub_A_AccEntryRelease..............:         0
    |--UtilMacSub_D_KLoopChain...................:         0
    |--UtilMacSub_D_AccEntryNotReady.............:         0
    |--UtilMacSubO_Reconcile.....................:      0.00
    |--UtilMacSubA_Reconcile.....................:      0.00
    |--UtilMacSubD_Reconcile.....................:      0.00
    |--UtilMacSub_O_L0InFlight_A.................:         0
    |--UtilMacSub_O_L0InFlight_B.................:         0
    |--UtilMacSub_O_L0InFlight_C.................:         0
    |--UtilMacSub_O_L0InFlight_Other.............:         0
    |--UtilMacSubO_L0Split_Reconcile.............:      0.00
  UtilMacIssue_Issued............................:         0
  UtilMacIssue_CStreamWait.......................:         0
  UtilMacIssue_L0InFlight........................:         0
  UtilMacIssue_ScaleInFlight.....................:         0
  UtilMacIssue_AllocBackpressure.................:         0
  UtilMacIssue_KLoopChain........................:         0
  UtilMacIssue_UopBufQueue.......................:         0
  UtilMacIssue_LdUopBufQueue.....................:         0
  UtilMacIssue_NoTile............................:      8820
  UtilMacIssue_TileBoundary......................:         0
  UtilMacIssue_Unaccounted.......................:         0
  UtilMacIssue_Reconcile.........................:      0.00
  UtilMacIssue_L0InFlight_A......................:         0
  UtilMacIssue_L0InFlight_B......................:         0
  UtilMacIssue_L0InFlight_C......................:         0
  UtilMacIssue_L0InFlight_Other..................:         0
  UtilMacIssue_L0Split_Reconcile.................:      0.00
  UtilMacStageOcc................................:         0
  RenameAllocAFailCycles.........................:         0
  RenameAllocBFailCycles.........................:         0
  RenameFifoFullCycles...........................:         0
  UtilMacStageIdle...............................:         0
  UtilMacStage_Reconcile.........................:      0.00
  UtilMacFillWeightedUtil........................:      0.00
  UtilMacShadow_CwaitCycles......................:         0
  UtilMacShadow_L0WithCwait......................:         0
  UtilMacStageIdleByCause_Reconcile..............:      0.00
===================CubeCore 2 Statistics====================
Cube Total Cycles................................:      8820
Cube MAC Exec Occupancy..........................:         0    0.00%
Cube MAC Utilization.............................:      0.00    0.00%
Cube Logical MAC Count...........................:         0
Cube Equivalent MAC Count........................:      0.00
Cube Equivalent MAC Rate (MAC/cycle).............:      0.00
Cube core workload units (dtype-normalized)......:      0.00
Cube core workload rate (units/cycle)............:0.00000000
Cube Achieved TFLOPS (equivalent MACs, 1.65GHz)..:  0.000000
Cube core exe tileop count.......................:         0
L0A Tag Hits (A resident)........................:         0
L0A Tag Misses (A resident)......................:         0
L0A Tag Flushes (A resident).....................:         0
Cube Uop Generated Count.........................:         0
Cube core retired uop count......................:         0
Cube core total load count.......................:         0
Cube core total store count (CellReg TileC writes):         0
==================InternalAcc Feature PMU===================
internal_acc_entry_alloc_count...................:         0
internal_acc_entry_read_count....................:         0
internal_acc_entry_write_count...................:         0
internal_acc_entry_peak_occupancy................:         0
internal_acc_active_cycles.......................:         0
internal_acc_entry_unavailable_stall_cycles......:         0
internal_acc_entry_lookup_wait_stall_cycles......:         0
internal_acc_entry_not_ready_stall_cycles........:         0
internal_acc_stale_reference_count...............:         0
Cube FP16 Logical MAC Count......................:         0
Cube FP16 Equivalent MAC Count...................:      0.00
Cube FP8 Logical MAC Count.......................:         0
Cube FP8 Equivalent MAC Count....................:      0.00
Cube FP4 Logical MAC Count.......................:         0
Cube FP4 Equivalent MAC Count....................:      0.00
Cube TileOp Occupancy............................:         0    0.00%
Cube Load Outstanding............................:         0    0.00%
Cube FixPipe/Store Occupancy.....................:         0    0.00%
Cube core average acc slot use...................:       N/A
Cube core average l0a entry use..................:       N/A
Cube core average l0b entry use..................:       N/A
Cube core average l0a entry use busy.............:       N/A
Cube core average l0b entry use busy.............:       N/A
Cube core average acc slot use busy..............:       N/A
Cube MAC Range...................................:         0
Cube Load Range..................................:         0
Cube Store Range.................................:         0
Cube Load-MAC Range Overlap......................:         0     N/A
accSlotAllocCount................................:         0
accSlotFreeCount.................................:         0
accSlotPeakInUse.................................:         0
accSlotWaitCount.................................:         0
bandPairMapPeakSize..............................:         0
bandPairMapFinalSize.............................:         0
batchDistributeCount.............................:         0
batchFallbackCount...............................:         0
m0TileCReadCount.................................:         0
m1TileCReadCount.................................:         0
tileCReadRequestCount............................:         0
tileCReadBytes...................................:         0
batchMissedDistributeCount.......................:         0
uniqueTileCSourceAddresses.......................:         0
Cube core exe uop count..........................:         0
Cube core retired uop count......................:         0
Cube core total load count.......................:         0
Cube core total store count (CellReg TileC writes):         0
  |--CellReg Load Count..........................:         0
    |--CellReg TileA Count.......................:         0
    |--CellReg TileB Count.......................:         0
    |--CellReg TileC Count.......................:         0
    |--CellReg LeftScale Count...................:         0
    |--CellReg RightScale Count..................:         0
  |--CellReg Load Bytes..........................:         0
    |--CellReg TileA Bytes.......................:         0
    |--CellReg TileB Bytes.......................:         0
    |--CellReg TileC Bytes.......................:         0
    |--CellReg LeftScale Bytes...................:         0
    |--CellReg RightScale Bytes..................:         0
  |--CellReg Store Count.........................:         0
    |--CellReg TileC Count.......................:         0
  |--CellReg Store Bytes.........................:         0
    |--CellReg TileC Bytes.......................:         0
  |--ShareTReg Load Count........................:         0
    |--ShareTReg TileA Count.....................:         0
    |--ShareTReg TileB Count.....................:         0
  |--ShareTReg Load Bytes........................:         0
    |--ShareTReg TileA Bytes.....................:         0
    |--ShareTReg TileB Bytes.....................:         0
  |--Exp CellReg Load Count......................:         0
    |--Exp CellReg TileA Count...................:         0
    |--Exp CellReg TileB Count...................:         0
    |--Exp CellReg TileC Count...................:         0
    |--Exp CellReg LeftScale Count...............:         0
    |--Exp CellReg RightScale Count..............:         0
  |--Exp CellReg Load Delta......................:      0.00
  |--Exp CellReg Store Count.....................:         0
  |--Exp CellReg Store Delta.....................:      0.00
  |--Exp ShareTReg Load Count....................:         0
  |--Exp ShareTReg Load Cache Skip...............:         0
  |--Exp ShareTReg Load Delta....................:      0.00
Cube core cannot pick main chain uop ratio.......:         0     N/A
Cube core pick cub chain uop ratio...............:         0     N/A
Cube busy cycle..................................:         0
Cube core mmad busy cycle........................:         0     N/A
Cube core load busy cycle........................:         0     N/A
Cube core store busy cycle.......................:         0     N/A
  UtilMacW (array exec)..........................:         0
    |--UtilMacWMad (systolic MAC phase)..........:         0
    |--UtilMacWRamp (staging/fill-drain).........:         0
  UtilMacO (operand in-flight)...................:         0
  UtilMacA (exec/writeback struct)...............:         0
  UtilMacD (dependency chain)....................:         0
  UtilMacI (issue/rename struct).................:         0
  UtilMacS (no tile).............................:      8820
  UtilMacUnaccounted.............................:         0
  UtilMacCycles..................................:      8820
    |--UtilMacSub_O_L0InFlight...................:         0
    |--UtilMacSub_O_ScaleInFlight................:         0
    |--UtilMacSub_O_LoadPath.....................:         0
    |--UtilMacSub_O_LdUopBuf.....................:         0
    |--UtilMacSub_A_AllocBackpressure............:         0
    |--UtilMacSub_A_StoreInFlight................:         0
    |--UtilMacSub_A_FixPipeAnnounce..............:         0
    |--UtilMacSub_A_UopBufQueue..................:         0
    |--UtilMacSub_A_TileBoundary.................:         0
    |--UtilMacSub_A_AccPoolFull..................:         0
    |--UtilMacSub_A_AccEntryRelease..............:         0
    |--UtilMacSub_D_KLoopChain...................:         0
    |--UtilMacSub_D_AccEntryNotReady.............:         0
    |--UtilMacSubO_Reconcile.....................:      0.00
    |--UtilMacSubA_Reconcile.....................:      0.00
    |--UtilMacSubD_Reconcile.....................:      0.00
    |--UtilMacSub_O_L0InFlight_A.................:         0
    |--UtilMacSub_O_L0InFlight_B.................:         0
    |--UtilMacSub_O_L0InFlight_C.................:         0
    |--UtilMacSub_O_L0InFlight_Other.............:         0
    |--UtilMacSubO_L0Split_Reconcile.............:      0.00
  UtilMacIssue_Issued............................:         0
  UtilMacIssue_CStreamWait.......................:         0
  UtilMacIssue_L0InFlight........................:         0
  UtilMacIssue_ScaleInFlight.....................:         0
  UtilMacIssue_AllocBackpressure.................:         0
  UtilMacIssue_KLoopChain........................:         0
  UtilMacIssue_UopBufQueue.......................:         0
  UtilMacIssue_LdUopBufQueue.....................:         0
  UtilMacIssue_NoTile............................:      8820
  UtilMacIssue_TileBoundary......................:         0
  UtilMacIssue_Unaccounted.......................:         0
  UtilMacIssue_Reconcile.........................:      0.00
  UtilMacIssue_L0InFlight_A......................:         0
  UtilMacIssue_L0InFlight_B......................:         0
  UtilMacIssue_L0InFlight_C......................:         0
  UtilMacIssue_L0InFlight_Other..................:         0
  UtilMacIssue_L0Split_Reconcile.................:      0.00
  UtilMacStageOcc................................:         0
  RenameAllocAFailCycles.........................:         0
  RenameAllocBFailCycles.........................:         0
  RenameFifoFullCycles...........................:         0
  UtilMacStageIdle...............................:         0
  UtilMacStage_Reconcile.........................:      0.00
  UtilMacFillWeightedUtil........................:      0.00
  UtilMacShadow_CwaitCycles......................:         0
  UtilMacShadow_L0WithCwait......................:         0
  UtilMacStageIdleByCause_Reconcile..............:      0.00
===================CubeCore 3 Statistics====================
Cube Total Cycles................................:      8820
Cube MAC Exec Occupancy..........................:         0    0.00%
Cube MAC Utilization.............................:      0.00    0.00%
Cube Logical MAC Count...........................:         0
Cube Equivalent MAC Count........................:      0.00
Cube Equivalent MAC Rate (MAC/cycle).............:      0.00
Cube core workload units (dtype-normalized)......:      0.00
Cube core workload rate (units/cycle)............:0.00000000
Cube Achieved TFLOPS (equivalent MACs, 1.65GHz)..:  0.000000
Cube core exe tileop count.......................:         0
L0A Tag Hits (A resident)........................:         0
L0A Tag Misses (A resident)......................:         0
L0A Tag Flushes (A resident).....................:         0
Cube Uop Generated Count.........................:         0
Cube core retired uop count......................:         0
Cube core total load count.......................:         0
Cube core total store count (CellReg TileC writes):         0
==================InternalAcc Feature PMU===================
internal_acc_entry_alloc_count...................:         0
internal_acc_entry_read_count....................:         0
internal_acc_entry_write_count...................:         0
internal_acc_entry_peak_occupancy................:         0
internal_acc_active_cycles.......................:         0
internal_acc_entry_unavailable_stall_cycles......:         0
internal_acc_entry_lookup_wait_stall_cycles......:         0
internal_acc_entry_not_ready_stall_cycles........:         0
internal_acc_stale_reference_count...............:         0
Cube FP16 Logical MAC Count......................:         0
Cube FP16 Equivalent MAC Count...................:      0.00
Cube FP8 Logical MAC Count.......................:         0
Cube FP8 Equivalent MAC Count....................:      0.00
Cube FP4 Logical MAC Count.......................:         0
Cube FP4 Equivalent MAC Count....................:      0.00
Cube TileOp Occupancy............................:         0    0.00%
Cube Load Outstanding............................:         0    0.00%
Cube FixPipe/Store Occupancy.....................:         0    0.00%
Cube core average acc slot use...................:       N/A
Cube core average l0a entry use..................:       N/A
Cube core average l0b entry use..................:       N/A
Cube core average l0a entry use busy.............:       N/A
Cube core average l0b entry use busy.............:       N/A
Cube core average acc slot use busy..............:       N/A
Cube MAC Range...................................:         0
Cube Load Range..................................:         0
Cube Store Range.................................:         0
Cube Load-MAC Range Overlap......................:         0     N/A
accSlotAllocCount................................:         0
accSlotFreeCount.................................:         0
accSlotPeakInUse.................................:         0
accSlotWaitCount.................................:         0
bandPairMapPeakSize..............................:         0
bandPairMapFinalSize.............................:         0
batchDistributeCount.............................:         0
batchFallbackCount...............................:         0
m0TileCReadCount.................................:         0
m1TileCReadCount.................................:         0
tileCReadRequestCount............................:         0
tileCReadBytes...................................:         0
batchMissedDistributeCount.......................:         0
uniqueTileCSourceAddresses.......................:         0
Cube core exe uop count..........................:         0
Cube core retired uop count......................:         0
Cube core total load count.......................:         0
Cube core total store count (CellReg TileC writes):         0
  |--CellReg Load Count..........................:         0
    |--CellReg TileA Count.......................:         0
    |--CellReg TileB Count.......................:         0
    |--CellReg TileC Count.......................:         0
    |--CellReg LeftScale Count...................:         0
    |--CellReg RightScale Count..................:         0
  |--CellReg Load Bytes..........................:         0
    |--CellReg TileA Bytes.......................:         0
    |--CellReg TileB Bytes.......................:         0
    |--CellReg TileC Bytes.......................:         0
    |--CellReg LeftScale Bytes...................:         0
    |--CellReg RightScale Bytes..................:         0
  |--CellReg Store Count.........................:         0
    |--CellReg TileC Count.......................:         0
  |--CellReg Store Bytes.........................:         0
    |--CellReg TileC Bytes.......................:         0
  |--ShareTReg Load Count........................:         0
    |--ShareTReg TileA Count.....................:         0
    |--ShareTReg TileB Count.....................:         0
  |--ShareTReg Load Bytes........................:         0
    |--ShareTReg TileA Bytes.....................:         0
    |--ShareTReg TileB Bytes.....................:         0
  |--Exp CellReg Load Count......................:         0
    |--Exp CellReg TileA Count...................:         0
    |--Exp CellReg TileB Count...................:         0
    |--Exp CellReg TileC Count...................:         0
    |--Exp CellReg LeftScale Count...............:         0
    |--Exp CellReg RightScale Count..............:         0
  |--Exp CellReg Load Delta......................:      0.00
  |--Exp CellReg Store Count.....................:         0
  |--Exp CellReg Store Delta.....................:      0.00
  |--Exp ShareTReg Load Count....................:         0
  |--Exp ShareTReg Load Cache Skip...............:         0
  |--Exp ShareTReg Load Delta....................:      0.00
Cube core cannot pick main chain uop ratio.......:         0     N/A
Cube core pick cub chain uop ratio...............:         0     N/A
Cube busy cycle..................................:         0
Cube core mmad busy cycle........................:         0     N/A
Cube core load busy cycle........................:         0     N/A
Cube core store busy cycle.......................:         0     N/A
  UtilMacW (array exec)..........................:         0
    |--UtilMacWMad (systolic MAC phase)..........:         0
    |--UtilMacWRamp (staging/fill-drain).........:         0
  UtilMacO (operand in-flight)...................:         0
  UtilMacA (exec/writeback struct)...............:         0
  UtilMacD (dependency chain)....................:         0
  UtilMacI (issue/rename struct).................:         0
  UtilMacS (no tile).............................:      8820
  UtilMacUnaccounted.............................:         0
  UtilMacCycles..................................:      8820
    |--UtilMacSub_O_L0InFlight...................:         0
    |--UtilMacSub_O_ScaleInFlight................:         0
    |--UtilMacSub_O_LoadPath.....................:         0
    |--UtilMacSub_O_LdUopBuf.....................:         0
    |--UtilMacSub_A_AllocBackpressure............:         0
    |--UtilMacSub_A_StoreInFlight................:         0
    |--UtilMacSub_A_FixPipeAnnounce..............:         0
    |--UtilMacSub_A_UopBufQueue..................:         0
    |--UtilMacSub_A_TileBoundary.................:         0
    |--UtilMacSub_A_AccPoolFull..................:         0
    |--UtilMacSub_A_AccEntryRelease..............:         0
    |--UtilMacSub_D_KLoopChain...................:         0
    |--UtilMacSub_D_AccEntryNotReady.............:         0
    |--UtilMacSubO_Reconcile.....................:      0.00
    |--UtilMacSubA_Reconcile.....................:      0.00
    |--UtilMacSubD_Reconcile.....................:      0.00
    |--UtilMacSub_O_L0InFlight_A.................:         0
    |--UtilMacSub_O_L0InFlight_B.................:         0
    |--UtilMacSub_O_L0InFlight_C.................:         0
    |--UtilMacSub_O_L0InFlight_Other.............:         0
    |--UtilMacSubO_L0Split_Reconcile.............:      0.00
  UtilMacIssue_Issued............................:         0
  UtilMacIssue_CStreamWait.......................:         0
  UtilMacIssue_L0InFlight........................:         0
  UtilMacIssue_ScaleInFlight.....................:         0
  UtilMacIssue_AllocBackpressure.................:         0
  UtilMacIssue_KLoopChain........................:         0
  UtilMacIssue_UopBufQueue.......................:         0
  UtilMacIssue_LdUopBufQueue.....................:         0
  UtilMacIssue_NoTile............................:      8820
  UtilMacIssue_TileBoundary......................:         0
  UtilMacIssue_Unaccounted.......................:         0
  UtilMacIssue_Reconcile.........................:      0.00
  UtilMacIssue_L0InFlight_A......................:         0
  UtilMacIssue_L0InFlight_B......................:         0
  UtilMacIssue_L0InFlight_C......................:         0
  UtilMacIssue_L0InFlight_Other..................:         0
  UtilMacIssue_L0Split_Reconcile.................:      0.00
  UtilMacStageOcc................................:         0
  RenameAllocAFailCycles.........................:         0
  RenameAllocBFailCycles.........................:         0
  RenameFifoFullCycles...........................:         0
  UtilMacStageIdle...............................:         0
  UtilMacStage_Reconcile.........................:      0.00
  UtilMacFillWeightedUtil........................:      0.00
  UtilMacShadow_CwaitCycles......................:         0
  UtilMacShadow_L0WithCwait......................:         0
  UtilMacStageIdleByCause_Reconcile..............:      0.00
=============== TLSU tile-store STQ residency peId=0 ===============
  resident entry-cycles ....................: 36519
  |-- addr/interval not resolved ...........: 0  (0.00%)
  |-- tile data (rename) not ready .........: 26099  (71.47%)
  |-- BLOCKED BY NON-FLUSH POINTER .........: 1415  (3.87%)
  |-- older store still in STQ .............: 8803  (24.11%)
  |-- SCB full ............................: 0  (0.00%)
  store_issue=1761 scb_enter=1761 stq_peak=75 scb_peak=63
  private_l1_handoff: fragments=1559 acks=1559 wait_entry_cycles=1559 balanced=yes
  invariants: stq_conservation=OK (created=1586 destroyed=1586) a3_tile_violation=0 scb_flush_hit=0 scb_waw_scalar=0 scb_waw_tile=0 nuke=1
=============== TLOAD Sub-path peId=0 ===============
  occupancy entry-cycles ..................: 39802 (18.99%)
  issue events ............................: 2462
=============== TSTORE Sub-path peId=0 ===============
  occupancy entry-cycles ..................: 169776 (81.01%)
  issue events ............................: 1761
=============== TMOV Sub-path peId=0 ===============
  occupancy entry-cycles ..................: 0 (0.00%)
  issue events ............................: 0
========================Streaming L2========================
l2_tr_read_sent..................................:       564
l2_tr_read_response..............................:       564
l2_tr_read_wait_cycles...........................:      1220
l2_tr_read_queue_full_cycles.....................:         0
l2_tr_write_sent.................................:       305
l2_tr_write_response.............................:       305
l2_tr_write_wait_cycles..........................:      1872
l2_tr_write_queue_full_cycles....................:         0
l2_rwdb_entry_full_cycles........................:        10
l2_prior_read_raw_renames........................:         2
l2_starvation_bypass_cycles......................:         0
=====================Retired block Type=====================
Retired Block Num................................:      3248
  |--Retired STD Block Num.......................:      1278
  |--Retired PARALLEL Block Num..................:       946
    |--Retired CUBE Block Num....................:         0    0.00%
    |--Retired VCALL Block Num...................:       587   62.05%
    |--Retired TLSU Block Num....................:       359   37.95%
  |--Retired SYS Block Num.......................:         0
  |--Retired FP Block Num........................:      1024
  |--Retired OTHER Block Num.....................:         0
==================Retired Template Opcode===================
FENTRY...........................................:        12
FEXIT............................................:         0
FRET.............................................:        12
MEMSET...........................................:         0
MEMCOPY..........................................:         0
Retired Instruction Number.......................:     27685
  |--Retired Scalar Inst Number..................:     27685
  |--Retired Vec Inst Number.....................:         0
Retired Cube TileOp Number.......................:         0
Blocks Per Cycle.................................:  0.368254
IPC..............................................:  3.138889
Average BROB occupancy...........................:    105.53
  |--STID0 Average BROB occupancy................: 28.255329
  |--STID1 Average BROB occupancy................: 25.334127
  |--STID2 Average BROB occupancy................: 26.397279
  |--STID3 Average BROB occupancy................: 25.543537
Effective window size............................:    124.15
MPKB.............................................:     94.24
MPKI.............................................:     10.87
Simulation speed (Kilo Insts Per Second).........:      5.76
Discontinuous BPC Count..........................:      1509
Average Continuous BPC Length....................:  2.152419
Average fetch minsts/header per cycle............:     14.10
==========Block Control Detail Stats(Tile rename)===========
Tile capacity sample cycles......................:      8820
Tile virtual tag capacity T/U/M/N (all threads)..:      4096
Tile virtual peak live tags T/U/M/N (all threads):       387
Tile physical CellReg capacity per PE(B).........:    262144
Tile physical CellReg capacity all PEs(B)........:   1048576
Tile lazy physical allocation enabled............:         0
Tile TLOAD first-data-ready bind enabled.........:         0
Tile physical bind requests......................:         0
Tile physical bind grants........................:         0
Tile physical bind failures......................:         0
Tile rename-to-bind average cycles...............:       N/A
Tile average virtual-only live tags..............:      0.00
Tile stale cell wakeup events....................:         0
Tile register average tag num....................:    136.89
  |--T...........................................:     47.08
  |--U...........................................:     45.09
  |--M...........................................:     25.67
  |--N...........................................:     19.05
  |--ACC.........................................:      0.00
  |--STK.........................................:      0.00
  |--DEP.........................................:      0.00
  |--MCALL_GPR...................................:      0.00
  |--MCALL_STK...................................:      0.00
Tile virtual average requested bytes (all threads):  43591.66
Tile virtual sum of per-hand peak requested bytes:     38912
Tile virtual simultaneous peak requested bytes (all threads):    148608
Tile physical simultaneous peak occupied bytes (all PEs):     68608
Tile physical simultaneous peak occupied cells (all PEs):       536
  |--T virtual requested bytes...................:  17933.42
  |--T virtual peak requested bytes..............:     16896
  |--U virtual requested bytes...................:  16316.85
  |--U virtual peak requested bytes..............:     14464
  |--M virtual requested bytes...................:   6535.43
  |--M virtual peak requested bytes..............:      5888
  |--N virtual requested bytes...................:   2805.96
  |--N virtual peak requested bytes..............:      1664
  |--ACC virtual requested bytes.................:      0.00
  |--ACC virtual peak requested bytes............:         0
  |--STK virtual requested bytes.................:      0.00
  |--STK virtual peak requested bytes............:         0
  |--DEP virtual requested bytes.................:      0.00
  |--DEP virtual peak requested bytes............:         0
  |--MCALL_GPR virtual requested bytes...........:      0.00
  |--MCALL_GPR virtual peak requested bytes......:         0
  |--MCALL_STK virtual requested bytes...........:      0.00
  |--MCALL_STK virtual peak requested bytes......:         0
Tile register average occupied bytes (all threads):  15367.34
Tile register average utilization (%)............:    1.4655
  |--T occupied bytes............................:      4724   30.74%
  |--U occupied bytes............................:      9850   64.10%
  |--M occupied bytes............................:       600    3.90%
  |--N occupied bytes............................:       192    1.25%
  |--ACC occupied bytes..........................:         0    0.00%
  |--STK occupied bytes..........................:         0    0.00%
  |--DEP occupied bytes..........................:         0    0.00%
  |--MCALL_GPR occupied bytes....................:         0    0.00%
  |--MCALL_STK occupied bytes....................:         0    0.00%
Tile physical configured hand size of T..........:     65536
  |-- physical peak utilization..................:      8960   13.67%
Tile physical configured hand size of U..........:     65536
  |-- physical peak utilization..................:      8704   13.28%
Tile physical configured hand size of M..........:     65536
  |-- physical peak utilization..................:      1536    2.34%
Tile physical configured hand size of N..........:     65536
  |-- physical peak utilization..................:      1024    1.56%
STID0 TileReg average occupied bytes.............:   3849.46
STID0 TileReg average utilization (%)............:    1.4685
STID0 virtual Tile average requested bytes.......:  11074.18
STID0 virtual Tile peak requested bytes..........:     37888
STID0 physical Tile peak occupied bytes..........:     17920
STID1 TileReg average occupied bytes.............:   3708.84
STID1 TileReg average utilization (%)............:    1.4148
STID1 virtual Tile average requested bytes.......:  10657.90
STID1 virtual Tile peak requested bytes..........:     35968
STID1 physical Tile peak occupied bytes..........:     17408
STID2 TileReg average occupied bytes.............:   3878.37
STID2 TileReg average utilization (%)............:    1.4795
STID2 virtual Tile average requested bytes.......:  10971.50
STID2 virtual Tile peak requested bytes..........:     38912
STID2 physical Tile peak occupied bytes..........:     17920
STID3 TileReg average occupied bytes.............:   3930.67
STID3 TileReg average utilization (%)............:    1.4994
STID3 virtual Tile average requested bytes.......:  10888.08
STID3 virtual Tile peak requested bytes..........:     38912
STID3 physical Tile peak occupied bytes..........:     18944
Tile size-class allocator enabled................:         1
Tile allocator unit size(B)......................:       128
Tile allocator requests..........................:       728
Tile allocator failures..........................:         0
Tile allocator successful requested units........:      1868
Tile allocator granted units.....................:      1868
Tile allocator class waste units.................:         0
Tile allocator split events......................:       539
Tile allocator merge events......................:       507
Tile allocator sum of per-thread peak(B).........:     72192
==============Block Control Stall Stats Total===============
BRob Full Stall..................................:         0
RENAME Stall.....................................:         0
Block Rename Get Stall...........................:         0
Block Rename Set Stall...........................:         0
BIsq Full Stall .................................:         0
TileReg Full Stall ..............................:         0
============Block Control Stall Stats SThread 0=============
BRob Full Stall..................................:         0
RENAME Stall.....................................:         0
Block Rename Get Stall...........................:         0
Block Rename Set Stall...........................:         0
BIsq Full Stall .................................:         0
TileReg Full Stall ..............................:         0
InternalAcc Credit Wait..........................:         0
internal_acc_chain_allocated.....................:         0
internal_acc_chain_completed.....................:         0
internal_acc_chain_flush_released................:         0
internal_acc_block_head..........................:         0
internal_acc_block_mid...........................:         0
internal_acc_block_tail..........................:         0
internal_acc_chain_order_wait_stall_cycles.......:         0
internal_acc_dispatch_queue_full_wait_cycles.....:         0
============Block Control Stall Stats SThread 1=============
BRob Full Stall..................................:         0
RENAME Stall.....................................:         0
Block Rename Get Stall...........................:         0
Block Rename Set Stall...........................:         0
BIsq Full Stall .................................:         0
TileReg Full Stall ..............................:         0
InternalAcc Credit Wait..........................:         0
internal_acc_chain_allocated.....................:         0
internal_acc_chain_completed.....................:         0
internal_acc_chain_flush_released................:         0
internal_acc_block_head..........................:         0
internal_acc_block_mid...........................:         0
internal_acc_block_tail..........................:         0
internal_acc_chain_order_wait_stall_cycles.......:         0
internal_acc_dispatch_queue_full_wait_cycles.....:         0
============Block Control Stall Stats SThread 2=============
BRob Full Stall..................................:         0
RENAME Stall.....................................:         0
Block Rename Get Stall...........................:         0
Block Rename Set Stall...........................:         0
BIsq Full Stall .................................:         0
TileReg Full Stall ..............................:         0
InternalAcc Credit Wait..........................:         0
internal_acc_chain_allocated.....................:         0
internal_acc_chain_completed.....................:         0
internal_acc_chain_flush_released................:         0
internal_acc_block_head..........................:         0
internal_acc_block_mid...........................:         0
internal_acc_block_tail..........................:         0
internal_acc_chain_order_wait_stall_cycles.......:         0
internal_acc_dispatch_queue_full_wait_cycles.....:         0
============Block Control Stall Stats SThread 3=============
BRob Full Stall..................................:         0
RENAME Stall.....................................:         0
Block Rename Get Stall...........................:         0
Block Rename Set Stall...........................:         0
BIsq Full Stall .................................:         0
TileReg Full Stall ..............................:         0
InternalAcc Credit Wait..........................:         0
internal_acc_chain_allocated.....................:         0
internal_acc_chain_completed.....................:         0
internal_acc_chain_flush_released................:         0
internal_acc_block_head..........................:         0
internal_acc_block_mid...........................:         0
internal_acc_block_tail..........................:         0
internal_acc_chain_order_wait_stall_cycles.......:         0
internal_acc_dispatch_queue_full_wait_cycles.....:         0
============CtlStack (BISQ park head, per-stid)=============
  CtlStackG_S0...................................:      1675
  CtlStackBIQFull_S0.............................:         0
  CtlStackPortBudget_S0..........................:         0
  CtlStackCellRename_S0..........................:         0
  CtlStackGroupGate_S0...........................:         0
  CtlStackTlsuBusy_S0............................:         0
  CtlStackPeCluster_S0...........................:         0
  CtlStackEmpty_S0...............................:      7145
  CtlStackUnaccounted_S0.........................:         0
  CtlStackSyscallGate_S0.........................:         0
  CtlStackResidual_S0............................:         0
  CtlStackG_S1...................................:      1603
  CtlStackBIQFull_S1.............................:         0
  CtlStackPortBudget_S1..........................:         0
  CtlStackCellRename_S1..........................:         0
  CtlStackGroupGate_S1...........................:         0
  CtlStackTlsuBusy_S1............................:         0
  CtlStackPeCluster_S1...........................:         0
  CtlStackEmpty_S1...............................:      7217
  CtlStackUnaccounted_S1.........................:         0
  CtlStackSyscallGate_S1.........................:         0
  CtlStackResidual_S1............................:         0
  CtlStackG_S2...................................:      1603
  CtlStackBIQFull_S2.............................:         0
  CtlStackPortBudget_S2..........................:         0
  CtlStackCellRename_S2..........................:         0
  CtlStackGroupGate_S2...........................:         0
  CtlStackTlsuBusy_S2............................:         0
  CtlStackPeCluster_S2...........................:         0
  CtlStackEmpty_S2...............................:      7217
  CtlStackUnaccounted_S2.........................:         0
  CtlStackSyscallGate_S2.........................:         0
  CtlStackResidual_S2............................:         0
  CtlStackG_S3...................................:      1603
  CtlStackBIQFull_S3.............................:         0
  CtlStackPortBudget_S3..........................:         0
  CtlStackCellRename_S3..........................:         0
  CtlStackGroupGate_S3...........................:         0
  CtlStackTlsuBusy_S3............................:         0
  CtlStackPeCluster_S3...........................:         0
  CtlStackEmpty_S3...............................:      7217
  CtlStackUnaccounted_S3.........................:         0
  CtlStackSyscallGate_S3.........................:         0
  CtlStackResidual_S3............................:         0
==============CtlStack0 (fetch slot, per-stid)==============
  CtlStack0G0_S0.................................:      1675
  CtlStack0Empty0_S0.............................:      7145
  CtlStack0Held0_S0..............................:         0
  CtlStack0Residual_S0...........................:         0
  CtlStack0G0_S1.................................:      1603
  CtlStack0Empty0_S1.............................:      7217
  CtlStack0Held0_S1..............................:         0
  CtlStack0Residual_S1...........................:         0
  CtlStack0G0_S2.................................:      1603
  CtlStack0Empty0_S2.............................:      7217
  CtlStack0Held0_S2..............................:         0
  CtlStack0Residual_S2...........................:         0
  CtlStack0G0_S3.................................:      1603
  CtlStack0Empty0_S3.............................:      7217
  CtlStack0Held0_S3..............................:         0
  CtlStack0Residual_S3...........................:         0
==============CtlStack2 (BIQ dispatch, per-IQ)==============
  CtlStack2G_CUBE................................:         0
  CtlStack2Empty_CUBE............................:      8820
  CtlStack2ReadyWait_CUBE........................:         0
  CtlStack2DispQFull_CUBE........................:         0
  CtlStack2Unaccounted_CUBE......................:         0
  CtlStack2Residual_CUBE.........................:         0
  CtlStack2G_VEC_PE0.............................:       152
  CtlStack2Empty_VEC_PE0.........................:      5510
  CtlStack2ReadyWait_VEC_PE0.....................:      3158
  CtlStack2DispQFull_VEC_PE0.....................:         0
  CtlStack2Unaccounted_VEC_PE0...................:         0
  CtlStack2Residual_VEC_PE0......................:         0
  CtlStack2G_VEC_PE1.............................:       145
  CtlStack2Empty_VEC_PE1.........................:      5686
  CtlStack2ReadyWait_VEC_PE1.....................:      2989
  CtlStack2DispQFull_VEC_PE1.....................:         0
  CtlStack2Unaccounted_VEC_PE1...................:         0
  CtlStack2Residual_VEC_PE1......................:         0
  CtlStack2G_VEC_PE2.............................:       145
  CtlStack2Empty_VEC_PE2.........................:      5715
  CtlStack2ReadyWait_VEC_PE2.....................:      2960
  CtlStack2DispQFull_VEC_PE2.....................:         0
  CtlStack2Unaccounted_VEC_PE2...................:         0
  CtlStack2Residual_VEC_PE2......................:         0
  CtlStack2G_VEC_PE3.............................:       145
  CtlStack2Empty_VEC_PE3.........................:      5730
  CtlStack2ReadyWait_VEC_PE3.....................:      2945
  CtlStack2DispQFull_VEC_PE3.....................:         0
  CtlStack2Unaccounted_VEC_PE3...................:         0
  CtlStack2Residual_VEC_PE3......................:         0
============TileCell lifetime by producer module============
  TileCell OccCellCycles_CUBE....................:         0
  TileCell FreedCells_CUBE.......................:         0
  TileCell AvgLifeCycles_CUBE....................:      0.00
  TileCell MaxLifeCycles_CUBE....................:         0
  TileCell OccCellCycles_VEC.....................:   1637547
  TileCell FreedCells_VEC........................:      1287
  TileCell AvgLifeCycles_VEC.....................:   1272.38
  TileCell MaxLifeCycles_VEC.....................:      1769
  TileCell OccCellCycles_TLSU....................:    473702
  TileCell FreedCells_TLSU.......................:       178
  TileCell AvgLifeCycles_TLSU....................:   2661.25
  TileCell MaxLifeCycles_TLSU....................:      6123
  TileCell OccCellCycles_Other...................:         0
  TileCell FreedCells_Other......................:         0
  TileCell AvgLifeCycles_Other...................:      0.00
  TileCell MaxLifeCycles_Other...................:         0
==========GmmaGenSpread (lockstep 4-PE divergence)==========
  GenCount (4-PE complete).......................:         0
  IssueSpreadMean................................:       N/A
  IssueSpreadMax.................................:         0
  CompleteSpreadMean.............................:       N/A
  CompleteSpreadMax..............................:         0
  CompleteSpreadBucket_le4.......................:         0
  CompleteSpreadBucket_5to16.....................:         0
  CompleteSpreadBucket_17to64....................:         0
  CompleteSpreadBucket_gt64......................:         0
  FirstDivergenceGen (completeSpread>8)..........:         0
  FirstDivergenceCycle...........................:         0
  FirstDivergenceSpread..........................:         0
=====Block Control Detail Stats(Flush Statistics) Total=====
intra-block ld-st conflict.......................:         0
inter-block ld-st conflict.......................:         1
intra-block misp.................................:         0
inter-block misp.................................:       328
===Block Control Detail Stats(Flush Statistics) SThread 0===
intra-block ld-st conflict.......................:         0
inter-block ld-st conflict.......................:         1
intra-block misp.................................:         0
inter-block misp.................................:        80
===Block Control Detail Stats(Flush Statistics) SThread 1===
intra-block ld-st conflict.......................:         0
inter-block ld-st conflict.......................:         0
intra-block misp.................................:         0
inter-block misp.................................:        82
===Block Control Detail Stats(Flush Statistics) SThread 2===
intra-block ld-st conflict.......................:         0
inter-block ld-st conflict.......................:         0
intra-block misp.................................:         0
inter-block misp.................................:        85
===Block Control Detail Stats(Flush Statistics) SThread 3===
intra-block ld-st conflict.......................:         0
inter-block ld-st conflict.......................:         0
intra-block misp.................................:         0
inter-block misp.................................:        81
=====================SPE OOO&IEX stats======================
decode inst bubble...............................:     37856
average decode bundle............................:      0.00
Thread0 Pick Cnt.................................:      8109
Thread1 Pick Cnt.................................:      8099
Thread2 Pick Cnt.................................:      8062
Thread3 Pick Cnt.................................:      8034
Thread0 rob stall cnt............................:         3
Thread1 rob stall cnt............................:         0
Thread2 rob stall cnt............................:         0
Thread3 rob stall cnt............................:         0
decode pe rob stall..............................:         0
decode local gpr stall...........................:         0
inst buffer stall................................:         0
predicate reg stall..............................:         0
vector reg ptag stall............................:         0
vector local scalar reg stall....................:         0
retired ld inst..................................:      2065
retired st inst..................................:      1559
retired scalar inst..............................:     27685
retired vector inst..............................:         0
retired div/sqrt inst............................:         0
MAPQ lg0 stall...................................:         0
MAPQ lg1 stall...................................:         0
MAPQ lg2 stall...................................:         0
MAPQ lg3 stall...................................:         0
ROB lg0 stall....................................:         3
ROB lg1 stall....................................:         0
ROB lg2 stall....................................:         0
ROB lg3 stall....................................:         0
Thread0 decode cycle.............................:      2252
Thread1 decode cycle.............................:      2176
Thread2 decode cycle.............................:      2129
Thread3 decode cycle.............................:      2169
Thread0 alloc cycle..............................:      2005
Thread1 alloc cycle..............................:      2018
Thread2 alloc cycle..............................:      2007
Thread3 alloc cycle..............................:      2003
Thread0 rename cycle.............................:      1997
Thread1 rename cycle.............................:      1996
Thread2 rename cycle.............................:      1994
Thread3 rename cycle.............................:      1993
Thread0 d2_s1 dispatch cnt.......................:      1562
Thread1 d2_s1 dispatch cnt.......................:      1669
Thread2 d2_s1 dispatch cnt.......................:      1877
Thread3 d2_s1 dispatch cnt.......................:      1929
Thread0 slots_total..............................:     18016
Thread1 slots_total..............................:     17408
Thread2 slots_total..............................:     17032
Thread3 slots_total..............................:     17352
Thread0 slots_rob_allocated......................:      8109
Thread1 slots_rob_allocated......................:      8099
Thread2 slots_rob_allocated......................:      8062
Thread3 slots_rob_allocated......................:      8034
Thread0 slots_fe_bubble..........................:      9907
Thread1 slots_fe_bubble..........................:      9309
Thread2 slots_fe_bubble..........................:      8970
Thread3 slots_fe_bubble..........................:      9318
Thread0 slots_idle...............................:         0
Thread1 slots_idle...............................:         0
Thread2 slots_idle...............................:         0
Thread3 slots_idle...............................:         0
Thread0 robStall.................................:        24
Thread1 robStall.................................:         0
Thread2 robStall.................................:         0
Thread3 robStall.................................:         0
Thread0 retired_load.............................:       517
Thread1 retired_load.............................:       513
Thread2 retired_load.............................:       517
Thread3 retired_load.............................:       518
Thread0 retired_store............................:       419
Thread1 retired_store............................:       380
Thread2 retired_store............................:       380
Thread3 retired_store............................:       380
Thread0 retired_innerJump........................:         0
Thread1 retired_innerJump........................:         0
Thread2 retired_innerJump........................:         0
Thread3 retired_innerJump........................:         0
Thread0 retiredAluInst...........................:      6022
Thread1 retiredAluInst...........................:      5984
Thread2 retiredAluInst...........................:      6017
Thread3 retiredAluInst...........................:      6038
Thread0 retiredSAluInst..........................:      6022
Thread1 retiredSAluInst..........................:      5984
Thread2 retiredSAluInst..........................:      6017
Thread3 retiredSAluInst..........................:      6038
Thread0 retiredVAluInst..........................:         0
Thread1 retiredVAluInst..........................:         0
Thread2 retiredVAluInst..........................:         0
Thread3 retiredVAluInst..........................:         0
Thread0 retiredScalar............................:      6958
Thread1 retiredScalar............................:      6877
Thread2 retiredScalar............................:      6914
Thread3 retiredScalar............................:      6936
Thread0 retiredVector............................:         0
Thread1 retiredVector............................:         0
Thread2 retiredVector............................:         0
Thread3 retiredVector............................:         0
Thread0 retiredDivSqrt...........................:         0
Thread1 retiredDivSqrt...........................:         0
Thread2 retiredDivSqrt...........................:         0
Thread3 retiredDivSqrt...........................:         0
====================Vector PMU Stats PE0====================
PEId.............................................:         0
TileopNum........................................:       152
TCMPPackedTileNum................................:         1
TCMPFragmentExpected.............................:         2
TCMPFragmentCompleted............................:         2
TCMPFragmentCanceled.............................:         0
TCMPPackedCellWrites.............................:         1
TCMPPackWriteWaitCycles..........................:         1
TCMPFlushedTileNum...............................:         0
UopNum...........................................:       411
SplitCellCountMismatch...........................:         0
SplitPartialCellUopCount.........................:         0
SplitUopAvgPayloadBytes..........................:       N/A
UopQDispatch_INT.................................:         4
UopQReadyBypass_INT..............................:         0
UopQDispatchSrcBufFullCycles_INT.................:         0
UopQDispatchSrcBufFullBlockedCycles_INT..........:         0
VecSrcCellNotReadyCycles_INT.....................:       193
SharedReadPortWaitCycles_INT.....................:         0
UopQDispatch_FMA.................................:         0
UopQReadyBypass_FMA..............................:         0
UopQDispatchSrcBufFullCycles_FMA.................:         0
UopQDispatchSrcBufFullBlockedCycles_FMA..........:         0
VecSrcCellNotReadyCycles_FMA.....................:        70
SharedReadPortWaitCycles_FMA.....................:         0
UopQDispatch_LNEXP...............................:         0
UopQReadyBypass_LNEXP............................:         0
UopQDispatchSrcBufFullCycles_LNEXP...............:         0
UopQDispatchSrcBufFullBlockedCycles_LNEXP........:         0
VecSrcCellNotReadyCycles_LNEXP...................:         1
SharedReadPortWaitCycles_LNEXP...................:         0
CellReadMergedUops...............................:         0
StaticUopsIssued.................................:       407
StaticBoardBlockCycles...........................:         0
StaticWritebacks.................................:       407
EarlyWakeupFired.................................:       149
StaticDynPipeBlockCycles.........................:        11
DynStaticChainBlockCycles........................:        13
ExpandTagHits_INT................................:         0
ExpandTagMisses_INT..............................:         0
ExpandBankFills_INT..............................:         0
ExpandTempFills_INT..............................:         0
ExpandEvicts_INT.................................:         0
ExpandTagHits_FMA................................:         0
ExpandTagMisses_FMA..............................:         0
ExpandBankFills_FMA..............................:         0
ExpandTempFills_FMA..............................:         0
ExpandEvicts_FMA.................................:         0
ExpandTagHits_LNEXP..............................:         0
ExpandTagMisses_LNEXP............................:         0
ExpandBankFills_LNEXP............................:         0
ExpandTempFills_LNEXP............................:         0
ExpandEvicts_LNEXP...............................:         0
ExpandFillDrops..................................:         0
ExpandReadStaleFallbacks cls0....................:         0
ExpandReadStaleFallbacks cls1....................:         0
ExpandReadStaleFallbacks cls2....................:         0
LeSharedPortBlockCycles..........................:         0
LeSrc1CarrySkips.................................:         0
=======Static Path Bank Access / Conflict Attribution=======
  StaticBankReads Bank[0]........................:        34
  StaticBankReads Bank[1]........................:        30
  StaticBankReads Bank[2]........................:        28
  StaticBankReads Bank[3]........................:        28
  StaticBankReads Bank[4]........................:        42
  StaticBankReads Bank[5]........................:        43
  StaticBankReads Bank[6]........................:        40
  StaticBankReads Bank[7]........................:        39
  StaticDetectReadBlocks Bank[0].................:         0
  StaticDetectReadBlocks Bank[1].................:         0
  StaticDetectReadBlocks Bank[2].................:         0
  StaticDetectReadBlocks Bank[3].................:         0
  StaticDetectReadBlocks Bank[4].................:         1
  StaticDetectReadBlocks Bank[5].................:         0
  StaticDetectReadBlocks Bank[6].................:         1
  StaticDetectReadBlocks Bank[7].................:         0
  StaticDetectWriteBlocks Bank[0]................:         0
  StaticDetectWriteBlocks Bank[1]................:         0
  StaticDetectWriteBlocks Bank[2]................:         0
  StaticDetectWriteBlocks Bank[3]................:         0
  StaticDetectWriteBlocks Bank[4]................:         0
  StaticDetectWriteBlocks Bank[5]................:         0
  StaticDetectWriteBlocks Bank[6]................:         0
  StaticDetectWriteBlocks Bank[7]................:         0
  StaticIntYieldBlocks Bank[0]...................:         0
  StaticIntYieldBlocks Bank[1]...................:         0
  StaticIntYieldBlocks Bank[2]...................:         0
  StaticIntYieldBlocks Bank[3]...................:         0
  StaticIntYieldBlocks Bank[4]...................:         0
  StaticIntYieldBlocks Bank[5]...................:         0
  StaticIntYieldBlocks Bank[6]...................:         0
  StaticIntYieldBlocks Bank[7]...................:         0
  StaticBoardOccSum Bank[0]......................:       714
  StaticBoardOccSum Bank[1]......................:       714
  StaticBoardOccSum Bank[2]......................:       639
  StaticBoardOccSum Bank[3]......................:       615
  StaticBoardOccSum Bank[4]......................:       676
  StaticBoardOccSum Bank[5]......................:       705
  StaticBoardOccSum Bank[6]......................:       723
  StaticBoardOccSum Bank[7]......................:       694
  StaticBoardOccColSum Col[0]....................:       589
  StaticBoardOccColSum Col[1]....................:       589
  StaticBoardOccColSum Col[2]....................:       589
  StaticBoardOccColSum Col[3]....................:       451
  StaticBoardOccColSum Col[4]....................:       427
  StaticBoardOccColSum Col[5]....................:       405
  StaticBoardOccColSum Col[6]....................:       405
  StaticBoardOccColSum Col[7]....................:       405
  StaticBoardOccColSum Col[8]....................:       405
  StaticBoardOccColSum Col[9]....................:       405
  StaticBoardOccColSum Col[10]...................:       405
  StaticBoardOccColSum Col[11]...................:       405
  StaticBoardOccColSum Col[12]...................:         0
  StaticBoardOccColSum Col[13]...................:         0
  StaticBoardOccColSum Col[14]...................:         0
  StaticBoardOccColSum Col[15]...................:         0
VecAluAcceptCycles_FMA...........................:       100
VecAluAcceptCycles_INT...........................:       309
VecAluAcceptCycles_LNEXP.........................:         2
VecTripleIssueCycles.............................:         0
VecDualIssueCycles...............................:         0
VecSingleIssueCycles.............................:       411
VecIdleIssueCycles...............................:      8409
CellReadMergeSaved...............................:         0
SrcBufBypassIssue................................:         0
SplitRawGateBlocked..............................:         0
SplitNoFreeSlotCycles............................:         0
IPC(UOP).........................................:  0.046599
RowExpandTileNum.................................:         0
RowReduceTileNum.................................:         9
RowReduceLayerNum................................:         0
RowReduceUopSplit................................:         9
RowReduceUopDone.................................:         9
RowReduceRootWriteNum............................:         9
RowReduceFlushedTileNum..........................:         0
RowReduceEntryUnavailableCycles..................:         0
RowReduceSplitBandwidthWaitTileCycles............:         0
RowReduceSrcBufFullTileCycles....................:         0
RowReduceLayerWaitTileCycles.....................:         0
RowReduceLayerPublishWaitTileCycles..............:         0
RowReduceReadPortWaitUopCycles...................:         0
RowReduceSourceResponseWaitUopCycles.............:         0
RowReduceIssueIntervalWaitUopCycles..............:         0
RowReduceSameGroupWaitUopCycles..................:         0
RowReduceExecPipeFullUopCycles...................:         0
RowReduceRootDstBufWaitTileCycles................:         0
RowReduceRootWritePortWaitCycles.................:         0
RowReduceRootWriteResponseWaitCycles.............:         0
RowReduceSrcNotReadyCycles.......................:         0
RowReduceTEMPForwardHits.........................:        10
RowReduceCellFallbackReads.......................:         0
RedTempMacroNum..................................:         0
HybridCountGatedTiles............................:         0
ReadNum..........................................:         2
CellReadAccessTotal..............................:       288
CellReadAccess_INT...............................:        86
CellReadAccess_FMA...............................:       200
CellReadAccess_LNEXP.............................:         2
ReadLat..........................................:      5.00
  |--LatLE5......................................:         2
  |--LatLE10.....................................:         0
  |--LatLE15.....................................:         0
  |--LatGT15.....................................:         0
WriteNum.........................................:         5
CellWriteAccessTotal.............................:       410
CellWriteAccess_INT..............................:       308
CellWriteAccess_FMA..............................:       100
CellWriteAccess_LNEXP............................:         2
TempForwardHits_INT..............................:       164
TempForwardHits_FMA..............................:         0
TempForwardHits_LNEXP............................:         0
TempForwardMisses_INT............................:        82
TempForwardMisses_FMA............................:       200
TempForwardMisses_LNEXP..........................:         2
ExpandTagHits_INT................................:         0
ExpandTagHits_FMA................................:         0
ExpandTagHits_LNEXP..............................:         0
ExpandTagMisses_INT..............................:         0
ExpandTagMisses_FMA..............................:         0
ExpandTagMisses_LNEXP............................:         0
ExpandBankFills_INT..............................:         0
ExpandBankFills_FMA..............................:         0
ExpandBankFills_LNEXP............................:         0
ExpandTempFills_INT..............................:         0
ExpandTempFills_FMA..............................:         0
ExpandTempFills_LNEXP............................:         0
ExpandEvicts_INT.................................:         0
ExpandEvicts_FMA.................................:         0
ExpandEvicts_LNEXP...............................:         0
LeSharedPortBlockCycles..........................:         0
WriteLat.........................................:      1.00
  |--LatLE5......................................:         5
  |--LatLE10.....................................:         0
  |--LatLE15.....................................:         0
  |--LatGT15.....................................:         0
AccountExpCellReads_INT..........................:       250
AccountExpCellReads_FMA..........................:       200
AccountExpCellReads_LNEXP........................:         2
AccountExpRedTempReads...........................:         0
AccountRedTempReads..............................:         0
AccountExpCellWrites_INT.........................:       309
AccountExpCellWrites_FMA.........................:       100
AccountExpCellWrites_LNEXP.......................:         2
AccountExpRedTempWrites..........................:         0
AccountExpReadsTotal.............................:       452
AccountActReadsTotal.............................:       452
AccountReadDelta.................................:      0.00
AccountExpWritesTotal............................:       411
AccountActWritesTotal............................:       410
AccountWriteDelta................................:      1.00
========================VecUtilStack========================
UtilStackW_INT...................................:       309
UtilStackO_INT...................................:         0
UtilStackA_INT...................................:         0
UtilStackD_INT...................................:         6
UtilStackI_INT...................................:        17
UtilStackS_INT...................................:      8488
UtilStackUnaccounted_INT.........................:         0
UtilStackW_FMA...................................:       100
UtilStackO_FMA...................................:         0
UtilStackA_FMA...................................:         0
UtilStackD_FMA...................................:         0
UtilStackI_FMA...................................:         0
UtilStackS_FMA...................................:      8720
UtilStackUnaccounted_FMA.........................:         0
UtilStackW_LNEXP.................................:         2
UtilStackO_LNEXP.................................:         0
UtilStackA_LNEXP.................................:         2
UtilStackD_LNEXP.................................:         0
UtilStackI_LNEXP.................................:         0
UtilStackS_LNEXP.................................:      8816
UtilStackUnaccounted_LNEXP.......................:         0
UtilStackW_SHARED................................:         0
UtilStackO_SHARED................................:         0
UtilStackA_SHARED................................:         0
UtilStackD_SHARED................................:         0
UtilStackI_SHARED................................:         0
UtilStackS_SHARED................................:      8820
UtilStackUnaccounted_SHARED......................:         0
UtilStackCycles..................................:      8820
UtilStackVecBusy.................................:      1515
UtilStackVecExposed..............................:      1515
  UtilStackSub_O_DstWriteCfl_INT.................:         0
  UtilStackSub_O_BankCfl_INT.....................:         0
  UtilStackSub_O_SharedPort_INT..................:         0
  UtilStackSub_O_YieldFma_INT....................:         0
  UtilStackSub_O_LePort_INT......................:         0
  UtilStackSub_A_RedTempMacro_INT................:         0
  UtilStackSub_A_LeThrottle_INT..................:         0
  UtilStackSub_A_LeFifoFull_INT..................:         0
  UtilStackSub_A_IiCool_INT......................:         0
  UtilStackSub_A_DstbufFull_INT..................:         0
  UtilStackSub_A_PipeFull_INT....................:         0
  UtilStackSub_D_StaticSrc_INT...................:         0
  UtilStackSub_D_RedTempCount_INT................:         0
  UtilStackSub_D_DynSrcbuf_INT...................:         6
  UtilStackSubO_Reconcile_INT....................:      0.00
  UtilStackSubA_Reconcile_INT....................:      0.00
  UtilStackSubD_Reconcile_INT....................:      0.00
  UtilStackSub_O_DstWriteCfl_FMA.................:         0
  UtilStackSub_O_BankCfl_FMA.....................:         0
  UtilStackSub_O_SharedPort_FMA..................:         0
  UtilStackSub_O_YieldFma_FMA....................:         0
  UtilStackSub_O_LePort_FMA......................:         0
  UtilStackSub_A_RedTempMacro_FMA................:         0
  UtilStackSub_A_LeThrottle_FMA..................:         0
  UtilStackSub_A_LeFifoFull_FMA..................:         0
  UtilStackSub_A_IiCool_FMA......................:         0
  UtilStackSub_A_DstbufFull_FMA..................:         0
  UtilStackSub_A_PipeFull_FMA....................:         0
  UtilStackSub_D_StaticSrc_FMA...................:         0
  UtilStackSub_D_RedTempCount_FMA................:         0
  UtilStackSub_D_DynSrcbuf_FMA...................:         0
  UtilStackSubO_Reconcile_FMA....................:      0.00
  UtilStackSubA_Reconcile_FMA....................:      0.00
  UtilStackSubD_Reconcile_FMA....................:      0.00
  UtilStackSub_O_DstWriteCfl_LNEXP...............:         0
  UtilStackSub_O_BankCfl_LNEXP...................:         0
  UtilStackSub_O_SharedPort_LNEXP................:         0
  UtilStackSub_O_YieldFma_LNEXP..................:         0
  UtilStackSub_O_LePort_LNEXP....................:         0
  UtilStackSub_A_RedTempMacro_LNEXP..............:         0
  UtilStackSub_A_LeThrottle_LNEXP................:         2
  UtilStackSub_A_LeFifoFull_LNEXP................:         0
  UtilStackSub_A_IiCool_LNEXP....................:         0
  UtilStackSub_A_DstbufFull_LNEXP................:         0
  UtilStackSub_A_PipeFull_LNEXP..................:         0
  UtilStackSub_D_StaticSrc_LNEXP.................:         0
  UtilStackSub_D_RedTempCount_LNEXP..............:         0
  UtilStackSub_D_DynSrcbuf_LNEXP.................:         0
  UtilStackSubO_Reconcile_LNEXP..................:      0.00
  UtilStackSubA_Reconcile_LNEXP..................:      0.00
  UtilStackSubD_Reconcile_LNEXP..................:      0.00
  UtilStackSub_O_DstWriteCfl_SHARED..............:         0
  UtilStackSub_O_BankCfl_SHARED..................:         0
  UtilStackSub_O_SharedPort_SHARED...............:         0
  UtilStackSub_O_YieldFma_SHARED.................:         0
  UtilStackSub_O_LePort_SHARED...................:         0
  UtilStackSub_A_RedTempMacro_SHARED.............:         0
  UtilStackSub_A_LeThrottle_SHARED...............:         0
  UtilStackSub_A_LeFifoFull_SHARED...............:         0
  UtilStackSub_A_IiCool_SHARED...................:         0
  UtilStackSub_A_DstbufFull_SHARED...............:         0
  UtilStackSub_A_PipeFull_SHARED.................:         0
  UtilStackSub_D_StaticSrc_SHARED................:         0
  UtilStackSub_D_RedTempCount_SHARED.............:         0
  UtilStackSub_D_DynSrcbuf_SHARED................:         0
  UtilStackSubO_Reconcile_SHARED.................:      0.00
  UtilStackSubA_Reconcile_SHARED.................:      0.00
  UtilStackSubD_Reconcile_SHARED.................:      0.00
  UtilStackOBlocker_None_INT.....................:         0
  UtilStackOBlocker_FmaRead_INT..................:         0
  UtilStackOBlocker_IntRead_INT..................:         0
  UtilStackOBlocker_LeRead_INT...................:         0
  UtilStackOBlocker_FmaWrite_INT.................:         0
  UtilStackOBlocker_IntWrite_INT.................:         0
  UtilStackOBlocker_CubeRead_INT.................:         0
  UtilStackOBlocker_CubeWrite_INT................:         0
  UtilStackOBlocker_LeWrite_INT..................:         0
  UtilStackOBlocker_Reconcile_INT................:      0.00
  UtilStackOBlocker_None_FMA.....................:         0
  UtilStackOBlocker_FmaRead_FMA..................:         0
  UtilStackOBlocker_IntRead_FMA..................:         0
  UtilStackOBlocker_LeRead_FMA...................:         0
  UtilStackOBlocker_FmaWrite_FMA.................:         0
  UtilStackOBlocker_IntWrite_FMA.................:         0
  UtilStackOBlocker_CubeRead_FMA.................:         0
  UtilStackOBlocker_CubeWrite_FMA................:         0
  UtilStackOBlocker_LeWrite_FMA..................:         0
  UtilStackOBlocker_Reconcile_FMA................:      0.00
  UtilStackOBlocker_None_LNEXP...................:         0
  UtilStackOBlocker_FmaRead_LNEXP................:         0
  UtilStackOBlocker_IntRead_LNEXP................:         0
  UtilStackOBlocker_LeRead_LNEXP.................:         0
  UtilStackOBlocker_FmaWrite_LNEXP...............:         0
  UtilStackOBlocker_IntWrite_LNEXP...............:         0
  UtilStackOBlocker_CubeRead_LNEXP...............:         0
  UtilStackOBlocker_CubeWrite_LNEXP..............:         0
  UtilStackOBlocker_LeWrite_LNEXP................:         0
  UtilStackOBlocker_Reconcile_LNEXP..............:      0.00
  UtilStackOBlocker_None_SHARED..................:         0
  UtilStackOBlocker_FmaRead_SHARED...............:         0
  UtilStackOBlocker_IntRead_SHARED...............:         0
  UtilStackOBlocker_LeRead_SHARED................:         0
  UtilStackOBlocker_FmaWrite_SHARED..............:         0
  UtilStackOBlocker_IntWrite_SHARED..............:         0
  UtilStackOBlocker_CubeRead_SHARED..............:         0
  UtilStackOBlocker_CubeWrite_SHARED.............:         0
  UtilStackOBlocker_LeWrite_SHARED...............:         0
  UtilStackOBlocker_Reconcile_SHARED.............:      0.00
YieldFmaReadCycles...............................:         0
YieldFmaWriteCycles..............................:         0
UtilStackHideRatio...............................:      0.00
UtilStackHideRatioStrict.........................:      0.00
  UtilStackIssueCombo_None.......................:      8409
  UtilStackIssueCombo_INT........................:       309
  UtilStackIssueCombo_FMA........................:       100
  UtilStackIssueCombo_INT+FMA....................:         0
  UtilStackIssueCombo_LE.........................:         2
  UtilStackIssueCombo_INT+LE.....................:         0
  UtilStackIssueCombo_FMA+LE.....................:         0
  UtilStackIssueCombo_INT+FMA+LE.................:         0
  UtilStackIssueCombo_SH.........................:         0
  UtilStackIssueCombo_INT+SH.....................:         0
  UtilStackIssueCombo_FMA+SH.....................:         0
  UtilStackIssueCombo_INT+FMA+SH.................:         0
  UtilStackIssueCombo_LE+SH......................:         0
  UtilStackIssueCombo_INT+LE+SH..................:         0
  UtilStackIssueCombo_FMA+LE+SH..................:         0
  UtilStackIssueCombo_INT+FMA+LE+SH..............:         0
  UtilStackIssueCombo_Reconcile..................:      0.00
  UtilStackIssueEvent_Reconcile..................:      0.00
UtilStackMultiIssueProb..........................:      0.00
UtilStackAvgIssueRate............................:      0.05
UtilStackIssueWidthUtil..........................:      0.02
====================Vector PMU Stats PE1====================
PEId.............................................:         1
TileopNum........................................:       145
TCMPPackedTileNum................................:         1
TCMPFragmentExpected.............................:         2
TCMPFragmentCompleted............................:         2
TCMPFragmentCanceled.............................:         0
TCMPPackedCellWrites.............................:         1
TCMPPackWriteWaitCycles..........................:         1
TCMPFlushedTileNum...............................:         0
UopNum...........................................:       383
SplitCellCountMismatch...........................:         0
SplitPartialCellUopCount.........................:         0
SplitUopAvgPayloadBytes..........................:       N/A
UopQDispatch_INT.................................:         4
UopQReadyBypass_INT..............................:         0
UopQDispatchSrcBufFullCycles_INT.................:         0
UopQDispatchSrcBufFullBlockedCycles_INT..........:         0
VecSrcCellNotReadyCycles_INT.....................:       177
SharedReadPortWaitCycles_INT.....................:         0
UopQDispatch_FMA.................................:         0
UopQReadyBypass_FMA..............................:         0
UopQDispatchSrcBufFullCycles_FMA.................:         0
UopQDispatchSrcBufFullBlockedCycles_FMA..........:         0
VecSrcCellNotReadyCycles_FMA.....................:        65
SharedReadPortWaitCycles_FMA.....................:         0
UopQDispatch_LNEXP...............................:         0
UopQReadyBypass_LNEXP............................:         0
UopQDispatchSrcBufFullCycles_LNEXP...............:         0
UopQDispatchSrcBufFullBlockedCycles_LNEXP........:         0
VecSrcCellNotReadyCycles_LNEXP...................:         1
SharedReadPortWaitCycles_LNEXP...................:         0
CellReadMergedUops...............................:         0
StaticUopsIssued.................................:       379
StaticBoardBlockCycles...........................:         0
StaticWritebacks.................................:       379
EarlyWakeupFired.................................:       142
StaticDynPipeBlockCycles.........................:        11
DynStaticChainBlockCycles........................:        13
ExpandTagHits_INT................................:         1
ExpandTagMisses_INT..............................:         1
ExpandBankFills_INT..............................:         1
ExpandTempFills_INT..............................:         0
ExpandEvicts_INT.................................:         0
ExpandTagHits_FMA................................:         0
ExpandTagMisses_FMA..............................:         0
ExpandBankFills_FMA..............................:         0
ExpandTempFills_FMA..............................:         0
ExpandEvicts_FMA.................................:         0
ExpandTagHits_LNEXP..............................:         0
ExpandTagMisses_LNEXP............................:         0
ExpandBankFills_LNEXP............................:         0
ExpandTempFills_LNEXP............................:         0
ExpandEvicts_LNEXP...............................:         0
ExpandFillDrops..................................:         0
ExpandReadStaleFallbacks cls0....................:         0
ExpandReadStaleFallbacks cls1....................:         0
ExpandReadStaleFallbacks cls2....................:         0
LeSharedPortBlockCycles..........................:         0
LeSrc1CarrySkips.................................:         0
=======Static Path Bank Access / Conflict Attribution=======
  StaticBankReads Bank[0]........................:        30
  StaticBankReads Bank[1]........................:        26
  StaticBankReads Bank[2]........................:        33
  StaticBankReads Bank[3]........................:        31
  StaticBankReads Bank[4]........................:        45
  StaticBankReads Bank[5]........................:        41
  StaticBankReads Bank[6]........................:        31
  StaticBankReads Bank[7]........................:        31
  StaticDetectReadBlocks Bank[0].................:         1
  StaticDetectReadBlocks Bank[1].................:         0
  StaticDetectReadBlocks Bank[2].................:         1
  StaticDetectReadBlocks Bank[3].................:         0
  StaticDetectReadBlocks Bank[4].................:         0
  StaticDetectReadBlocks Bank[5].................:         0
  StaticDetectReadBlocks Bank[6].................:         0
  StaticDetectReadBlocks Bank[7].................:         0
  StaticDetectWriteBlocks Bank[0]................:         0
  StaticDetectWriteBlocks Bank[1]................:         0
  StaticDetectWriteBlocks Bank[2]................:         0
  StaticDetectWriteBlocks Bank[3]................:         0
  StaticDetectWriteBlocks Bank[4]................:         0
  StaticDetectWriteBlocks Bank[5]................:         0
  StaticDetectWriteBlocks Bank[6]................:         0
  StaticDetectWriteBlocks Bank[7]................:         0
  StaticIntYieldBlocks Bank[0]...................:         0
  StaticIntYieldBlocks Bank[1]...................:         0
  StaticIntYieldBlocks Bank[2]...................:         0
  StaticIntYieldBlocks Bank[3]...................:         0
  StaticIntYieldBlocks Bank[4]...................:         0
  StaticIntYieldBlocks Bank[5]...................:         0
  StaticIntYieldBlocks Bank[6]...................:         0
  StaticIntYieldBlocks Bank[7]...................:         0
  StaticBoardOccSum Bank[0]......................:       608
  StaticBoardOccSum Bank[1]......................:       622
  StaticBoardOccSum Bank[2]......................:       611
  StaticBoardOccSum Bank[3]......................:       602
  StaticBoardOccSum Bank[4]......................:       622
  StaticBoardOccSum Bank[5]......................:       670
  StaticBoardOccSum Bank[6]......................:       691
  StaticBoardOccSum Bank[7]......................:       667
  StaticBoardOccColSum Col[0]....................:       549
  StaticBoardOccColSum Col[1]....................:       549
  StaticBoardOccColSum Col[2]....................:       549
  StaticBoardOccColSum Col[3]....................:       412
  StaticBoardOccColSum Col[4]....................:       395
  StaticBoardOccColSum Col[5]....................:       377
  StaticBoardOccColSum Col[6]....................:       377
  StaticBoardOccColSum Col[7]....................:       377
  StaticBoardOccColSum Col[8]....................:       377
  StaticBoardOccColSum Col[9]....................:       377
  StaticBoardOccColSum Col[10]...................:       377
  StaticBoardOccColSum Col[11]...................:       377
  StaticBoardOccColSum Col[12]...................:         0
  StaticBoardOccColSum Col[13]...................:         0
  StaticBoardOccColSum Col[14]...................:         0
  StaticBoardOccColSum Col[15]...................:         0
VecAluAcceptCycles_FMA...........................:        96
VecAluAcceptCycles_INT...........................:       285
VecAluAcceptCycles_LNEXP.........................:         2
VecTripleIssueCycles.............................:         0
VecDualIssueCycles...............................:         1
VecSingleIssueCycles.............................:       381
VecIdleIssueCycles...............................:      8438
CellReadMergeSaved...............................:         0
SrcBufBypassIssue................................:         0
SplitRawGateBlocked..............................:         0
SplitNoFreeSlotCycles............................:         0
IPC(UOP).........................................:  0.043424
RowExpandTileNum.................................:         0
RowReduceTileNum.................................:         9
RowReduceLayerNum................................:         0
RowReduceUopSplit................................:         9
RowReduceUopDone.................................:         9
RowReduceRootWriteNum............................:         9
RowReduceFlushedTileNum..........................:         0
RowReduceEntryUnavailableCycles..................:         0
RowReduceSplitBandwidthWaitTileCycles............:         0
RowReduceSrcBufFullTileCycles....................:         0
RowReduceLayerWaitTileCycles.....................:         0
RowReduceLayerPublishWaitTileCycles..............:         0
RowReduceReadPortWaitUopCycles...................:         0
RowReduceSourceResponseWaitUopCycles.............:         0
RowReduceIssueIntervalWaitUopCycles..............:         0
RowReduceSameGroupWaitUopCycles..................:         0
RowReduceExecPipeFullUopCycles...................:         0
RowReduceRootDstBufWaitTileCycles................:         0
RowReduceRootWritePortWaitCycles.................:         0
RowReduceRootWriteResponseWaitCycles.............:         0
RowReduceSrcNotReadyCycles.......................:         0
RowReduceTEMPForwardHits.........................:        10
RowReduceCellFallbackReads.......................:         0
RedTempMacroNum..................................:         0
HybridCountGatedTiles............................:         0
ReadNum..........................................:         2
CellReadAccessTotal..............................:       272
CellReadAccess_INT...............................:        78
CellReadAccess_FMA...............................:       192
CellReadAccess_LNEXP.............................:         2
ReadLat..........................................:      5.00
  |--LatLE5......................................:         2
  |--LatLE10.....................................:         0
  |--LatLE15.....................................:         0
  |--LatGT15.....................................:         0
WriteNum.........................................:         5
CellWriteAccessTotal.............................:       382
CellWriteAccess_INT..............................:       284
CellWriteAccess_FMA..............................:        96
CellWriteAccess_LNEXP............................:         2
TempForwardHits_INT..............................:       151
TempForwardHits_FMA..............................:         0
TempForwardHits_LNEXP............................:         0
TempForwardMisses_INT............................:        75
TempForwardMisses_FMA............................:       192
TempForwardMisses_LNEXP..........................:         2
ExpandTagHits_INT................................:         1
ExpandTagHits_FMA................................:         0
ExpandTagHits_LNEXP..............................:         0
ExpandTagMisses_INT..............................:         1
ExpandTagMisses_FMA..............................:         0
ExpandTagMisses_LNEXP............................:         0
ExpandBankFills_INT..............................:         1
ExpandBankFills_FMA..............................:         0
ExpandBankFills_LNEXP............................:         0
ExpandTempFills_INT..............................:         0
ExpandTempFills_FMA..............................:         0
ExpandTempFills_LNEXP............................:         0
ExpandEvicts_INT.................................:         0
ExpandEvicts_FMA.................................:         0
ExpandEvicts_LNEXP...............................:         0
LeSharedPortBlockCycles..........................:         0
WriteLat.........................................:      1.00
  |--LatLE5......................................:         5
  |--LatLE10.....................................:         0
  |--LatLE15.....................................:         0
  |--LatGT15.....................................:         0
AccountExpCellReads_INT..........................:       230
AccountExpCellReads_FMA..........................:       192
AccountExpCellReads_LNEXP........................:         2
AccountExpRedTempReads...........................:         0
AccountRedTempReads..............................:         0
AccountExpCellWrites_INT.........................:       285
AccountExpCellWrites_FMA.........................:        96
AccountExpCellWrites_LNEXP.......................:         2
AccountExpRedTempWrites..........................:         0
AccountExpReadsTotal.............................:       424
AccountActReadsTotal.............................:       424
AccountReadDelta.................................:      0.00
AccountExpWritesTotal............................:       383
AccountActWritesTotal............................:       382
AccountWriteDelta................................:      1.00
========================VecUtilStack========================
UtilStackW_INT...................................:       285
UtilStackO_INT...................................:         0
UtilStackA_INT...................................:         0
UtilStackD_INT...................................:         6
UtilStackI_INT...................................:        17
UtilStackS_INT...................................:      8512
UtilStackUnaccounted_INT.........................:         0
UtilStackW_FMA...................................:        96
UtilStackO_FMA...................................:         0
UtilStackA_FMA...................................:         0
UtilStackD_FMA...................................:         0
UtilStackI_FMA...................................:         0
UtilStackS_FMA...................................:      8724
UtilStackUnaccounted_FMA.........................:         0
UtilStackW_LNEXP.................................:         2
UtilStackO_LNEXP.................................:         0
UtilStackA_LNEXP.................................:         2
UtilStackD_LNEXP.................................:         0
UtilStackI_LNEXP.................................:         0
UtilStackS_LNEXP.................................:      8816
UtilStackUnaccounted_LNEXP.......................:         0
UtilStackW_SHARED................................:         0
UtilStackO_SHARED................................:         0
UtilStackA_SHARED................................:         0
UtilStackD_SHARED................................:         0
UtilStackI_SHARED................................:         0
UtilStackS_SHARED................................:      8820
UtilStackUnaccounted_SHARED......................:         0
UtilStackCycles..................................:      8820
UtilStackVecBusy.................................:      1405
UtilStackVecExposed..............................:      1405
  UtilStackSub_O_DstWriteCfl_INT.................:         0
  UtilStackSub_O_BankCfl_INT.....................:         0
  UtilStackSub_O_SharedPort_INT..................:         0
  UtilStackSub_O_YieldFma_INT....................:         0
  UtilStackSub_O_LePort_INT......................:         0
  UtilStackSub_A_RedTempMacro_INT................:         0
  UtilStackSub_A_LeThrottle_INT..................:         0
  UtilStackSub_A_LeFifoFull_INT..................:         0
  UtilStackSub_A_IiCool_INT......................:         0
  UtilStackSub_A_DstbufFull_INT..................:         0
  UtilStackSub_A_PipeFull_INT....................:         0
  UtilStackSub_D_StaticSrc_INT...................:         0
  UtilStackSub_D_RedTempCount_INT................:         0
  UtilStackSub_D_DynSrcbuf_INT...................:         6
  UtilStackSubO_Reconcile_INT....................:      0.00
  UtilStackSubA_Reconcile_INT....................:      0.00
  UtilStackSubD_Reconcile_INT....................:      0.00
  UtilStackSub_O_DstWriteCfl_FMA.................:         0
  UtilStackSub_O_BankCfl_FMA.....................:         0
  UtilStackSub_O_SharedPort_FMA..................:         0
  UtilStackSub_O_YieldFma_FMA....................:         0
  UtilStackSub_O_LePort_FMA......................:         0
  UtilStackSub_A_RedTempMacro_FMA................:         0
  UtilStackSub_A_LeThrottle_FMA..................:         0
  UtilStackSub_A_LeFifoFull_FMA..................:         0
  UtilStackSub_A_IiCool_FMA......................:         0
  UtilStackSub_A_DstbufFull_FMA..................:         0
  UtilStackSub_A_PipeFull_FMA....................:         0
  UtilStackSub_D_StaticSrc_FMA...................:         0
  UtilStackSub_D_RedTempCount_FMA................:         0
  UtilStackSub_D_DynSrcbuf_FMA...................:         0
  UtilStackSubO_Reconcile_FMA....................:      0.00
  UtilStackSubA_Reconcile_FMA....................:      0.00
  UtilStackSubD_Reconcile_FMA....................:      0.00
  UtilStackSub_O_DstWriteCfl_LNEXP...............:         0
  UtilStackSub_O_BankCfl_LNEXP...................:         0
  UtilStackSub_O_SharedPort_LNEXP................:         0
  UtilStackSub_O_YieldFma_LNEXP..................:         0
  UtilStackSub_O_LePort_LNEXP....................:         0
  UtilStackSub_A_RedTempMacro_LNEXP..............:         0
  UtilStackSub_A_LeThrottle_LNEXP................:         2
  UtilStackSub_A_LeFifoFull_LNEXP................:         0
  UtilStackSub_A_IiCool_LNEXP....................:         0
  UtilStackSub_A_DstbufFull_LNEXP................:         0
  UtilStackSub_A_PipeFull_LNEXP..................:         0
  UtilStackSub_D_StaticSrc_LNEXP.................:         0
  UtilStackSub_D_RedTempCount_LNEXP..............:         0
  UtilStackSub_D_DynSrcbuf_LNEXP.................:         0
  UtilStackSubO_Reconcile_LNEXP..................:      0.00
  UtilStackSubA_Reconcile_LNEXP..................:      0.00
  UtilStackSubD_Reconcile_LNEXP..................:      0.00
  UtilStackSub_O_DstWriteCfl_SHARED..............:         0
  UtilStackSub_O_BankCfl_SHARED..................:         0
  UtilStackSub_O_SharedPort_SHARED...............:         0
  UtilStackSub_O_YieldFma_SHARED.................:         0
  UtilStackSub_O_LePort_SHARED...................:         0
  UtilStackSub_A_RedTempMacro_SHARED.............:         0
  UtilStackSub_A_LeThrottle_SHARED...............:         0
  UtilStackSub_A_LeFifoFull_SHARED...............:         0
  UtilStackSub_A_IiCool_SHARED...................:         0
  UtilStackSub_A_DstbufFull_SHARED...............:         0
  UtilStackSub_A_PipeFull_SHARED.................:         0
  UtilStackSub_D_StaticSrc_SHARED................:         0
  UtilStackSub_D_RedTempCount_SHARED.............:         0
  UtilStackSub_D_DynSrcbuf_SHARED................:         0
  UtilStackSubO_Reconcile_SHARED.................:      0.00
  UtilStackSubA_Reconcile_SHARED.................:      0.00
  UtilStackSubD_Reconcile_SHARED.................:      0.00
  UtilStackOBlocker_None_INT.....................:         0
  UtilStackOBlocker_FmaRead_INT..................:         0
  UtilStackOBlocker_IntRead_INT..................:         0
  UtilStackOBlocker_LeRead_INT...................:         0
  UtilStackOBlocker_FmaWrite_INT.................:         0
  UtilStackOBlocker_IntWrite_INT.................:         0
  UtilStackOBlocker_CubeRead_INT.................:         0
  UtilStackOBlocker_CubeWrite_INT................:         0
  UtilStackOBlocker_LeWrite_INT..................:         0
  UtilStackOBlocker_Reconcile_INT................:      0.00
  UtilStackOBlocker_None_FMA.....................:         0
  UtilStackOBlocker_FmaRead_FMA..................:         0
  UtilStackOBlocker_IntRead_FMA..................:         0
  UtilStackOBlocker_LeRead_FMA...................:         0
  UtilStackOBlocker_FmaWrite_FMA.................:         0
  UtilStackOBlocker_IntWrite_FMA.................:         0
  UtilStackOBlocker_CubeRead_FMA.................:         0
  UtilStackOBlocker_CubeWrite_FMA................:         0
  UtilStackOBlocker_LeWrite_FMA..................:         0
  UtilStackOBlocker_Reconcile_FMA................:      0.00
  UtilStackOBlocker_None_LNEXP...................:         0
  UtilStackOBlocker_FmaRead_LNEXP................:         0
  UtilStackOBlocker_IntRead_LNEXP................:         0
  UtilStackOBlocker_LeRead_LNEXP.................:         0
  UtilStackOBlocker_FmaWrite_LNEXP...............:         0
  UtilStackOBlocker_IntWrite_LNEXP...............:         0
  UtilStackOBlocker_CubeRead_LNEXP...............:         0
  UtilStackOBlocker_CubeWrite_LNEXP..............:         0
  UtilStackOBlocker_LeWrite_LNEXP................:         0
  UtilStackOBlocker_Reconcile_LNEXP..............:      0.00
  UtilStackOBlocker_None_SHARED..................:         0
  UtilStackOBlocker_FmaRead_SHARED...............:         0
  UtilStackOBlocker_IntRead_SHARED...............:         0
  UtilStackOBlocker_LeRead_SHARED................:         0
  UtilStackOBlocker_FmaWrite_SHARED..............:         0
  UtilStackOBlocker_IntWrite_SHARED..............:         0
  UtilStackOBlocker_CubeRead_SHARED..............:         0
  UtilStackOBlocker_CubeWrite_SHARED.............:         0
  UtilStackOBlocker_LeWrite_SHARED...............:         0
  UtilStackOBlocker_Reconcile_SHARED.............:      0.00
YieldFmaReadCycles...............................:         0
YieldFmaWriteCycles..............................:         0
UtilStackHideRatio...............................:      0.00
UtilStackHideRatioStrict.........................:      0.00
  UtilStackIssueCombo_None.......................:      8438
  UtilStackIssueCombo_INT........................:       284
  UtilStackIssueCombo_FMA........................:        95
  UtilStackIssueCombo_INT+FMA....................:         1
  UtilStackIssueCombo_LE.........................:         2
  UtilStackIssueCombo_INT+LE.....................:         0
  UtilStackIssueCombo_FMA+LE.....................:         0
  UtilStackIssueCombo_INT+FMA+LE.................:         0
  UtilStackIssueCombo_SH.........................:         0
  UtilStackIssueCombo_INT+SH.....................:         0
  UtilStackIssueCombo_FMA+SH.....................:         0
  UtilStackIssueCombo_INT+FMA+SH.................:         0
  UtilStackIssueCombo_LE+SH......................:         0
  UtilStackIssueCombo_INT+LE+SH..................:         0
  UtilStackIssueCombo_FMA+LE+SH..................:         0
  UtilStackIssueCombo_INT+FMA+LE+SH..............:         0
  UtilStackIssueCombo_Reconcile..................:      0.00
  UtilStackIssueEvent_Reconcile..................:      0.00
UtilStackMultiIssueProb..........................:      0.00
UtilStackAvgIssueRate............................:      0.04
UtilStackIssueWidthUtil..........................:      0.01
====================Vector PMU Stats PE2====================
PEId.............................................:         2
TileopNum........................................:       145
TCMPPackedTileNum................................:         1
TCMPFragmentExpected.............................:         2
TCMPFragmentCompleted............................:         2
TCMPFragmentCanceled.............................:         0
TCMPPackedCellWrites.............................:         1
TCMPPackWriteWaitCycles..........................:         1
TCMPFlushedTileNum...............................:         0
UopNum...........................................:       383
SplitCellCountMismatch...........................:         0
SplitPartialCellUopCount.........................:         0
SplitUopAvgPayloadBytes..........................:       N/A
UopQDispatch_INT.................................:         4
UopQReadyBypass_INT..............................:         0
UopQDispatchSrcBufFullCycles_INT.................:         0
UopQDispatchSrcBufFullBlockedCycles_INT..........:         0
VecSrcCellNotReadyCycles_INT.....................:       177
SharedReadPortWaitCycles_INT.....................:         0
UopQDispatch_FMA.................................:         0
UopQReadyBypass_FMA..............................:         0
UopQDispatchSrcBufFullCycles_FMA.................:         0
UopQDispatchSrcBufFullBlockedCycles_FMA..........:         0
VecSrcCellNotReadyCycles_FMA.....................:        64
SharedReadPortWaitCycles_FMA.....................:         0
UopQDispatch_LNEXP...............................:         0
UopQReadyBypass_LNEXP............................:         0
UopQDispatchSrcBufFullCycles_LNEXP...............:         0
UopQDispatchSrcBufFullBlockedCycles_LNEXP........:         0
VecSrcCellNotReadyCycles_LNEXP...................:         1
SharedReadPortWaitCycles_LNEXP...................:         0
CellReadMergedUops...............................:         0
StaticUopsIssued.................................:       379
StaticBoardBlockCycles...........................:         0
StaticWritebacks.................................:       379
EarlyWakeupFired.................................:       142
StaticDynPipeBlockCycles.........................:        11
DynStaticChainBlockCycles........................:         0
ExpandTagHits_INT................................:         1
ExpandTagMisses_INT..............................:         1
ExpandBankFills_INT..............................:         1
ExpandTempFills_INT..............................:         0
ExpandEvicts_INT.................................:         0
ExpandTagHits_FMA................................:         0
ExpandTagMisses_FMA..............................:         0
ExpandBankFills_FMA..............................:         0
ExpandTempFills_FMA..............................:         0
ExpandEvicts_FMA.................................:         0
ExpandTagHits_LNEXP..............................:         0
ExpandTagMisses_LNEXP............................:         0
ExpandBankFills_LNEXP............................:         0
ExpandTempFills_LNEXP............................:         0
ExpandEvicts_LNEXP...............................:         0
ExpandFillDrops..................................:         0
ExpandReadStaleFallbacks cls0....................:         0
ExpandReadStaleFallbacks cls1....................:         0
ExpandReadStaleFallbacks cls2....................:         0
LeSharedPortBlockCycles..........................:         0
LeSrc1CarrySkips.................................:         0
=======Static Path Bank Access / Conflict Attribution=======
  StaticBankReads Bank[0]........................:        50
  StaticBankReads Bank[1]........................:        47
  StaticBankReads Bank[2]........................:        35
  StaticBankReads Bank[3]........................:        35
  StaticBankReads Bank[4]........................:        26
  StaticBankReads Bank[5]........................:        26
  StaticBankReads Bank[6]........................:        27
  StaticBankReads Bank[7]........................:        27
  StaticDetectReadBlocks Bank[0].................:         1
  StaticDetectReadBlocks Bank[1].................:         0
  StaticDetectReadBlocks Bank[2].................:         0
  StaticDetectReadBlocks Bank[3].................:         0
  StaticDetectReadBlocks Bank[4].................:         0
  StaticDetectReadBlocks Bank[5].................:         0
  StaticDetectReadBlocks Bank[6].................:         0
  StaticDetectReadBlocks Bank[7].................:         0
  StaticDetectWriteBlocks Bank[0]................:         0
  StaticDetectWriteBlocks Bank[1]................:         0
  StaticDetectWriteBlocks Bank[2]................:         0
  StaticDetectWriteBlocks Bank[3]................:         0
  StaticDetectWriteBlocks Bank[4]................:         0
  StaticDetectWriteBlocks Bank[5]................:         0
  StaticDetectWriteBlocks Bank[6]................:         0
  StaticDetectWriteBlocks Bank[7]................:         0
  StaticIntYieldBlocks Bank[0]...................:         0
  StaticIntYieldBlocks Bank[1]...................:         0
  StaticIntYieldBlocks Bank[2]...................:         0
  StaticIntYieldBlocks Bank[3]...................:         0
  StaticIntYieldBlocks Bank[4]...................:         0
  StaticIntYieldBlocks Bank[5]...................:         0
  StaticIntYieldBlocks Bank[6]...................:         0
  StaticIntYieldBlocks Bank[7]...................:         0
  StaticBoardOccSum Bank[0]......................:       619
  StaticBoardOccSum Bank[1]......................:       670
  StaticBoardOccSum Bank[2]......................:       631
  StaticBoardOccSum Bank[3]......................:       620
  StaticBoardOccSum Bank[4]......................:       674
  StaticBoardOccSum Bank[5]......................:       662
  StaticBoardOccSum Bank[6]......................:       638
  StaticBoardOccSum Bank[7]......................:       614
  StaticBoardOccColSum Col[0]....................:       556
  StaticBoardOccColSum Col[1]....................:       556
  StaticBoardOccColSum Col[2]....................:       556
  StaticBoardOccColSum Col[3]....................:       422
  StaticBoardOccColSum Col[4]....................:       399
  StaticBoardOccColSum Col[5]....................:       377
  StaticBoardOccColSum Col[6]....................:       377
  StaticBoardOccColSum Col[7]....................:       377
  StaticBoardOccColSum Col[8]....................:       377
  StaticBoardOccColSum Col[9]....................:       377
  StaticBoardOccColSum Col[10]...................:       377
  StaticBoardOccColSum Col[11]...................:       377
  StaticBoardOccColSum Col[12]...................:         0
  StaticBoardOccColSum Col[13]...................:         0
  StaticBoardOccColSum Col[14]...................:         0
  StaticBoardOccColSum Col[15]...................:         0
VecAluAcceptCycles_FMA...........................:        96
VecAluAcceptCycles_INT...........................:       285
VecAluAcceptCycles_LNEXP.........................:         2
VecTripleIssueCycles.............................:         0
VecDualIssueCycles...............................:         1
VecSingleIssueCycles.............................:       381
VecIdleIssueCycles...............................:      8438
CellReadMergeSaved...............................:         0
SrcBufBypassIssue................................:         0
SplitRawGateBlocked..............................:         0
SplitNoFreeSlotCycles............................:         0
IPC(UOP).........................................:  0.043424
RowExpandTileNum.................................:         0
RowReduceTileNum.................................:         9
RowReduceLayerNum................................:         0
RowReduceUopSplit................................:         9
RowReduceUopDone.................................:         9
RowReduceRootWriteNum............................:         9
RowReduceFlushedTileNum..........................:         0
RowReduceEntryUnavailableCycles..................:         0
RowReduceSplitBandwidthWaitTileCycles............:         0
RowReduceSrcBufFullTileCycles....................:         0
RowReduceLayerWaitTileCycles.....................:         0
RowReduceLayerPublishWaitTileCycles..............:         0
RowReduceReadPortWaitUopCycles...................:         0
RowReduceSourceResponseWaitUopCycles.............:         0
RowReduceIssueIntervalWaitUopCycles..............:         0
RowReduceSameGroupWaitUopCycles..................:         0
RowReduceExecPipeFullUopCycles...................:         0
RowReduceRootDstBufWaitTileCycles................:         0
RowReduceRootWritePortWaitCycles.................:         0
RowReduceRootWriteResponseWaitCycles.............:         0
RowReduceSrcNotReadyCycles.......................:         0
RowReduceTEMPForwardHits.........................:        10
RowReduceCellFallbackReads.......................:         0
RedTempMacroNum..................................:         0
HybridCountGatedTiles............................:         0
ReadNum..........................................:         2
CellReadAccessTotal..............................:       277
CellReadAccess_INT...............................:        87
CellReadAccess_FMA...............................:       188
CellReadAccess_LNEXP.............................:         2
ReadLat..........................................:      5.00
  |--LatLE5......................................:         2
  |--LatLE10.....................................:         0
  |--LatLE15.....................................:         0
  |--LatGT15.....................................:         0
WriteNum.........................................:         5
CellWriteAccessTotal.............................:       382
CellWriteAccess_INT..............................:       284
CellWriteAccess_FMA..............................:        96
CellWriteAccess_LNEXP............................:         2
TempForwardHits_INT..............................:       142
TempForwardHits_FMA..............................:         4
TempForwardHits_LNEXP............................:         0
TempForwardMisses_INT............................:        84
TempForwardMisses_FMA............................:       188
TempForwardMisses_LNEXP..........................:         2
ExpandTagHits_INT................................:         1
ExpandTagHits_FMA................................:         0
ExpandTagHits_LNEXP..............................:         0
ExpandTagMisses_INT..............................:         1
ExpandTagMisses_FMA..............................:         0
ExpandTagMisses_LNEXP............................:         0
ExpandBankFills_INT..............................:         1
ExpandBankFills_FMA..............................:         0
ExpandBankFills_LNEXP............................:         0
ExpandTempFills_INT..............................:         0
ExpandTempFills_FMA..............................:         0
ExpandTempFills_LNEXP............................:         0
ExpandEvicts_INT.................................:         0
ExpandEvicts_FMA.................................:         0
ExpandEvicts_LNEXP...............................:         0
LeSharedPortBlockCycles..........................:         0
WriteLat.........................................:      1.00
  |--LatLE5......................................:         5
  |--LatLE10.....................................:         0
  |--LatLE15.....................................:         0
  |--LatGT15.....................................:         0
AccountExpCellReads_INT..........................:       230
AccountExpCellReads_FMA..........................:       192
AccountExpCellReads_LNEXP........................:         2
AccountExpRedTempReads...........................:         0
AccountRedTempReads..............................:         0
AccountExpCellWrites_INT.........................:       285
AccountExpCellWrites_FMA.........................:        96
AccountExpCellWrites_LNEXP.......................:         2
AccountExpRedTempWrites..........................:         0
AccountExpReadsTotal.............................:       424
AccountActReadsTotal.............................:       424
AccountReadDelta.................................:      0.00
AccountExpWritesTotal............................:       383
AccountActWritesTotal............................:       382
AccountWriteDelta................................:      1.00
========================VecUtilStack========================
UtilStackW_INT...................................:       285
UtilStackO_INT...................................:         0
UtilStackA_INT...................................:         0
UtilStackD_INT...................................:         9
UtilStackI_INT...................................:         7
UtilStackS_INT...................................:      8519
UtilStackUnaccounted_INT.........................:         0
UtilStackW_FMA...................................:        96
UtilStackO_FMA...................................:         0
UtilStackA_FMA...................................:         0
UtilStackD_FMA...................................:         0
UtilStackI_FMA...................................:         0
UtilStackS_FMA...................................:      8724
UtilStackUnaccounted_FMA.........................:         0
UtilStackW_LNEXP.................................:         2
UtilStackO_LNEXP.................................:         0
UtilStackA_LNEXP.................................:         2
UtilStackD_LNEXP.................................:         0
UtilStackI_LNEXP.................................:         0
UtilStackS_LNEXP.................................:      8816
UtilStackUnaccounted_LNEXP.......................:         0
UtilStackW_SHARED................................:         0
UtilStackO_SHARED................................:         0
UtilStackA_SHARED................................:         0
UtilStackD_SHARED................................:         0
UtilStackI_SHARED................................:         0
UtilStackS_SHARED................................:      8820
UtilStackUnaccounted_SHARED......................:         0
UtilStackCycles..................................:      8820
UtilStackVecBusy.................................:      1438
UtilStackVecExposed..............................:      1438
  UtilStackSub_O_DstWriteCfl_INT.................:         0
  UtilStackSub_O_BankCfl_INT.....................:         0
  UtilStackSub_O_SharedPort_INT..................:         0
  UtilStackSub_O_YieldFma_INT....................:         0
  UtilStackSub_O_LePort_INT......................:         0
  UtilStackSub_A_RedTempMacro_INT................:         0
  UtilStackSub_A_LeThrottle_INT..................:         0
  UtilStackSub_A_LeFifoFull_INT..................:         0
  UtilStackSub_A_IiCool_INT......................:         0
  UtilStackSub_A_DstbufFull_INT..................:         0
  UtilStackSub_A_PipeFull_INT....................:         0
  UtilStackSub_D_StaticSrc_INT...................:         0
  UtilStackSub_D_RedTempCount_INT................:         0
  UtilStackSub_D_DynSrcbuf_INT...................:         9
  UtilStackSubO_Reconcile_INT....................:      0.00
  UtilStackSubA_Reconcile_INT....................:      0.00
  UtilStackSubD_Reconcile_INT....................:      0.00
  UtilStackSub_O_DstWriteCfl_FMA.................:         0
  UtilStackSub_O_BankCfl_FMA.....................:         0
  UtilStackSub_O_SharedPort_FMA..................:         0
  UtilStackSub_O_YieldFma_FMA....................:         0
  UtilStackSub_O_LePort_FMA......................:         0
  UtilStackSub_A_RedTempMacro_FMA................:         0
  UtilStackSub_A_LeThrottle_FMA..................:         0
  UtilStackSub_A_LeFifoFull_FMA..................:         0
  UtilStackSub_A_IiCool_FMA......................:         0
  UtilStackSub_A_DstbufFull_FMA..................:         0
  UtilStackSub_A_PipeFull_FMA....................:         0
  UtilStackSub_D_StaticSrc_FMA...................:         0
  UtilStackSub_D_RedTempCount_FMA................:         0
  UtilStackSub_D_DynSrcbuf_FMA...................:         0
  UtilStackSubO_Reconcile_FMA....................:      0.00
  UtilStackSubA_Reconcile_FMA....................:      0.00
  UtilStackSubD_Reconcile_FMA....................:      0.00
  UtilStackSub_O_DstWriteCfl_LNEXP...............:         0
  UtilStackSub_O_BankCfl_LNEXP...................:         0
  UtilStackSub_O_SharedPort_LNEXP................:         0
  UtilStackSub_O_YieldFma_LNEXP..................:         0
  UtilStackSub_O_LePort_LNEXP....................:         0
  UtilStackSub_A_RedTempMacro_LNEXP..............:         0
  UtilStackSub_A_LeThrottle_LNEXP................:         2
  UtilStackSub_A_LeFifoFull_LNEXP................:         0
  UtilStackSub_A_IiCool_LNEXP....................:         0
  UtilStackSub_A_DstbufFull_LNEXP................:         0
  UtilStackSub_A_PipeFull_LNEXP..................:         0
  UtilStackSub_D_StaticSrc_LNEXP.................:         0
  UtilStackSub_D_RedTempCount_LNEXP..............:         0
  UtilStackSub_D_DynSrcbuf_LNEXP.................:         0
  UtilStackSubO_Reconcile_LNEXP..................:      0.00
  UtilStackSubA_Reconcile_LNEXP..................:      0.00
  UtilStackSubD_Reconcile_LNEXP..................:      0.00
  UtilStackSub_O_DstWriteCfl_SHARED..............:         0
  UtilStackSub_O_BankCfl_SHARED..................:         0
  UtilStackSub_O_SharedPort_SHARED...............:         0
  UtilStackSub_O_YieldFma_SHARED.................:         0
  UtilStackSub_O_LePort_SHARED...................:         0
  UtilStackSub_A_RedTempMacro_SHARED.............:         0
  UtilStackSub_A_LeThrottle_SHARED...............:         0
  UtilStackSub_A_LeFifoFull_SHARED...............:         0
  UtilStackSub_A_IiCool_SHARED...................:         0
  UtilStackSub_A_DstbufFull_SHARED...............:         0
  UtilStackSub_A_PipeFull_SHARED.................:         0
  UtilStackSub_D_StaticSrc_SHARED................:         0
  UtilStackSub_D_RedTempCount_SHARED.............:         0
  UtilStackSub_D_DynSrcbuf_SHARED................:         0
  UtilStackSubO_Reconcile_SHARED.................:      0.00
  UtilStackSubA_Reconcile_SHARED.................:      0.00
  UtilStackSubD_Reconcile_SHARED.................:      0.00
  UtilStackOBlocker_None_INT.....................:         0
  UtilStackOBlocker_FmaRead_INT..................:         0
  UtilStackOBlocker_IntRead_INT..................:         0
  UtilStackOBlocker_LeRead_INT...................:         0
  UtilStackOBlocker_FmaWrite_INT.................:         0
  UtilStackOBlocker_IntWrite_INT.................:         0
  UtilStackOBlocker_CubeRead_INT.................:         0
  UtilStackOBlocker_CubeWrite_INT................:         0
  UtilStackOBlocker_LeWrite_INT..................:         0
  UtilStackOBlocker_Reconcile_INT................:      0.00
  UtilStackOBlocker_None_FMA.....................:         0
  UtilStackOBlocker_FmaRead_FMA..................:         0
  UtilStackOBlocker_IntRead_FMA..................:         0
  UtilStackOBlocker_LeRead_FMA...................:         0
  UtilStackOBlocker_FmaWrite_FMA.................:         0
  UtilStackOBlocker_IntWrite_FMA.................:         0
  UtilStackOBlocker_CubeRead_FMA.................:         0
  UtilStackOBlocker_CubeWrite_FMA................:         0
  UtilStackOBlocker_LeWrite_FMA..................:         0
  UtilStackOBlocker_Reconcile_FMA................:      0.00
  UtilStackOBlocker_None_LNEXP...................:         0
  UtilStackOBlocker_FmaRead_LNEXP................:         0
  UtilStackOBlocker_IntRead_LNEXP................:         0
  UtilStackOBlocker_LeRead_LNEXP.................:         0
  UtilStackOBlocker_FmaWrite_LNEXP...............:         0
  UtilStackOBlocker_IntWrite_LNEXP...............:         0
  UtilStackOBlocker_CubeRead_LNEXP...............:         0
  UtilStackOBlocker_CubeWrite_LNEXP..............:         0
  UtilStackOBlocker_LeWrite_LNEXP................:         0
  UtilStackOBlocker_Reconcile_LNEXP..............:      0.00
  UtilStackOBlocker_None_SHARED..................:         0
  UtilStackOBlocker_FmaRead_SHARED...............:         0
  UtilStackOBlocker_IntRead_SHARED...............:         0
  UtilStackOBlocker_LeRead_SHARED................:         0
  UtilStackOBlocker_FmaWrite_SHARED..............:         0
  UtilStackOBlocker_IntWrite_SHARED..............:         0
  UtilStackOBlocker_CubeRead_SHARED..............:         0
  UtilStackOBlocker_CubeWrite_SHARED.............:         0
  UtilStackOBlocker_LeWrite_SHARED...............:         0
  UtilStackOBlocker_Reconcile_SHARED.............:      0.00
YieldFmaReadCycles...............................:         0
YieldFmaWriteCycles..............................:         0
UtilStackHideRatio...............................:      0.00
UtilStackHideRatioStrict.........................:      0.00
  UtilStackIssueCombo_None.......................:      8438
  UtilStackIssueCombo_INT........................:       284
  UtilStackIssueCombo_FMA........................:        95
  UtilStackIssueCombo_INT+FMA....................:         1
  UtilStackIssueCombo_LE.........................:         2
  UtilStackIssueCombo_INT+LE.....................:         0
  UtilStackIssueCombo_FMA+LE.....................:         0
  UtilStackIssueCombo_INT+FMA+LE.................:         0
  UtilStackIssueCombo_SH.........................:         0
  UtilStackIssueCombo_INT+SH.....................:         0
  UtilStackIssueCombo_FMA+SH.....................:         0
  UtilStackIssueCombo_INT+FMA+SH.................:         0
  UtilStackIssueCombo_LE+SH......................:         0
  UtilStackIssueCombo_INT+LE+SH..................:         0
  UtilStackIssueCombo_FMA+LE+SH..................:         0
  UtilStackIssueCombo_INT+FMA+LE+SH..............:         0
  UtilStackIssueCombo_Reconcile..................:      0.00
  UtilStackIssueEvent_Reconcile..................:      0.00
UtilStackMultiIssueProb..........................:      0.00
UtilStackAvgIssueRate............................:      0.04
UtilStackIssueWidthUtil..........................:      0.01
====================Vector PMU Stats PE3====================
PEId.............................................:         3
TileopNum........................................:       145
TCMPPackedTileNum................................:         1
TCMPFragmentExpected.............................:         2
TCMPFragmentCompleted............................:         2
TCMPFragmentCanceled.............................:         0
TCMPPackedCellWrites.............................:         1
TCMPPackWriteWaitCycles..........................:         1
TCMPFlushedTileNum...............................:         0
UopNum...........................................:       383
SplitCellCountMismatch...........................:         0
SplitPartialCellUopCount.........................:         0
SplitUopAvgPayloadBytes..........................:       N/A
UopQDispatch_INT.................................:         4
UopQReadyBypass_INT..............................:         0
UopQDispatchSrcBufFullCycles_INT.................:         0
UopQDispatchSrcBufFullBlockedCycles_INT..........:         0
VecSrcCellNotReadyCycles_INT.....................:       176
SharedReadPortWaitCycles_INT.....................:         0
UopQDispatch_FMA.................................:         0
UopQReadyBypass_FMA..............................:         0
UopQDispatchSrcBufFullCycles_FMA.................:         0
UopQDispatchSrcBufFullBlockedCycles_FMA..........:         0
VecSrcCellNotReadyCycles_FMA.....................:        66
SharedReadPortWaitCycles_FMA.....................:         0
UopQDispatch_LNEXP...............................:         0
UopQReadyBypass_LNEXP............................:         0
UopQDispatchSrcBufFullCycles_LNEXP...............:         0
UopQDispatchSrcBufFullBlockedCycles_LNEXP........:         0
VecSrcCellNotReadyCycles_LNEXP...................:         1
SharedReadPortWaitCycles_LNEXP...................:         0
CellReadMergedUops...............................:         0
StaticUopsIssued.................................:       379
StaticBoardBlockCycles...........................:         1
StaticWritebacks.................................:       379
EarlyWakeupFired.................................:       142
StaticDynPipeBlockCycles.........................:        11
DynStaticChainBlockCycles........................:         0
ExpandTagHits_INT................................:         1
ExpandTagMisses_INT..............................:         1
ExpandBankFills_INT..............................:         1
ExpandTempFills_INT..............................:         0
ExpandEvicts_INT.................................:         0
ExpandTagHits_FMA................................:         0
ExpandTagMisses_FMA..............................:         0
ExpandBankFills_FMA..............................:         0
ExpandTempFills_FMA..............................:         0
ExpandEvicts_FMA.................................:         0
ExpandTagHits_LNEXP..............................:         0
ExpandTagMisses_LNEXP............................:         0
ExpandBankFills_LNEXP............................:         0
ExpandTempFills_LNEXP............................:         0
ExpandEvicts_LNEXP...............................:         0
ExpandFillDrops..................................:         0
ExpandReadStaleFallbacks cls0....................:         0
ExpandReadStaleFallbacks cls1....................:         0
ExpandReadStaleFallbacks cls2....................:         0
LeSharedPortBlockCycles..........................:         0
LeSrc1CarrySkips.................................:         0
=======Static Path Bank Access / Conflict Attribution=======
  StaticBankReads Bank[0]........................:        43
  StaticBankReads Bank[1]........................:        40
  StaticBankReads Bank[2]........................:        27
  StaticBankReads Bank[3]........................:        25
  StaticBankReads Bank[4]........................:        38
  StaticBankReads Bank[5]........................:        38
  StaticBankReads Bank[6]........................:        43
  StaticBankReads Bank[7]........................:        39
  StaticDetectReadBlocks Bank[0].................:         0
  StaticDetectReadBlocks Bank[1].................:         0
  StaticDetectReadBlocks Bank[2].................:         0
  StaticDetectReadBlocks Bank[3].................:         0
  StaticDetectReadBlocks Bank[4].................:         1
  StaticDetectReadBlocks Bank[5].................:         0
  StaticDetectReadBlocks Bank[6].................:         1
  StaticDetectReadBlocks Bank[7].................:         0
  StaticDetectWriteBlocks Bank[0]................:         0
  StaticDetectWriteBlocks Bank[1]................:         0
  StaticDetectWriteBlocks Bank[2]................:         0
  StaticDetectWriteBlocks Bank[3]................:         0
  StaticDetectWriteBlocks Bank[4]................:         0
  StaticDetectWriteBlocks Bank[5]................:         0
  StaticDetectWriteBlocks Bank[6]................:         0
  StaticDetectWriteBlocks Bank[7]................:         0
  StaticIntYieldBlocks Bank[0]...................:         0
  StaticIntYieldBlocks Bank[1]...................:         0
  StaticIntYieldBlocks Bank[2]...................:         0
  StaticIntYieldBlocks Bank[3]...................:         0
  StaticIntYieldBlocks Bank[4]...................:         0
  StaticIntYieldBlocks Bank[5]...................:         0
  StaticIntYieldBlocks Bank[6]...................:         0
  StaticIntYieldBlocks Bank[7]...................:         0
  StaticBoardOccSum Bank[0]......................:       673
  StaticBoardOccSum Bank[1]......................:       690
  StaticBoardOccSum Bank[2]......................:       697
  StaticBoardOccSum Bank[3]......................:       664
  StaticBoardOccSum Bank[4]......................:       627
  StaticBoardOccSum Bank[5]......................:       639
  StaticBoardOccSum Bank[6]......................:       590
  StaticBoardOccSum Bank[7]......................:       626
  StaticBoardOccColSum Col[0]....................:       574
  StaticBoardOccColSum Col[1]....................:       574
  StaticBoardOccColSum Col[2]....................:       574
  StaticBoardOccColSum Col[3]....................:       438
  StaticBoardOccColSum Col[4]....................:       407
  StaticBoardOccColSum Col[5]....................:       377
  StaticBoardOccColSum Col[6]....................:       377
  StaticBoardOccColSum Col[7]....................:       377
  StaticBoardOccColSum Col[8]....................:       377
  StaticBoardOccColSum Col[9]....................:       377
  StaticBoardOccColSum Col[10]...................:       377
  StaticBoardOccColSum Col[11]...................:       377
  StaticBoardOccColSum Col[12]...................:         0
  StaticBoardOccColSum Col[13]...................:         0
  StaticBoardOccColSum Col[14]...................:         0
  StaticBoardOccColSum Col[15]...................:         0
VecAluAcceptCycles_FMA...........................:        96
VecAluAcceptCycles_INT...........................:       285
VecAluAcceptCycles_LNEXP.........................:         2
VecTripleIssueCycles.............................:         0
VecDualIssueCycles...............................:         5
VecSingleIssueCycles.............................:       373
VecIdleIssueCycles...............................:      8442
CellReadMergeSaved...............................:         0
SrcBufBypassIssue................................:         0
SplitRawGateBlocked..............................:         0
SplitNoFreeSlotCycles............................:         0
IPC(UOP).........................................:  0.043424
RowExpandTileNum.................................:         0
RowReduceTileNum.................................:         9
RowReduceLayerNum................................:         0
RowReduceUopSplit................................:         9
RowReduceUopDone.................................:         9
RowReduceRootWriteNum............................:         9
RowReduceFlushedTileNum..........................:         0
RowReduceEntryUnavailableCycles..................:         0
RowReduceSplitBandwidthWaitTileCycles............:         0
RowReduceSrcBufFullTileCycles....................:         0
RowReduceLayerWaitTileCycles.....................:         0
RowReduceLayerPublishWaitTileCycles..............:         0
RowReduceReadPortWaitUopCycles...................:         0
RowReduceSourceResponseWaitUopCycles.............:         0
RowReduceIssueIntervalWaitUopCycles..............:         0
RowReduceSameGroupWaitUopCycles..................:         0
RowReduceExecPipeFullUopCycles...................:         0
RowReduceRootDstBufWaitTileCycles................:         0
RowReduceRootWritePortWaitCycles.................:         0
RowReduceRootWriteResponseWaitCycles.............:         0
RowReduceSrcNotReadyCycles.......................:         0
RowReduceTEMPForwardHits.........................:        10
RowReduceCellFallbackReads.......................:         0
RedTempMacroNum..................................:         0
HybridCountGatedTiles............................:         0
ReadNum..........................................:         2
CellReadAccessTotal..............................:       297
CellReadAccess_INT...............................:       103
CellReadAccess_FMA...............................:       192
CellReadAccess_LNEXP.............................:         2
ReadLat..........................................:      5.00
  |--LatLE5......................................:         2
  |--LatLE10.....................................:         0
  |--LatLE15.....................................:         0
  |--LatGT15.....................................:         0
WriteNum.........................................:         5
CellWriteAccessTotal.............................:       382
CellWriteAccess_INT..............................:       284
CellWriteAccess_FMA..............................:        96
CellWriteAccess_LNEXP............................:         2
TempForwardHits_INT..............................:       126
TempForwardHits_FMA..............................:         0
TempForwardHits_LNEXP............................:         0
TempForwardMisses_INT............................:       100
TempForwardMisses_FMA............................:       192
TempForwardMisses_LNEXP..........................:         2
ExpandTagHits_INT................................:         1
ExpandTagHits_FMA................................:         0
ExpandTagHits_LNEXP..............................:         0
ExpandTagMisses_INT..............................:         1
ExpandTagMisses_FMA..............................:         0
ExpandTagMisses_LNEXP............................:         0
ExpandBankFills_INT..............................:         1
ExpandBankFills_FMA..............................:         0
ExpandBankFills_LNEXP............................:         0
ExpandTempFills_INT..............................:         0
ExpandTempFills_FMA..............................:         0
ExpandTempFills_LNEXP............................:         0
ExpandEvicts_INT.................................:         0
ExpandEvicts_FMA.................................:         0
ExpandEvicts_LNEXP...............................:         0
LeSharedPortBlockCycles..........................:         0
WriteLat.........................................:      1.00
  |--LatLE5......................................:         5
  |--LatLE10.....................................:         0
  |--LatLE15.....................................:         0
  |--LatGT15.....................................:         0
AccountExpCellReads_INT..........................:       230
AccountExpCellReads_FMA..........................:       192
AccountExpCellReads_LNEXP........................:         2
AccountExpRedTempReads...........................:         0
AccountRedTempReads..............................:         0
AccountExpCellWrites_INT.........................:       285
AccountExpCellWrites_FMA.........................:        96
AccountExpCellWrites_LNEXP.......................:         2
AccountExpRedTempWrites..........................:         0
AccountExpReadsTotal.............................:       424
AccountActReadsTotal.............................:       424
AccountReadDelta.................................:      0.00
AccountExpWritesTotal............................:       383
AccountActWritesTotal............................:       382
AccountWriteDelta................................:      1.00
========================VecUtilStack========================
UtilStackW_INT...................................:       285
UtilStackO_INT...................................:         0
UtilStackA_INT...................................:         0
UtilStackD_INT...................................:         9
UtilStackI_INT...................................:         7
UtilStackS_INT...................................:      8519
UtilStackUnaccounted_INT.........................:         0
UtilStackW_FMA...................................:        96
UtilStackO_FMA...................................:         0
UtilStackA_FMA...................................:         0
UtilStackD_FMA...................................:         0
UtilStackI_FMA...................................:         0
UtilStackS_FMA...................................:      8724
UtilStackUnaccounted_FMA.........................:         0
UtilStackW_LNEXP.................................:         2
UtilStackO_LNEXP.................................:         0
UtilStackA_LNEXP.................................:         2
UtilStackD_LNEXP.................................:         0
UtilStackI_LNEXP.................................:         0
UtilStackS_LNEXP.................................:      8816
UtilStackUnaccounted_LNEXP.......................:         0
UtilStackW_SHARED................................:         0
UtilStackO_SHARED................................:         0
UtilStackA_SHARED................................:         0
UtilStackD_SHARED................................:         0
UtilStackI_SHARED................................:         0
UtilStackS_SHARED................................:      8820
UtilStackUnaccounted_SHARED......................:         0
UtilStackCycles..................................:      8820
UtilStackVecBusy.................................:      1323
UtilStackVecExposed..............................:      1323
  UtilStackSub_O_DstWriteCfl_INT.................:         0
  UtilStackSub_O_BankCfl_INT.....................:         0
  UtilStackSub_O_SharedPort_INT..................:         0
  UtilStackSub_O_YieldFma_INT....................:         0
  UtilStackSub_O_LePort_INT......................:         0
  UtilStackSub_A_RedTempMacro_INT................:         0
  UtilStackSub_A_LeThrottle_INT..................:         0
  UtilStackSub_A_LeFifoFull_INT..................:         0
  UtilStackSub_A_IiCool_INT......................:         0
  UtilStackSub_A_DstbufFull_INT..................:         0
  UtilStackSub_A_PipeFull_INT....................:         0
  UtilStackSub_D_StaticSrc_INT...................:         0
  UtilStackSub_D_RedTempCount_INT................:         0
  UtilStackSub_D_DynSrcbuf_INT...................:         9
  UtilStackSubO_Reconcile_INT....................:      0.00
  UtilStackSubA_Reconcile_INT....................:      0.00
  UtilStackSubD_Reconcile_INT....................:      0.00
  UtilStackSub_O_DstWriteCfl_FMA.................:         0
  UtilStackSub_O_BankCfl_FMA.....................:         0
  UtilStackSub_O_SharedPort_FMA..................:         0
  UtilStackSub_O_YieldFma_FMA....................:         0
  UtilStackSub_O_LePort_FMA......................:         0
  UtilStackSub_A_RedTempMacro_FMA................:         0
  UtilStackSub_A_LeThrottle_FMA..................:         0
  UtilStackSub_A_LeFifoFull_FMA..................:         0
  UtilStackSub_A_IiCool_FMA......................:         0
  UtilStackSub_A_DstbufFull_FMA..................:         0
  UtilStackSub_A_PipeFull_FMA....................:         0
  UtilStackSub_D_StaticSrc_FMA...................:         0
  UtilStackSub_D_RedTempCount_FMA................:         0
  UtilStackSub_D_DynSrcbuf_FMA...................:         0
  UtilStackSubO_Reconcile_FMA....................:      0.00
  UtilStackSubA_Reconcile_FMA....................:      0.00
  UtilStackSubD_Reconcile_FMA....................:      0.00
  UtilStackSub_O_DstWriteCfl_LNEXP...............:         0
  UtilStackSub_O_BankCfl_LNEXP...................:         0
  UtilStackSub_O_SharedPort_LNEXP................:         0
  UtilStackSub_O_YieldFma_LNEXP..................:         0
  UtilStackSub_O_LePort_LNEXP....................:         0
  UtilStackSub_A_RedTempMacro_LNEXP..............:         0
  UtilStackSub_A_LeThrottle_LNEXP................:         2
  UtilStackSub_A_LeFifoFull_LNEXP................:         0
  UtilStackSub_A_IiCool_LNEXP....................:         0
  UtilStackSub_A_DstbufFull_LNEXP................:         0
  UtilStackSub_A_PipeFull_LNEXP..................:         0
  UtilStackSub_D_StaticSrc_LNEXP.................:         0
  UtilStackSub_D_RedTempCount_LNEXP..............:         0
  UtilStackSub_D_DynSrcbuf_LNEXP.................:         0
  UtilStackSubO_Reconcile_LNEXP..................:      0.00
  UtilStackSubA_Reconcile_LNEXP..................:      0.00
  UtilStackSubD_Reconcile_LNEXP..................:      0.00
  UtilStackSub_O_DstWriteCfl_SHARED..............:         0
  UtilStackSub_O_BankCfl_SHARED..................:         0
  UtilStackSub_O_SharedPort_SHARED...............:         0
  UtilStackSub_O_YieldFma_SHARED.................:         0
  UtilStackSub_O_LePort_SHARED...................:         0
  UtilStackSub_A_RedTempMacro_SHARED.............:         0
  UtilStackSub_A_LeThrottle_SHARED...............:         0
  UtilStackSub_A_LeFifoFull_SHARED...............:         0
  UtilStackSub_A_IiCool_SHARED...................:         0
  UtilStackSub_A_DstbufFull_SHARED...............:         0
  UtilStackSub_A_PipeFull_SHARED.................:         0
  UtilStackSub_D_StaticSrc_SHARED................:         0
  UtilStackSub_D_RedTempCount_SHARED.............:         0
  UtilStackSub_D_DynSrcbuf_SHARED................:         0
  UtilStackSubO_Reconcile_SHARED.................:      0.00
  UtilStackSubA_Reconcile_SHARED.................:      0.00
  UtilStackSubD_Reconcile_SHARED.................:      0.00
  UtilStackOBlocker_None_INT.....................:         0
  UtilStackOBlocker_FmaRead_INT..................:         0
  UtilStackOBlocker_IntRead_INT..................:         0
  UtilStackOBlocker_LeRead_INT...................:         0
  UtilStackOBlocker_FmaWrite_INT.................:         0
  UtilStackOBlocker_IntWrite_INT.................:         0
  UtilStackOBlocker_CubeRead_INT.................:         0
  UtilStackOBlocker_CubeWrite_INT................:         0
  UtilStackOBlocker_LeWrite_INT..................:         0
  UtilStackOBlocker_Reconcile_INT................:      0.00
  UtilStackOBlocker_None_FMA.....................:         0
  UtilStackOBlocker_FmaRead_FMA..................:         0
  UtilStackOBlocker_IntRead_FMA..................:         0
  UtilStackOBlocker_LeRead_FMA...................:         0
  UtilStackOBlocker_FmaWrite_FMA.................:         0
  UtilStackOBlocker_IntWrite_FMA.................:         0
  UtilStackOBlocker_CubeRead_FMA.................:         0
  UtilStackOBlocker_CubeWrite_FMA................:         0
  UtilStackOBlocker_LeWrite_FMA..................:         0
  UtilStackOBlocker_Reconcile_FMA................:      0.00
  UtilStackOBlocker_None_LNEXP...................:         0
  UtilStackOBlocker_FmaRead_LNEXP................:         0
  UtilStackOBlocker_IntRead_LNEXP................:         0
  UtilStackOBlocker_LeRead_LNEXP.................:         0
  UtilStackOBlocker_FmaWrite_LNEXP...............:         0
  UtilStackOBlocker_IntWrite_LNEXP...............:         0
  UtilStackOBlocker_CubeRead_LNEXP...............:         0
  UtilStackOBlocker_CubeWrite_LNEXP..............:         0
  UtilStackOBlocker_LeWrite_LNEXP................:         0
  UtilStackOBlocker_Reconcile_LNEXP..............:      0.00
  UtilStackOBlocker_None_SHARED..................:         0
  UtilStackOBlocker_FmaRead_SHARED...............:         0
  UtilStackOBlocker_IntRead_SHARED...............:         0
  UtilStackOBlocker_LeRead_SHARED................:         0
  UtilStackOBlocker_FmaWrite_SHARED..............:         0
  UtilStackOBlocker_IntWrite_SHARED..............:         0
  UtilStackOBlocker_CubeRead_SHARED..............:         0
  UtilStackOBlocker_CubeWrite_SHARED.............:         0
  UtilStackOBlocker_LeWrite_SHARED...............:         0
  UtilStackOBlocker_Reconcile_SHARED.............:      0.00
YieldFmaReadCycles...............................:         0
YieldFmaWriteCycles..............................:         0
UtilStackHideRatio...............................:      0.00
UtilStackHideRatioStrict.........................:      0.00
  UtilStackIssueCombo_None.......................:      8442
  UtilStackIssueCombo_INT........................:       280
  UtilStackIssueCombo_FMA........................:        91
  UtilStackIssueCombo_INT+FMA....................:         5
  UtilStackIssueCombo_LE.........................:         2
  UtilStackIssueCombo_INT+LE.....................:         0
  UtilStackIssueCombo_FMA+LE.....................:         0
  UtilStackIssueCombo_INT+FMA+LE.................:         0
  UtilStackIssueCombo_SH.........................:         0
  UtilStackIssueCombo_INT+SH.....................:         0
  UtilStackIssueCombo_FMA+SH.....................:         0
  UtilStackIssueCombo_INT+FMA+SH.................:         0
  UtilStackIssueCombo_LE+SH......................:         0
  UtilStackIssueCombo_INT+LE+SH..................:         0
  UtilStackIssueCombo_FMA+LE+SH..................:         0
  UtilStackIssueCombo_INT+FMA+LE+SH..............:         0
  UtilStackIssueCombo_Reconcile..................:      0.00
  UtilStackIssueEvent_Reconcile..................:      0.00
UtilStackMultiIssueProb..........................:      0.01
UtilStackAvgIssueRate............................:      0.04
UtilStackIssueWidthUtil..........................:      0.01
===============CellReg Bank Arbitration Stats===============
Bank Active Cycles (>=1 pending).................:       946
  |--Bank Conflict Cycles (>=2 pending)..........:         1    0.11%
  |--Bank Urgent(aged) Cycles....................:         0
Bank Grants (winners) Total......................:       913
Bank Lose (non-winner waits) Total...............:        34
Bank Port-Yield (no free channel) Total..........:        34
Total Served Read Bytes..........................:     74496
Total Served Write Bytes.........................:     40576
  |--RQ_CUBE Win.................................:         0
  |--RQ_CUBE Lose................................:         0     N/A
  |--RQ_CUBE PortYield...........................:         0
  |--RQ_CUBE Served Bytes........................:         0
  |--RQ_VEC Win..................................:        16
  |--RQ_VEC Lose.................................:         0    0.00%
  |--RQ_VEC PortYield............................:         0
  |--RQ_VEC Served Bytes.........................:      2048
  |--RQ_TLSU Win.................................:       572
  |--RQ_TLSU Lose................................:         0    0.00%
  |--RQ_TLSU PortYield...........................:         0
  |--RQ_TLSU Served Bytes........................:     72448
  |--WQ_CUBE Win.................................:         0
  |--WQ_CUBE Lose................................:         0     N/A
  |--WQ_CUBE PortYield...........................:         0
  |--WQ_CUBE Served Bytes........................:         0
  |--WQ_VEC Win..................................:        12
  |--WQ_VEC Lose.................................:         0    0.00%
  |--WQ_VEC PortYield............................:         0
  |--WQ_VEC Served Bytes.........................:      1536
  |--WQ_VEC_LNEXP Win............................:         8
  |--WQ_VEC_LNEXP Lose...........................:         0    0.00%
  |--WQ_VEC_LNEXP PortYield......................:         0
  |--WQ_VEC_LNEXP Served Bytes...................:      1024
  |--WQ_TLSU Win.................................:       305
  |--WQ_TLSU Lose................................:        34   10.03%
  |--WQ_TLSU PortYield...........................:        34
  |--WQ_TLSU Served Bytes........................:     39040
==============CellReg CUBE Bank-Group Backlog===============
WQ_CUBE active cycles............................:         0
  |--WQ_CUBE cross-group cycles..................:         0     N/A
RQ_CUBE active cycles............................:         0
  |--RQ_CUBE cross-group cycles..................:         0     N/A
CUBE Rd+Wr concurrent cycles.....................:         0
  |--Rd/Wr different-group cycles................:         0     N/A
  |--Wr-starved-by-Rd cycles (each owns a group).:         0     N/A
Direct OOR access dropped (pool end).............:         0
===========CellReg Per-Bank Conflict Distribution===========
  Bank[0] conflict cycles........................:         0    0.00%
  Bank[1] conflict cycles........................:         0    0.00%
  Bank[2] conflict cycles........................:         0    0.00%
  Bank[3] conflict cycles........................:         0    0.00%
  Bank[4] conflict cycles........................:         0    0.00%
  Bank[5] conflict cycles........................:         1  100.00%
  Bank[6] conflict cycles........................:         0    0.00%
  Bank[7] conflict cycles........................:         0    0.00%
==================SuperScalar Report Stop===================
======================Syscall Barrier=======================
sb_requested.....................................:         4
sb_executed......................................:         1
sb_canceled......................................:         3
sb_stashed.......................................:         2
sb_stash_overflow................................:         0
sb_pending.......................................:         0
sb_phase_idle....................................:      8656
sb_phase_pre_commit..............................:        18
sb_phase_quiet_wait..............................:         0
sb_phase_gate_all................................:         1
sb_phase_draining................................:       124
sb_phase_executing...............................:         1
syscall_owner_precommit_wait.....................:        18
syscall_worker_quiet_wait........................:         0
syscall_worker_quiet_cycles_total................:         0
syscall_worker_quiet_cycles_max..................:         0
syscall_commit_wait..............................:         0
syscall_l1_scb_drain_wait........................:       123
syscall_sl2_drain_wait...........................:         0
drain_wait.......................................:       123
syscall_drain_progress_timeout...................:         0
sb_T_complete....................................:      9998
sb_T_deadlock_effective..........................:      9999
sb_last_progress_cycle...........................:      8819
sb_lockstep_enabled..............................:         1
sb_lockstep_registered...........................:         4
sb_lockstep_blocks...............................:         1
sb_lockstep_executes.............................:         1
sb_lockstep_withdraw_startup.....................:         0
sb_lockstep_withdraw_flush.......................:         0
sb_lockstep_overflow.............................:         0
sb_lockstep_and_timeout..........................:         0
sb_lockstep_hold_cycles..........................:       533
sb_lockstep_exit_parks...........................:         4
syscall_post_ecall_issue_rejects.................:     10085
syscall_bstop_admission_rejects..................:         0
sb_lockstep_held_now.............................:         0
sb_lockstep_ready_hist_0.........................:         0
sb_lockstep_ready_hist_1.........................:         0
sb_lockstep_ready_hist_2.........................:         0
sb_lockstep_ready_hist_3.........................:         0
sb_lockstep_ready_hist_4.........................:         1
