./bin/gfsim -f /mnt/workspace/projects/1009_SuperNPUBench_v2/SuperNPUBench/benchmark/one-level-arch/output/solution/moe_dispatch/elf/solution_moe_dispatch_moe_dispatch_mt_dyn.elf --conf fourpe --pto-v02 true -s tlsu.fake_l2_enable=false 
[gfsim] explicit PE config present; skipping ELF auto-detection
Parse Config File:
Parse Config File:
Parse Config File:
Parse Config File:
Parse Config File:
Parse Config File:
Parse Config File:
Parse Config File:
Parse Config File:
Parse Config File:
Parse Config File:
Parse Config File:
Parse Config File:
Parse Config File:
Parse Config File:
Parse Config File:
Parse Config File:
Parse Config File:
Parse Config File:
Parse Config File:
Parse Config File:
Parse Config File:
Parse Config File:
Parse Config File:
Parse Config File:
Parse Config File:
Parse Config File:
Parse Config File:
Parse Config File:
Parse Config File:
Parse Config File:
Parse Config File:
Parse Config File:
Parse Config File:
Parse Config File:
Parse Config File:
Parse Config File:
Parse Config File:
Parse Config File:
Parse Config File:
Parse Config File:
Parse Config File:
Parse Config File:
Parse Config File:
Parse Config File:
Parse Config File:
Parse Config File:
Parse Config File:
Parse Config File:
Parse Config File:
Parse Config File:
Parse Config File:
Parse Config File:
Parse Config File:
Parse Config File:
Parse Config File:
Parse Config File:
Parse Config File:
Parse Config File:
Parse Config File:
Parse Config File:
Parse Config File:
Parse Config File:
Parse Config File:
Parse Config File:
Parse Config File:
Parse Config File:
Parse Config File:
Parse Config File:
Override configurations:
tlsu.fake_l2_enable=false
core.threadCount=4
core.stdPeCount=1
core.cube_core_num=4
core.cube_thread_num=1
core.vec_core_num=4
fourpe.pe_cluster_enable=true
fourpe.pe_cluster_count=4
fourpe.pe_cluster_frontend_thread_count=4
fourpe.pe_cluster_aggregate_decode_width=8
fourpe.pe_cluster_gpr_rename_partition_entries=128
fourpe.pe_cluster_scalar_rob_partition_entries=128
fourpe.pe_cluster_scalar_iq_partition_entries=128
fourpe.pe_cluster_block_rob_partition_entries=256
fourpe.pe_cluster_block_iq_partition_entries=88
fourpe.pe_cluster_local_reg_partition_entries=88
bfu.brq_depth=1024
fourpe.pe_cluster_partition_borrow_enable=false
fourpe.pe_cluster_eligible_rr_fairness_check=true
fourpe.pe_cluster_group_contract_fatal=false
dfx.swimCounterSampleInterval=8
Memory: 0x10200 - 0x1029f (Size=0KB) [.rodata]
Memory: 0x102a0 - 0x102cb (Size=0KB) [.eh_frame_hdr]
Memory: 0x102d0 - 0x1038b (Size=0KB) [.eh_frame]
Memory: 0x1138c - 0x129cf (Size=5KB) [.text]
Memory: 0x139d0 - 0x13a3f (Size=0KB) [.init_array]
Memory: 0x13a40 - 0x13a57 (Size=0KB) [.data.rel.ro]
Memory: 0x15000 - 0x2fed7 (Size=107KB) [.bss]
Memory: 0x2fed8 - 0x2ff47 (Size=0KB) [.sbss]
Memory: 0x2ff50 - 0x803ff50 (Size=131136KB) [stack mem]
Memory: 0x4000802000 - 0x4008803000 (Size=131076KB) [map mem]
[C:3549   ][TMA.NA    ]: nuke_pair_diag ld_stid=0 ld_bid=18/w1 ld_rid=62 st_stid=0 st_bid=17/w1 st_rid=58
[C:5501   ][TMA.NA    ]: nuke_pair_diag ld_stid=0 ld_bid=231/w1 ld_rid=21 st_stid=0 st_bid=230/w1 st_rid=17
[C:9509   ][TMA.NA    ]: nuke_pair_diag ld_stid=0 ld_bid=182/w1 ld_rid=111 st_stid=0 st_bid=181/w1 st_rid=107
[C:12589  ][TMA.NA    ]: nuke_pair_diag ld_stid=0 ld_bid=167/w0 ld_rid=6 st_stid=0 st_bid=166/w0 st_rid=2
[C:13354  ][TMA.NA    ]: nuke_pair_diag ld_stid=0 ld_bid=7/w1 ld_rid=60 st_stid=0 st_bid=6/w1 st_rid=56
[C:17295  ][TMA.NA    ]: nuke_pair_diag ld_stid=0 ld_bid=112/w1 ld_rid=124 st_stid=0 st_bid=111/w1 st_rid=120
[C:19406  ][TMA.NA    ]: nuke_pair_diag ld_stid=0 ld_bid=170/w0 ld_rid=62 st_stid=0 st_bid=169/w0 st_rid=58
Simulation time: 12s 
+-------------------------+--------------+
| Block Control Config Name | Value        |
+-------------------------+--------------+
| inst_decode_bw          | 4            |
| block_rob_depth         | 256          |
| BISQ:cube_isq_depth     | 32           |
| BISQ:vector_isq_depth   | 32           |
+-------------------------+--------------+
+-------------------+--------------+
| CUBE Config Name  | Value        |
+-------------------+--------------+
| uop_isq_depth     | 32           |
| tcvt_isq_depth    | 16           |
| L0A_size          | 32           |
| L0B_size          | 32           |
| L0C_size          | 32           |
+-------------------+--------------+
===================SuperScalar NPU Stats====================
Total Cycles.....................................:     19795
================SuperScalar Unified Top-Down================
Retiring.........................................:     40.88%
Bad Speculation..................................:     14.99%
Frontend Bound...................................:      0.24%
CMD Bound........................................:      0.80%
Backend Bound....................................:     43.08%
=============Top-Down Normalization Diagnostics=============
Bad Speculation Clipped Slots....................:         0
Frontend Bound Clipped Slots.....................:         0
  |-- LD Retiring................................:      4.00%
  |-- ST Retiring................................:      1.96%
  |-- BR Retiring................................:      0.00%
  |-- ALU Retiring...............................:     34.92%
  |-- Other Retiring.............................:      0.00%
  |-- Misprediction..............................:      0.34%
  |-- Machine Clear..............................:     14.65%
  |-- Fetch Latency..............................:      0.24%
  |-- Fetch Bandwidth............................:      0.00%
    |-- Branch Resteering........................:      0.24%
    |-- ITLB/BTLB miss...........................:      0.00%
    |-- BHC miss penalty.........................:      0.00%
    |-- Other fetch lat..........................:      0.00%
    |-- Decode Stall.............................:      0.00%
    |-- Rename Stall.............................:      0.00%
    |-- BROB Stall...............................:      0.00%
    |-- SYS Block Stall..........................:      0.00%
  |-- CMD queue backpressure.....................:      0.80%
    |-- Operand not ready........................:      0.80%
    |-- BIQ capacity full........................:      0.00%
      |-- CUBE BIQ full..........................:      0.00%
      |-- VECTOR BIQ full........................:      0.00%
      |-- TLSU BIQ full..........................:      0.00%
      |-- GROUP/SHU BIQ full.....................:      0.00%
      |-- Other BIQ full.........................:      0.00%
    |-- TileReg capacity full....................:      0.00%
    |-- GPR LPV/no-cancel gate...................:      0.00%
    |-- Other CMD queue block....................:      0.00%
  |-- CMDPipe tile backpressure..................:      0.00%
    |-- TileReg resource unavailable.............:      0.00%
    |-- Other CMDPipe stall......................:      0.00%
  |-- Other CMD control..........................:      0.00%
  |-- Memory Bound...............................:      0.00%
  |-- Core Bound.................................:     43.08%
    |-- L1 Bound.................................:      0.00%
    |-- L2 Bound.................................:      0.00%
    |-- L3/DRAM Bound............................:      0.00%
    |-- Store Bound..............................:      0.00%
    |-- Scalar ALU...............................:     11.91%
    |-- Cube.....................................:      0.00%
    |-- Vector...................................:      8.39%
    |-- TLSU Tload...............................:     11.91%
    |-- TLSU Tstore..............................:     10.87%
    |-- TLSU TMOV................................:      0.00%
    |-- Idle.....................................:      0.00%
    |-- Other Core...............................:      0.00%
      |-- Simple ALU pipe full...................:      0.00%
      |-- Complex INT busy.......................:      4.31%
      |-- Branch port busy.......................:      9.90%
===============Top-Down Boundary Attribution================
IFU-OEX boundary observations (slots)............:     79180
  |-- Frontend supply bubble (F5)................:      6.44%
  |-- Backend backpressure (F5)..................:      0.00%
  |-- Delivered to OEX (F5)......................:     93.56%
CMD queue/Pipe boundary observations (cycles)....:     19795
  |-- CMD queue supply bubble....................:     64.91%
  |-- CMD queue backpressure.....................:      0.80%
  |-- CMD blocked union cycles...................:       159
  |-- CMD issued slots...........................:     12539
  |-- CMD IQ TileOp issue count..................:      1853
  |-- CMD IQ non-empty cycles....................:      6947
  |-- CMD IQ TileOp issue rate (tileops/cycle)...:0.26673384
  |-- CMDPipe tile backpressure events...........:         0
=======Core-Cycles Oldest-Block Top-Down (diagnostic)=======
Core cycles......................................:     19795
L1 Retiring......................................:      0.02%
L1 Recovery......................................:      0.04%
L1 Frontend Bound................................:     47.16%
L1 CMD Bound.....................................:      0.94%
L1 Backend Bound.................................:     51.60%
L1 Idle/Other....................................:      0.24%
  |-- L2 Memory Bound............................:      0.00%
  |-- L2 Group Sync Bound........................:      0.00%
  |-- L2 Core Bound..............................:     51.60%
    |-- L3 Cube..................................:      0.00%
    |-- L3 Vector................................:      7.39%
    |-- L3 TLSU..................................:     44.22%
    |-- L3 Scalar ALU............................:      0.00%
      |-- L4 Cube execution/queue owner..........:      0.00%
      |-- L4 Vector execution owner..............:      7.39%
      |-- L4 TLSU Tload owner....................:      5.55%
      |-- L4 TLSU Tstore owner...................:     38.67%
      |-- L4 Scalar ALU owner....................:      0.00%
Core-cycle attribution sum.......................:     19795
STID0 oldest observations........................:     19795
STID1 oldest observations........................:     19795
STID2 oldest observations........................:     19795
STID3 oldest observations........................:     19795
  |-- RETIRING representative STID...............:         3
  |-- RETIRING representative BID................:       111
  |-- RETIRING participant mask..................:        15
  |-- FRONTEND_BOUND representative STID.........:         0
  |-- FRONTEND_BOUND representative BID..........:         0
  |-- FRONTEND_BOUND participant mask............:        15
  |-- CMD_BOUND representative STID..............:         0
  |-- CMD_BOUND representative BID...............:        18
  |-- CMD_BOUND participant mask.................:         1
  |-- TLSU_TLOAD representative STID.............:         0
  |-- TLSU_TLOAD representative BID..............:         4
  |-- TLSU_TLOAD participant mask................:        15
  |-- TLSU_TSTORE representative STID............:         0
  |-- TLSU_TSTORE representative BID.............:         1
  |-- TLSU_TSTORE participant mask...............:        15
  |-- VECTOR representative STID.................:         0
  |-- VECTOR representative BID..................:        11
  |-- VECTOR participant mask....................:        15
  |-- FLUSH_RECOVERY representative STID.........:         0
  |-- FLUSH_RECOVERY representative BID..........:         7
  |-- FLUSH_RECOVERY participant mask............:         1
  |-- IDLE_NO_OLDEST representative STID.........:         0
  |-- IDLE_NO_OLDEST representative BID..........:18446744073709551615
  |-- IDLE_NO_OLDEST participant mask............:        15
===================superScalar Key Stats====================
superScalar Tileop Total Cycles..................:     79180
  |--Cube Tileop Total Cycles....................:         0
  |--Vector Tileop Total Cycles..................:      5980
  |--TLSU Tileop Total Cycles....................:     26377
superScalar Total Tileop Counter.................:      1853
  |--Cube Execute Tileop Counter.................:         0
  |--Vector Execute Tileop Counter...............:      1196
  |--TLSU Execute Tileop Counter.................:       657
    |--AccountExpTlsuCellReads...................:       229
    |--AccountExpTlsuCellWrites..................:        56
superScalar Run Tileop Wall Cycles...............:     19107
  |--Cube Busy Resource-Cycles (PE-summed).......:         0
  |--Vector Busy Resource-Cycles (PE-summed).....:     21369
  |--TLSU Busy Resource-Cycles (PE-summed).......:     19001
  |--Cube Active Wall Cycles (union).............:         0
  |--Vector Active Wall Cycles (union)...........:      6672
  |--TLSU Active Wall Cycles (union).............:     19001
    |--TLSU Tload Resource-Cycles (PE-summed)....:     18004
      |--write Blocked By Ring Cycles............:         0
    |--TLSU Tstore Resource-Cycles (PE-summed)...:     16432
    |--TLSU Tmov Resource-Cycles (PE-summed).....:         0
    |--TLSU Mgather Resource-Cycles (PE-summed)..:         0
    |--TLSU Mscatter Resource-Cycles (PE-summed).:         0
    |--TLSU Vgather Resource-Cycles (PE-summed)..:         0
    |--TLSU Vscatter Resource-Cycles (PE-summed).:         0
  |--All Cores Idle Wall Cycles..................:       688
  |--Vector-Cube Concurrent Wall Cycles (union)..:         0
  |--Vector-Cube Active Wall Cycles (union)......:      6672
  |--Cube-TLSU Concurrent Wall Cycles (union)....:         0
  |--Cube-TLSU Active Wall Cycles (union)........:     19001
  |--Vector-TLSU Concurrent Wall Cycles (union)..:      6566
  |--Vector-TLSU Active Wall Cycles (union)......:     19107
=============TileOp Efficiency (explicit units)=============
PE0 CUBE ExecCycles/TileOp.......................:      0.00
PE0 CUBE TileOpRate (ops/cycle)..................:0.00000000
PE0 CUBE TileOp Occupancy (%)....................:      0.00
PE1 CUBE ExecCycles/TileOp.......................:      0.00
PE1 CUBE TileOpRate (ops/cycle)..................:0.00000000
PE1 CUBE TileOp Occupancy (%)....................:      0.00
PE2 CUBE ExecCycles/TileOp.......................:      0.00
PE2 CUBE TileOpRate (ops/cycle)..................:0.00000000
PE2 CUBE TileOp Occupancy (%)....................:      0.00
PE3 CUBE ExecCycles/TileOp.......................:      0.00
PE3 CUBE TileOpRate (ops/cycle)..................:0.00000000
PE3 CUBE TileOp Occupancy (%)....................:      0.00
PE0 VECTOR ReadLatency (cycles/op)...............:      6.03
PE0 VECTOR TileOpRate (ops/cycle)................:      0.02
PE0 VECTOR Utilization...........................:      0.16
PE0 VECTOR Utilization (issue-events)............:      0.01
PE1 VECTOR ReadLatency (cycles/op)...............:      6.03
PE1 VECTOR TileOpRate (ops/cycle)................:      0.01
PE1 VECTOR Utilization...........................:      0.15
PE1 VECTOR Utilization (issue-events)............:      0.01
PE2 VECTOR ReadLatency (cycles/op)...............:      6.03
PE2 VECTOR TileOpRate (ops/cycle)................:      0.01
PE2 VECTOR Utilization...........................:      0.15
PE2 VECTOR Utilization (issue-events)............:      0.01
PE3 VECTOR ReadLatency (cycles/op)...............:      6.03
PE3 VECTOR TileOpRate (ops/cycle)................:      0.02
PE3 VECTOR Utilization...........................:      0.15
PE3 VECTOR Utilization (issue-events)............:      0.01
PE0 TLSU Occupancy/Issue (cycles/event)..........:     32.18
PE0 TLSU IssueRate (events/cycle)................:      0.53
PE0 TLSU Utilization (%).........................:     96.06
Vector-Cube overlap ratio........................:      0.00
Vector-TLSU overlap ratio........................:      0.34
============PROB Status Occupancy (entry-cycles)============
  |--free........................................:         0
  |--alloc.......................................:   1171555
  |--renamed.....................................:         0
  |--dispatched..................................:     41565
  |--in_queue....................................:    369275
  |--issued......................................:     96171
  |--executing...................................:     46069
  |--writeback...................................:     23740
  |--completed...................................:    783513
  |--retired.....................................:     83438
  |--fault.......................................:         0
  |--need_flush..................................:         0
===============Block Control Key Stats total================
Average Outstanding Block Number.................:      8.09
  |--Average Outstanding Cube Block Number.......:      0.00
  |--Average Outstanding Vector Block Number.....:      1.20
  |--Average Outstanding TLoad Number............:      1.86
  |--Average Outstanding TStore Number...........:      5.03
=============Block Control Key Stats SThread 0==============
Average Outstanding Block Number.................:      2.11
  |--Average Outstanding Cube Block Number.......:      0.00
  |--Average Outstanding Vector Block Number.....:      0.31
  |--Average Outstanding TLoad Number............:      0.49
  |--Average Outstanding TStore Number...........:      1.31
=============Block Control Key Stats SThread 1==============
Average Outstanding Block Number.................:      1.98
  |--Average Outstanding Cube Block Number.......:      0.00
  |--Average Outstanding Vector Block Number.....:      0.29
  |--Average Outstanding TLoad Number............:      0.46
  |--Average Outstanding TStore Number...........:      1.23
=============Block Control Key Stats SThread 2==============
Average Outstanding Block Number.................:      2.08
  |--Average Outstanding Cube Block Number.......:      0.00
  |--Average Outstanding Vector Block Number.....:      0.29
  |--Average Outstanding TLoad Number............:      0.46
  |--Average Outstanding TStore Number...........:      1.33
=============Block Control Key Stats SThread 3==============
Average Outstanding Block Number.................:      1.92
  |--Average Outstanding Cube Block Number.......:      0.00
  |--Average Outstanding Vector Block Number.....:      0.30
  |--Average Outstanding TLoad Number............:      0.45
  |--Average Outstanding TStore Number...........:      1.17
===================CubeCore 0 Statistics====================
Cube Total Cycles................................:     19795
Cube MAC Exec Occupancy..........................:         0    0.00%
Cube MAC Utilization.............................:      0.00    0.00%
Cube Logical MAC Count...........................:         0
Cube Equivalent MAC Count........................:      0.00
Cube Equivalent MAC Rate (MAC/cycle).............:      0.00
Cube core workload units (dtype-normalized)......:      0.00
Cube core workload rate (units/cycle)............:0.00000000
Cube Achieved TFLOPS (equivalent MACs, 1.65GHz)..:  0.000000
Cube core exe tileop count.......................:         0
L0A Tag Hits (A resident)........................:         0
L0A Tag Misses (A resident)......................:         0
L0A Tag Flushes (A resident).....................:         0
Cube Uop Generated Count.........................:         0
Cube core retired uop count......................:         0
Cube core total load count.......................:         0
Cube core total store count (CellReg TileC writes):         0
==================InternalAcc Feature PMU===================
internal_acc_entry_alloc_count...................:         0
internal_acc_entry_read_count....................:         0
internal_acc_entry_write_count...................:         0
internal_acc_entry_peak_occupancy................:         0
internal_acc_active_cycles.......................:         0
internal_acc_entry_unavailable_stall_cycles......:         0
internal_acc_entry_lookup_wait_stall_cycles......:         0
internal_acc_entry_not_ready_stall_cycles........:         0
internal_acc_stale_reference_count...............:         0
Cube FP16 Logical MAC Count......................:         0
Cube FP16 Equivalent MAC Count...................:      0.00
Cube FP8 Logical MAC Count.......................:         0
Cube FP8 Equivalent MAC Count....................:      0.00
Cube FP4 Logical MAC Count.......................:         0
Cube FP4 Equivalent MAC Count....................:      0.00
Cube TileOp Occupancy............................:         0    0.00%
Cube Load Outstanding............................:         0    0.00%
Cube FixPipe/Store Occupancy.....................:         0    0.00%
Cube core average acc slot use...................:       N/A
Cube core average l0a entry use..................:       N/A
Cube core average l0b entry use..................:       N/A
Cube core average l0a entry use busy.............:       N/A
Cube core average l0b entry use busy.............:       N/A
Cube core average acc slot use busy..............:       N/A
Cube MAC Range...................................:         0
Cube Load Range..................................:         0
Cube Store Range.................................:         0
Cube Load-MAC Range Overlap......................:         0     N/A
accSlotAllocCount................................:         0
accSlotFreeCount.................................:         0
accSlotPeakInUse.................................:         0
accSlotWaitCount.................................:         0
bandPairMapPeakSize..............................:         0
bandPairMapFinalSize.............................:         0
batchDistributeCount.............................:         0
batchFallbackCount...............................:         0
m0TileCReadCount.................................:         0
m1TileCReadCount.................................:         0
tileCReadRequestCount............................:         0
tileCReadBytes...................................:         0
batchMissedDistributeCount.......................:         0
uniqueTileCSourceAddresses.......................:         0
Cube core exe uop count..........................:         0
Cube core retired uop count......................:         0
Cube core total load count.......................:         0
Cube core total store count (CellReg TileC writes):         0
  |--CellReg Load Count..........................:         0
    |--CellReg TileA Count.......................:         0
    |--CellReg TileB Count.......................:         0
    |--CellReg TileC Count.......................:         0
    |--CellReg LeftScale Count...................:         0
    |--CellReg RightScale Count..................:         0
  |--CellReg Load Bytes..........................:         0
    |--CellReg TileA Bytes.......................:         0
    |--CellReg TileB Bytes.......................:         0
    |--CellReg TileC Bytes.......................:         0
    |--CellReg LeftScale Bytes...................:         0
    |--CellReg RightScale Bytes..................:         0
  |--CellReg Store Count.........................:         0
    |--CellReg TileC Count.......................:         0
  |--CellReg Store Bytes.........................:         0
    |--CellReg TileC Bytes.......................:         0
  |--ShareTReg Load Count........................:         0
    |--ShareTReg TileA Count.....................:         0
    |--ShareTReg TileB Count.....................:         0
  |--ShareTReg Load Bytes........................:         0
    |--ShareTReg TileA Bytes.....................:         0
    |--ShareTReg TileB Bytes.....................:         0
  |--Exp CellReg Load Count......................:         0
    |--Exp CellReg TileA Count...................:         0
    |--Exp CellReg TileB Count...................:         0
    |--Exp CellReg TileC Count...................:         0
    |--Exp CellReg LeftScale Count...............:         0
    |--Exp CellReg RightScale Count..............:         0
  |--Exp CellReg Load Delta......................:      0.00
  |--Exp CellReg Store Count.....................:         0
  |--Exp CellReg Store Delta.....................:      0.00
  |--Exp ShareTReg Load Count....................:         0
  |--Exp ShareTReg Load Cache Skip...............:         0
  |--Exp ShareTReg Load Delta....................:      0.00
Cube core cannot pick main chain uop ratio.......:         0     N/A
Cube core pick cub chain uop ratio...............:         0     N/A
Cube busy cycle..................................:         0
Cube core mmad busy cycle........................:         0     N/A
Cube core load busy cycle........................:         0     N/A
Cube core store busy cycle.......................:         0     N/A
  UtilMacW (array exec)..........................:         0
    |--UtilMacWMad (systolic MAC phase)..........:         0
    |--UtilMacWRamp (staging/fill-drain).........:         0
  UtilMacO (operand in-flight)...................:         0
  UtilMacA (exec/writeback struct)...............:         0
  UtilMacD (dependency chain)....................:         0
  UtilMacI (issue/rename struct).................:         0
  UtilMacS (no tile).............................:     19795
  UtilMacUnaccounted.............................:         0
  UtilMacCycles..................................:     19795
    |--UtilMacSub_O_L0InFlight...................:         0
    |--UtilMacSub_O_ScaleInFlight................:         0
    |--UtilMacSub_O_LoadPath.....................:         0
    |--UtilMacSub_O_LdUopBuf.....................:         0
    |--UtilMacSub_A_AllocBackpressure............:         0
    |--UtilMacSub_A_StoreInFlight................:         0
    |--UtilMacSub_A_FixPipeAnnounce..............:         0
    |--UtilMacSub_A_UopBufQueue..................:         0
    |--UtilMacSub_A_TileBoundary.................:         0
    |--UtilMacSub_A_AccPoolFull..................:         0
    |--UtilMacSub_A_AccEntryRelease..............:         0
    |--UtilMacSub_D_KLoopChain...................:         0
    |--UtilMacSub_D_AccEntryNotReady.............:         0
    |--UtilMacSubO_Reconcile.....................:      0.00
    |--UtilMacSubA_Reconcile.....................:      0.00
    |--UtilMacSubD_Reconcile.....................:      0.00
    |--UtilMacSub_O_L0InFlight_A.................:         0
    |--UtilMacSub_O_L0InFlight_B.................:         0
    |--UtilMacSub_O_L0InFlight_C.................:         0
    |--UtilMacSub_O_L0InFlight_Other.............:         0
    |--UtilMacSubO_L0Split_Reconcile.............:      0.00
  UtilMacIssue_Issued............................:         0
  UtilMacIssue_CStreamWait.......................:         0
  UtilMacIssue_L0InFlight........................:         0
  UtilMacIssue_ScaleInFlight.....................:         0
  UtilMacIssue_AllocBackpressure.................:         0
  UtilMacIssue_KLoopChain........................:         0
  UtilMacIssue_UopBufQueue.......................:         0
  UtilMacIssue_LdUopBufQueue.....................:         0
  UtilMacIssue_NoTile............................:     19795
  UtilMacIssue_TileBoundary......................:         0
  UtilMacIssue_Unaccounted.......................:         0
  UtilMacIssue_Reconcile.........................:      0.00
  UtilMacIssue_L0InFlight_A......................:         0
  UtilMacIssue_L0InFlight_B......................:         0
  UtilMacIssue_L0InFlight_C......................:         0
  UtilMacIssue_L0InFlight_Other..................:         0
  UtilMacIssue_L0Split_Reconcile.................:      0.00
  UtilMacStageOcc................................:         0
  RenameAllocAFailCycles.........................:         0
  RenameAllocBFailCycles.........................:         0
  RenameFifoFullCycles...........................:         0
  UtilMacStageIdle...............................:         0
  UtilMacStage_Reconcile.........................:      0.00
  UtilMacFillWeightedUtil........................:      0.00
  UtilMacShadow_CwaitCycles......................:         0
  UtilMacShadow_L0WithCwait......................:         0
  UtilMacStageIdleByCause_Reconcile..............:      0.00
===================CubeCore 1 Statistics====================
Cube Total Cycles................................:     19795
Cube MAC Exec Occupancy..........................:         0    0.00%
Cube MAC Utilization.............................:      0.00    0.00%
Cube Logical MAC Count...........................:         0
Cube Equivalent MAC Count........................:      0.00
Cube Equivalent MAC Rate (MAC/cycle).............:      0.00
Cube core workload units (dtype-normalized)......:      0.00
Cube core workload rate (units/cycle)............:0.00000000
Cube Achieved TFLOPS (equivalent MACs, 1.65GHz)..:  0.000000
Cube core exe tileop count.......................:         0
L0A Tag Hits (A resident)........................:         0
L0A Tag Misses (A resident)......................:         0
L0A Tag Flushes (A resident).....................:         0
Cube Uop Generated Count.........................:         0
Cube core retired uop count......................:         0
Cube core total load count.......................:         0
Cube core total store count (CellReg TileC writes):         0
==================InternalAcc Feature PMU===================
internal_acc_entry_alloc_count...................:         0
internal_acc_entry_read_count....................:         0
internal_acc_entry_write_count...................:         0
internal_acc_entry_peak_occupancy................:         0
internal_acc_active_cycles.......................:         0
internal_acc_entry_unavailable_stall_cycles......:         0
internal_acc_entry_lookup_wait_stall_cycles......:         0
internal_acc_entry_not_ready_stall_cycles........:         0
internal_acc_stale_reference_count...............:         0
Cube FP16 Logical MAC Count......................:         0
Cube FP16 Equivalent MAC Count...................:      0.00
Cube FP8 Logical MAC Count.......................:         0
Cube FP8 Equivalent MAC Count....................:      0.00
Cube FP4 Logical MAC Count.......................:         0
Cube FP4 Equivalent MAC Count....................:      0.00
Cube TileOp Occupancy............................:         0    0.00%
Cube Load Outstanding............................:         0    0.00%
Cube FixPipe/Store Occupancy.....................:         0    0.00%
Cube core average acc slot use...................:       N/A
Cube core average l0a entry use..................:       N/A
Cube core average l0b entry use..................:       N/A
Cube core average l0a entry use busy.............:       N/A
Cube core average l0b entry use busy.............:       N/A
Cube core average acc slot use busy..............:       N/A
Cube MAC Range...................................:         0
Cube Load Range..................................:         0
Cube Store Range.................................:         0
Cube Load-MAC Range Overlap......................:         0     N/A
accSlotAllocCount................................:         0
accSlotFreeCount.................................:         0
accSlotPeakInUse.................................:         0
accSlotWaitCount.................................:         0
bandPairMapPeakSize..............................:         0
bandPairMapFinalSize.............................:         0
batchDistributeCount.............................:         0
batchFallbackCount...............................:         0
m0TileCReadCount.................................:         0
m1TileCReadCount.................................:         0
tileCReadRequestCount............................:         0
tileCReadBytes...................................:         0
batchMissedDistributeCount.......................:         0
uniqueTileCSourceAddresses.......................:         0
Cube core exe uop count..........................:         0
Cube core retired uop count......................:         0
Cube core total load count.......................:         0
Cube core total store count (CellReg TileC writes):         0
  |--CellReg Load Count..........................:         0
    |--CellReg TileA Count.......................:         0
    |--CellReg TileB Count.......................:         0
    |--CellReg TileC Count.......................:         0
    |--CellReg LeftScale Count...................:         0
    |--CellReg RightScale Count..................:         0
  |--CellReg Load Bytes..........................:         0
    |--CellReg TileA Bytes.......................:         0
    |--CellReg TileB Bytes.......................:         0
    |--CellReg TileC Bytes.......................:         0
    |--CellReg LeftScale Bytes...................:         0
    |--CellReg RightScale Bytes..................:         0
  |--CellReg Store Count.........................:         0
    |--CellReg TileC Count.......................:         0
  |--CellReg Store Bytes.........................:         0
    |--CellReg TileC Bytes.......................:         0
  |--ShareTReg Load Count........................:         0
    |--ShareTReg TileA Count.....................:         0
    |--ShareTReg TileB Count.....................:         0
  |--ShareTReg Load Bytes........................:         0
    |--ShareTReg TileA Bytes.....................:         0
    |--ShareTReg TileB Bytes.....................:         0
  |--Exp CellReg Load Count......................:         0
    |--Exp CellReg TileA Count...................:         0
    |--Exp CellReg TileB Count...................:         0
    |--Exp CellReg TileC Count...................:         0
    |--Exp CellReg LeftScale Count...............:         0
    |--Exp CellReg RightScale Count..............:         0
  |--Exp CellReg Load Delta......................:      0.00
  |--Exp CellReg Store Count.....................:         0
  |--Exp CellReg Store Delta.....................:      0.00
  |--Exp ShareTReg Load Count....................:         0
  |--Exp ShareTReg Load Cache Skip...............:         0
  |--Exp ShareTReg Load Delta....................:      0.00
Cube core cannot pick main chain uop ratio.......:         0     N/A
Cube core pick cub chain uop ratio...............:         0     N/A
Cube busy cycle..................................:         0
Cube core mmad busy cycle........................:         0     N/A
Cube core load busy cycle........................:         0     N/A
Cube core store busy cycle.......................:         0     N/A
  UtilMacW (array exec)..........................:         0
    |--UtilMacWMad (systolic MAC phase)..........:         0
    |--UtilMacWRamp (staging/fill-drain).........:         0
  UtilMacO (operand in-flight)...................:         0
  UtilMacA (exec/writeback struct)...............:         0
  UtilMacD (dependency chain)....................:         0
  UtilMacI (issue/rename struct).................:         0
  UtilMacS (no tile).............................:     19795
  UtilMacUnaccounted.............................:         0
  UtilMacCycles..................................:     19795
    |--UtilMacSub_O_L0InFlight...................:         0
    |--UtilMacSub_O_ScaleInFlight................:         0
    |--UtilMacSub_O_LoadPath.....................:         0
    |--UtilMacSub_O_LdUopBuf.....................:         0
    |--UtilMacSub_A_AllocBackpressure............:         0
    |--UtilMacSub_A_StoreInFlight................:         0
    |--UtilMacSub_A_FixPipeAnnounce..............:         0
    |--UtilMacSub_A_UopBufQueue..................:         0
    |--UtilMacSub_A_TileBoundary.................:         0
    |--UtilMacSub_A_AccPoolFull..................:         0
    |--UtilMacSub_A_AccEntryRelease..............:         0
    |--UtilMacSub_D_KLoopChain...................:         0
    |--UtilMacSub_D_AccEntryNotReady.............:         0
    |--UtilMacSubO_Reconcile.....................:      0.00
    |--UtilMacSubA_Reconcile.....................:      0.00
    |--UtilMacSubD_Reconcile.....................:      0.00
    |--UtilMacSub_O_L0InFlight_A.................:         0
    |--UtilMacSub_O_L0InFlight_B.................:         0
    |--UtilMacSub_O_L0InFlight_C.................:         0
    |--UtilMacSub_O_L0InFlight_Other.............:         0
    |--UtilMacSubO_L0Split_Reconcile.............:      0.00
  UtilMacIssue_Issued............................:         0
  UtilMacIssue_CStreamWait.......................:         0
  UtilMacIssue_L0InFlight........................:         0
  UtilMacIssue_ScaleInFlight.....................:         0
  UtilMacIssue_AllocBackpressure.................:         0
  UtilMacIssue_KLoopChain........................:         0
  UtilMacIssue_UopBufQueue.......................:         0
  UtilMacIssue_LdUopBufQueue.....................:         0
  UtilMacIssue_NoTile............................:     19795
  UtilMacIssue_TileBoundary......................:         0
  UtilMacIssue_Unaccounted.......................:         0
  UtilMacIssue_Reconcile.........................:      0.00
  UtilMacIssue_L0InFlight_A......................:         0
  UtilMacIssue_L0InFlight_B......................:         0
  UtilMacIssue_L0InFlight_C......................:         0
  UtilMacIssue_L0InFlight_Other..................:         0
  UtilMacIssue_L0Split_Reconcile.................:      0.00
  UtilMacStageOcc................................:         0
  RenameAllocAFailCycles.........................:         0
  RenameAllocBFailCycles.........................:         0
  RenameFifoFullCycles...........................:         0
  UtilMacStageIdle...............................:         0
  UtilMacStage_Reconcile.........................:      0.00
  UtilMacFillWeightedUtil........................:      0.00
  UtilMacShadow_CwaitCycles......................:         0
  UtilMacShadow_L0WithCwait......................:         0
  UtilMacStageIdleByCause_Reconcile..............:      0.00
===================CubeCore 2 Statistics====================
Cube Total Cycles................................:     19795
Cube MAC Exec Occupancy..........................:         0    0.00%
Cube MAC Utilization.............................:      0.00    0.00%
Cube Logical MAC Count...........................:         0
Cube Equivalent MAC Count........................:      0.00
Cube Equivalent MAC Rate (MAC/cycle).............:      0.00
Cube core workload units (dtype-normalized)......:      0.00
Cube core workload rate (units/cycle)............:0.00000000
Cube Achieved TFLOPS (equivalent MACs, 1.65GHz)..:  0.000000
Cube core exe tileop count.......................:         0
L0A Tag Hits (A resident)........................:         0
L0A Tag Misses (A resident)......................:         0
L0A Tag Flushes (A resident).....................:         0
Cube Uop Generated Count.........................:         0
Cube core retired uop count......................:         0
Cube core total load count.......................:         0
Cube core total store count (CellReg TileC writes):         0
==================InternalAcc Feature PMU===================
internal_acc_entry_alloc_count...................:         0
internal_acc_entry_read_count....................:         0
internal_acc_entry_write_count...................:         0
internal_acc_entry_peak_occupancy................:         0
internal_acc_active_cycles.......................:         0
internal_acc_entry_unavailable_stall_cycles......:         0
internal_acc_entry_lookup_wait_stall_cycles......:         0
internal_acc_entry_not_ready_stall_cycles........:         0
internal_acc_stale_reference_count...............:         0
Cube FP16 Logical MAC Count......................:         0
Cube FP16 Equivalent MAC Count...................:      0.00
Cube FP8 Logical MAC Count.......................:         0
Cube FP8 Equivalent MAC Count....................:      0.00
Cube FP4 Logical MAC Count.......................:         0
Cube FP4 Equivalent MAC Count....................:      0.00
Cube TileOp Occupancy............................:         0    0.00%
Cube Load Outstanding............................:         0    0.00%
Cube FixPipe/Store Occupancy.....................:         0    0.00%
Cube core average acc slot use...................:       N/A
Cube core average l0a entry use..................:       N/A
Cube core average l0b entry use..................:       N/A
Cube core average l0a entry use busy.............:       N/A
Cube core average l0b entry use busy.............:       N/A
Cube core average acc slot use busy..............:       N/A
Cube MAC Range...................................:         0
Cube Load Range..................................:         0
Cube Store Range.................................:         0
Cube Load-MAC Range Overlap......................:         0     N/A
accSlotAllocCount................................:         0
accSlotFreeCount.................................:         0
accSlotPeakInUse.................................:         0
accSlotWaitCount.................................:         0
bandPairMapPeakSize..............................:         0
bandPairMapFinalSize.............................:         0
batchDistributeCount.............................:         0
batchFallbackCount...............................:         0
m0TileCReadCount.................................:         0
m1TileCReadCount.................................:         0
tileCReadRequestCount............................:         0
tileCReadBytes...................................:         0
batchMissedDistributeCount.......................:         0
uniqueTileCSourceAddresses.......................:         0
Cube core exe uop count..........................:         0
Cube core retired uop count......................:         0
Cube core total load count.......................:         0
Cube core total store count (CellReg TileC writes):         0
  |--CellReg Load Count..........................:         0
    |--CellReg TileA Count.......................:         0
    |--CellReg TileB Count.......................:         0
    |--CellReg TileC Count.......................:         0
    |--CellReg LeftScale Count...................:         0
    |--CellReg RightScale Count..................:         0
  |--CellReg Load Bytes..........................:         0
    |--CellReg TileA Bytes.......................:         0
    |--CellReg TileB Bytes.......................:         0
    |--CellReg TileC Bytes.......................:         0
    |--CellReg LeftScale Bytes...................:         0
    |--CellReg RightScale Bytes..................:         0
  |--CellReg Store Count.........................:         0
    |--CellReg TileC Count.......................:         0
  |--CellReg Store Bytes.........................:         0
    |--CellReg TileC Bytes.......................:         0
  |--ShareTReg Load Count........................:         0
    |--ShareTReg TileA Count.....................:         0
    |--ShareTReg TileB Count.....................:         0
  |--ShareTReg Load Bytes........................:         0
    |--ShareTReg TileA Bytes.....................:         0
    |--ShareTReg TileB Bytes.....................:         0
  |--Exp CellReg Load Count......................:         0
    |--Exp CellReg TileA Count...................:         0
    |--Exp CellReg TileB Count...................:         0
    |--Exp CellReg TileC Count...................:         0
    |--Exp CellReg LeftScale Count...............:         0
    |--Exp CellReg RightScale Count..............:         0
  |--Exp CellReg Load Delta......................:      0.00
  |--Exp CellReg Store Count.....................:         0
  |--Exp CellReg Store Delta.....................:      0.00
  |--Exp ShareTReg Load Count....................:         0
  |--Exp ShareTReg Load Cache Skip...............:         0
  |--Exp ShareTReg Load Delta....................:      0.00
Cube core cannot pick main chain uop ratio.......:         0     N/A
Cube core pick cub chain uop ratio...............:         0     N/A
Cube busy cycle..................................:         0
Cube core mmad busy cycle........................:         0     N/A
Cube core load busy cycle........................:         0     N/A
Cube core store busy cycle.......................:         0     N/A
  UtilMacW (array exec)..........................:         0
    |--UtilMacWMad (systolic MAC phase)..........:         0
    |--UtilMacWRamp (staging/fill-drain).........:         0
  UtilMacO (operand in-flight)...................:         0
  UtilMacA (exec/writeback struct)...............:         0
  UtilMacD (dependency chain)....................:         0
  UtilMacI (issue/rename struct).................:         0
  UtilMacS (no tile).............................:     19795
  UtilMacUnaccounted.............................:         0
  UtilMacCycles..................................:     19795
    |--UtilMacSub_O_L0InFlight...................:         0
    |--UtilMacSub_O_ScaleInFlight................:         0
    |--UtilMacSub_O_LoadPath.....................:         0
    |--UtilMacSub_O_LdUopBuf.....................:         0
    |--UtilMacSub_A_AllocBackpressure............:         0
    |--UtilMacSub_A_StoreInFlight................:         0
    |--UtilMacSub_A_FixPipeAnnounce..............:         0
    |--UtilMacSub_A_UopBufQueue..................:         0
    |--UtilMacSub_A_TileBoundary.................:         0
    |--UtilMacSub_A_AccPoolFull..................:         0
    |--UtilMacSub_A_AccEntryRelease..............:         0
    |--UtilMacSub_D_KLoopChain...................:         0
    |--UtilMacSub_D_AccEntryNotReady.............:         0
    |--UtilMacSubO_Reconcile.....................:      0.00
    |--UtilMacSubA_Reconcile.....................:      0.00
    |--UtilMacSubD_Reconcile.....................:      0.00
    |--UtilMacSub_O_L0InFlight_A.................:         0
    |--UtilMacSub_O_L0InFlight_B.................:         0
    |--UtilMacSub_O_L0InFlight_C.................:         0
    |--UtilMacSub_O_L0InFlight_Other.............:         0
    |--UtilMacSubO_L0Split_Reconcile.............:      0.00
  UtilMacIssue_Issued............................:         0
  UtilMacIssue_CStreamWait.......................:         0
  UtilMacIssue_L0InFlight........................:         0
  UtilMacIssue_ScaleInFlight.....................:         0
  UtilMacIssue_AllocBackpressure.................:         0
  UtilMacIssue_KLoopChain........................:         0
  UtilMacIssue_UopBufQueue.......................:         0
  UtilMacIssue_LdUopBufQueue.....................:         0
  UtilMacIssue_NoTile............................:     19795
  UtilMacIssue_TileBoundary......................:         0
  UtilMacIssue_Unaccounted.......................:         0
  UtilMacIssue_Reconcile.........................:      0.00
  UtilMacIssue_L0InFlight_A......................:         0
  UtilMacIssue_L0InFlight_B......................:         0
  UtilMacIssue_L0InFlight_C......................:         0
  UtilMacIssue_L0InFlight_Other..................:         0
  UtilMacIssue_L0Split_Reconcile.................:      0.00
  UtilMacStageOcc................................:         0
  RenameAllocAFailCycles.........................:         0
  RenameAllocBFailCycles.........................:         0
  RenameFifoFullCycles...........................:         0
  UtilMacStageIdle...............................:         0
  UtilMacStage_Reconcile.........................:      0.00
  UtilMacFillWeightedUtil........................:      0.00
  UtilMacShadow_CwaitCycles......................:         0
  UtilMacShadow_L0WithCwait......................:         0
  UtilMacStageIdleByCause_Reconcile..............:      0.00
===================CubeCore 3 Statistics====================
Cube Total Cycles................................:     19795
Cube MAC Exec Occupancy..........................:         0    0.00%
Cube MAC Utilization.............................:      0.00    0.00%
Cube Logical MAC Count...........................:         0
Cube Equivalent MAC Count........................:      0.00
Cube Equivalent MAC Rate (MAC/cycle).............:      0.00
Cube core workload units (dtype-normalized)......:      0.00
Cube core workload rate (units/cycle)............:0.00000000
Cube Achieved TFLOPS (equivalent MACs, 1.65GHz)..:  0.000000
Cube core exe tileop count.......................:         0
L0A Tag Hits (A resident)........................:         0
L0A Tag Misses (A resident)......................:         0
L0A Tag Flushes (A resident).....................:         0
Cube Uop Generated Count.........................:         0
Cube core retired uop count......................:         0
Cube core total load count.......................:         0
Cube core total store count (CellReg TileC writes):         0
==================InternalAcc Feature PMU===================
internal_acc_entry_alloc_count...................:         0
internal_acc_entry_read_count....................:         0
internal_acc_entry_write_count...................:         0
internal_acc_entry_peak_occupancy................:         0
internal_acc_active_cycles.......................:         0
internal_acc_entry_unavailable_stall_cycles......:         0
internal_acc_entry_lookup_wait_stall_cycles......:         0
internal_acc_entry_not_ready_stall_cycles........:         0
internal_acc_stale_reference_count...............:         0
Cube FP16 Logical MAC Count......................:         0
Cube FP16 Equivalent MAC Count...................:      0.00
Cube FP8 Logical MAC Count.......................:         0
Cube FP8 Equivalent MAC Count....................:      0.00
Cube FP4 Logical MAC Count.......................:         0
Cube FP4 Equivalent MAC Count....................:      0.00
Cube TileOp Occupancy............................:         0    0.00%
Cube Load Outstanding............................:         0    0.00%
Cube FixPipe/Store Occupancy.....................:         0    0.00%
Cube core average acc slot use...................:       N/A
Cube core average l0a entry use..................:       N/A
Cube core average l0b entry use..................:       N/A
Cube core average l0a entry use busy.............:       N/A
Cube core average l0b entry use busy.............:       N/A
Cube core average acc slot use busy..............:       N/A
Cube MAC Range...................................:         0
Cube Load Range..................................:         0
Cube Store Range.................................:         0
Cube Load-MAC Range Overlap......................:         0     N/A
accSlotAllocCount................................:         0
accSlotFreeCount.................................:         0
accSlotPeakInUse.................................:         0
accSlotWaitCount.................................:         0
bandPairMapPeakSize..............................:         0
bandPairMapFinalSize.............................:         0
batchDistributeCount.............................:         0
batchFallbackCount...............................:         0
m0TileCReadCount.................................:         0
m1TileCReadCount.................................:         0
tileCReadRequestCount............................:         0
tileCReadBytes...................................:         0
batchMissedDistributeCount.......................:         0
uniqueTileCSourceAddresses.......................:         0
Cube core exe uop count..........................:         0
Cube core retired uop count......................:         0
Cube core total load count.......................:         0
Cube core total store count (CellReg TileC writes):         0
  |--CellReg Load Count..........................:         0
    |--CellReg TileA Count.......................:         0
    |--CellReg TileB Count.......................:         0
    |--CellReg TileC Count.......................:         0
    |--CellReg LeftScale Count...................:         0
    |--CellReg RightScale Count..................:         0
  |--CellReg Load Bytes..........................:         0
    |--CellReg TileA Bytes.......................:         0
    |--CellReg TileB Bytes.......................:         0
    |--CellReg TileC Bytes.......................:         0
    |--CellReg LeftScale Bytes...................:         0
    |--CellReg RightScale Bytes..................:         0
  |--CellReg Store Count.........................:         0
    |--CellReg TileC Count.......................:         0
  |--CellReg Store Bytes.........................:         0
    |--CellReg TileC Bytes.......................:         0
  |--ShareTReg Load Count........................:         0
    |--ShareTReg TileA Count.....................:         0
    |--ShareTReg TileB Count.....................:         0
  |--ShareTReg Load Bytes........................:         0
    |--ShareTReg TileA Bytes.....................:         0
    |--ShareTReg TileB Bytes.....................:         0
  |--Exp CellReg Load Count......................:         0
    |--Exp CellReg TileA Count...................:         0
    |--Exp CellReg TileB Count...................:         0
    |--Exp CellReg TileC Count...................:         0
    |--Exp CellReg LeftScale Count...............:         0
    |--Exp CellReg RightScale Count..............:         0
  |--Exp CellReg Load Delta......................:      0.00
  |--Exp CellReg Store Count.....................:         0
  |--Exp CellReg Store Delta.....................:      0.00
  |--Exp ShareTReg Load Count....................:         0
  |--Exp ShareTReg Load Cache Skip...............:         0
  |--Exp ShareTReg Load Delta....................:      0.00
Cube core cannot pick main chain uop ratio.......:         0     N/A
Cube core pick cub chain uop ratio...............:         0     N/A
Cube busy cycle..................................:         0
Cube core mmad busy cycle........................:         0     N/A
Cube core load busy cycle........................:         0     N/A
Cube core store busy cycle.......................:         0     N/A
  UtilMacW (array exec)..........................:         0
    |--UtilMacWMad (systolic MAC phase)..........:         0
    |--UtilMacWRamp (staging/fill-drain).........:         0
  UtilMacO (operand in-flight)...................:         0
  UtilMacA (exec/writeback struct)...............:         0
  UtilMacD (dependency chain)....................:         0
  UtilMacI (issue/rename struct).................:         0
  UtilMacS (no tile).............................:     19795
  UtilMacUnaccounted.............................:         0
  UtilMacCycles..................................:     19795
    |--UtilMacSub_O_L0InFlight...................:         0
    |--UtilMacSub_O_ScaleInFlight................:         0
    |--UtilMacSub_O_LoadPath.....................:         0
    |--UtilMacSub_O_LdUopBuf.....................:         0
    |--UtilMacSub_A_AllocBackpressure............:         0
    |--UtilMacSub_A_StoreInFlight................:         0
    |--UtilMacSub_A_FixPipeAnnounce..............:         0
    |--UtilMacSub_A_UopBufQueue..................:         0
    |--UtilMacSub_A_TileBoundary.................:         0
    |--UtilMacSub_A_AccPoolFull..................:         0
    |--UtilMacSub_A_AccEntryRelease..............:         0
    |--UtilMacSub_D_KLoopChain...................:         0
    |--UtilMacSub_D_AccEntryNotReady.............:         0
    |--UtilMacSubO_Reconcile.....................:      0.00
    |--UtilMacSubA_Reconcile.....................:      0.00
    |--UtilMacSubD_Reconcile.....................:      0.00
    |--UtilMacSub_O_L0InFlight_A.................:         0
    |--UtilMacSub_O_L0InFlight_B.................:         0
    |--UtilMacSub_O_L0InFlight_C.................:         0
    |--UtilMacSub_O_L0InFlight_Other.............:         0
    |--UtilMacSubO_L0Split_Reconcile.............:      0.00
  UtilMacIssue_Issued............................:         0
  UtilMacIssue_CStreamWait.......................:         0
  UtilMacIssue_L0InFlight........................:         0
  UtilMacIssue_ScaleInFlight.....................:         0
  UtilMacIssue_AllocBackpressure.................:         0
  UtilMacIssue_KLoopChain........................:         0
  UtilMacIssue_UopBufQueue.......................:         0
  UtilMacIssue_LdUopBufQueue.....................:         0
  UtilMacIssue_NoTile............................:     19795
  UtilMacIssue_TileBoundary......................:         0
  UtilMacIssue_Unaccounted.......................:         0
  UtilMacIssue_Reconcile.........................:      0.00
  UtilMacIssue_L0InFlight_A......................:         0
  UtilMacIssue_L0InFlight_B......................:         0
  UtilMacIssue_L0InFlight_C......................:         0
  UtilMacIssue_L0InFlight_Other..................:         0
  UtilMacIssue_L0Split_Reconcile.................:      0.00
  UtilMacStageOcc................................:         0
  RenameAllocAFailCycles.........................:         0
  RenameAllocBFailCycles.........................:         0
  RenameFifoFullCycles...........................:         0
  UtilMacStageIdle...............................:         0
  UtilMacStage_Reconcile.........................:      0.00
  UtilMacFillWeightedUtil........................:      0.00
  UtilMacShadow_CwaitCycles......................:         0
  UtilMacShadow_L0WithCwait......................:         0
  UtilMacStageIdleByCause_Reconcile..............:      0.00
=============== TLSU tile-store STQ residency peId=0 ===============
  resident entry-cycles ....................: 55341
  |-- addr/interval not resolved ...........: 0  (0.00%)
  |-- tile data (rename) not ready .........: 34987  (63.22%)
  |-- BLOCKED BY NON-FLUSH POINTER .........: 4067  (7.35%)
  |-- older store still in STQ .............: 15928  (28.78%)
  |-- SCB full ............................: 0  (0.00%)
  store_issue=3464 scb_enter=3464 stq_peak=73 scb_peak=44
  private_l1_handoff: fragments=3105 acks=3105 wait_entry_cycles=3105 balanced=yes
  invariants: stq_conservation=OK (created=3118 destroyed=3118) a3_tile_violation=0 scb_flush_hit=0 scb_waw_scalar=0 scb_waw_tile=0 nuke=7
=============== TLOAD Sub-path peId=0 ===============
  occupancy entry-cycles ..................: 87078 (26.03%)
  issue events ............................: 6931
=============== TSTORE Sub-path peId=0 ===============
  occupancy entry-cycles ..................: 247479 (73.97%)
  issue events ............................: 3464
=============== TMOV Sub-path peId=0 ===============
  occupancy entry-cycles ..................: 0 (0.00%)
  issue events ............................: 0
========================Streaming L2========================
l2_tr_read_sent..................................:      1208
l2_tr_read_response..............................:      1208
l2_tr_read_wait_cycles...........................:      6272
l2_tr_read_queue_full_cycles.....................:         0
l2_tr_write_sent.................................:       490
l2_tr_write_response.............................:       490
l2_tr_write_wait_cycles..........................:      3004
l2_tr_write_queue_full_cycles....................:         0
l2_rwdb_entry_full_cycles........................:        11
l2_prior_read_raw_renames........................:         0
l2_starvation_bypass_cycles......................:         0
=====================Retired block Type=====================
Retired Block Num................................:      9014
  |--Retired STD Block Num.......................:      5241
  |--Retired PARALLEL Block Num..................:      1853
    |--Retired CUBE Block Num....................:         0    0.00%
    |--Retired VCALL Block Num...................:      1196   64.54%
    |--Retired TLSU Block Num....................:       657   35.46%
  |--Retired SYS Block Num.......................:         0
  |--Retired FP Block Num........................:      1920
  |--Retired OTHER Block Num.....................:         0
==================Retired Template Opcode===================
FENTRY...........................................:        29
FEXIT............................................:         0
FRET.............................................:        29
MEMSET...........................................:         1
MEMCOPY..........................................:         0
Retired Instruction Number.......................:     64745
  |--Retired Scalar Inst Number..................:     64745
  |--Retired Vec Inst Number.....................:         0
Retired Cube TileOp Number.......................:         0
Blocks Per Cycle.................................:  0.455368
IPC..............................................:  3.270775
Average BROB occupancy...........................:    108.40
  |--STID0 Average BROB occupancy................: 22.974893
  |--STID1 Average BROB occupancy................: 32.144228
  |--STID2 Average BROB occupancy................: 28.832533
  |--STID3 Average BROB occupancy................: 24.448143
Effective window size............................:    146.59
MPKB.............................................:     59.86
MPKI.............................................:      8.25
Simulation speed (Kilo Insts Per Second).........:      5.57
Discontinuous BPC Count..........................:      5008
Average Continuous BPC Length....................:  1.799920
Average fetch minsts/header per cycle............:     12.15
==========Block Control Detail Stats(Tile rename)===========
Tile capacity sample cycles......................:     19795
Tile virtual tag capacity T/U/M/N (all threads)..:      4096
Tile virtual peak live tags T/U/M/N (all threads):       409
Tile physical CellReg capacity per PE(B).........:    262144
Tile physical CellReg capacity all PEs(B)........:   1048576
Tile lazy physical allocation enabled............:         0
Tile TLOAD first-data-ready bind enabled.........:         0
Tile physical bind requests......................:         0
Tile physical bind grants........................:         0
Tile physical bind failures......................:         0
Tile rename-to-bind average cycles...............:       N/A
Tile average virtual-only live tags..............:      0.00
Tile stale cell wakeup events....................:         0
Tile register average tag num....................:    213.00
  |--T...........................................:     60.13
  |--U...........................................:     58.44
  |--M...........................................:     47.86
  |--N...........................................:     46.58
  |--ACC.........................................:      0.00
  |--STK.........................................:      0.00
  |--DEP.........................................:      0.00
  |--MCALL_GPR...................................:      0.00
  |--MCALL_STK...................................:      0.00
Tile virtual average requested bytes (all threads):  97039.53
Tile virtual sum of per-hand peak requested bytes:     61824
Tile virtual simultaneous peak requested bytes (all threads):    186752
Tile physical simultaneous peak occupied bytes (all PEs):    105472
Tile physical simultaneous peak occupied cells (all PEs):       824
  |--T virtual requested bytes...................:  23082.25
  |--T virtual peak requested bytes..............:     16896
  |--U virtual requested bytes...................:  23277.47
  |--U virtual peak requested bytes..............:     17152
  |--M virtual requested bytes...................:  24219.40
  |--M virtual peak requested bytes..............:     16384
  |--N virtual requested bytes...................:  26460.40
  |--N virtual peak requested bytes..............:     11392
  |--ACC virtual requested bytes.................:      0.00
  |--ACC virtual peak requested bytes............:         0
  |--STK virtual requested bytes.................:      0.00
  |--STK virtual peak requested bytes............:         0
  |--DEP virtual requested bytes.................:      0.00
  |--DEP virtual peak requested bytes............:         0
  |--MCALL_GPR virtual requested bytes...........:      0.00
  |--MCALL_GPR virtual peak requested bytes......:         0
  |--MCALL_STK virtual requested bytes...........:      0.00
  |--MCALL_STK virtual peak requested bytes......:         0
Tile register average occupied bytes (all threads):  19373.64
Tile register average utilization (%)............:    1.8476
  |--T occupied bytes............................:      3072   15.86%
  |--U occupied bytes............................:     14323   73.93%
  |--M occupied bytes............................:      1253    6.47%
  |--N occupied bytes............................:       724    3.74%
  |--ACC occupied bytes..........................:         0    0.00%
  |--STK occupied bytes..........................:         0    0.00%
  |--DEP occupied bytes..........................:         0    0.00%
  |--MCALL_GPR occupied bytes....................:         0    0.00%
  |--MCALL_STK occupied bytes....................:         0    0.00%
Tile physical configured hand size of T..........:     65536
  |-- physical peak utilization..................:      7680   11.72%
Tile physical configured hand size of U..........:     65536
  |-- physical peak utilization..................:     14976   22.85%
Tile physical configured hand size of M..........:     65536
  |-- physical peak utilization..................:      8448   12.89%
Tile physical configured hand size of N..........:     65536
  |-- physical peak utilization..................:      8320   12.70%
STID0 TileReg average occupied bytes.............:   5042.47
STID0 TileReg average utilization (%)............:    1.9235
STID0 virtual Tile average requested bytes.......:  24499.06
STID0 virtual Tile peak requested bytes..........:     48256
STID0 physical Tile peak occupied bytes..........:     31744
STID1 TileReg average occupied bytes.............:   4869.01
STID1 TileReg average utilization (%)............:    1.8574
STID1 virtual Tile average requested bytes.......:  24173.67
STID1 virtual Tile peak requested bytes..........:     46848
STID1 physical Tile peak occupied bytes..........:     31872
STID2 TileReg average occupied bytes.............:   4866.97
STID2 TileReg average utilization (%)............:    1.8566
STID2 virtual Tile average requested bytes.......:  24372.12
STID2 virtual Tile peak requested bytes..........:     51584
STID2 physical Tile peak occupied bytes..........:     32128
STID3 TileReg average occupied bytes.............:   4595.19
STID3 TileReg average utilization (%)............:    1.7529
STID3 virtual Tile average requested bytes.......:  23994.67
STID3 virtual Tile peak requested bytes..........:     52224
STID3 physical Tile peak occupied bytes..........:     32128
Tile size-class allocator enabled................:         1
Tile allocator unit size(B)......................:       128
Tile allocator requests..........................:      1407
Tile allocator failures..........................:         0
Tile allocator successful requested units........:      5020
Tile allocator granted units.....................:      5020
Tile allocator class waste units.................:         0
Tile allocator split events......................:       991
Tile allocator merge events......................:       989
Tile allocator sum of per-thread peak(B).........:    127872
==============Block Control Stall Stats Total===============
BRob Full Stall..................................:         0
RENAME Stall.....................................:         0
Block Rename Get Stall...........................:         0
Block Rename Set Stall...........................:         0
BIsq Full Stall .................................:         0
TileReg Full Stall ..............................:         0
============Block Control Stall Stats SThread 0=============
BRob Full Stall..................................:         0
RENAME Stall.....................................:         0
Block Rename Get Stall...........................:         0
Block Rename Set Stall...........................:         0
BIsq Full Stall .................................:         0
TileReg Full Stall ..............................:         0
InternalAcc Credit Wait..........................:         0
internal_acc_chain_allocated.....................:         0
internal_acc_chain_completed.....................:         0
internal_acc_chain_flush_released................:         0
internal_acc_block_head..........................:         0
internal_acc_block_mid...........................:         0
internal_acc_block_tail..........................:         0
internal_acc_chain_order_wait_stall_cycles.......:         0
internal_acc_dispatch_queue_full_wait_cycles.....:         0
============Block Control Stall Stats SThread 1=============
BRob Full Stall..................................:         0
RENAME Stall.....................................:         0
Block Rename Get Stall...........................:         0
Block Rename Set Stall...........................:         0
BIsq Full Stall .................................:         0
TileReg Full Stall ..............................:         0
InternalAcc Credit Wait..........................:         0
internal_acc_chain_allocated.....................:         0
internal_acc_chain_completed.....................:         0
internal_acc_chain_flush_released................:         0
internal_acc_block_head..........................:         0
internal_acc_block_mid...........................:         0
internal_acc_block_tail..........................:         0
internal_acc_chain_order_wait_stall_cycles.......:         0
internal_acc_dispatch_queue_full_wait_cycles.....:         0
============Block Control Stall Stats SThread 2=============
BRob Full Stall..................................:         0
RENAME Stall.....................................:         0
Block Rename Get Stall...........................:         0
Block Rename Set Stall...........................:         0
BIsq Full Stall .................................:         0
TileReg Full Stall ..............................:         0
InternalAcc Credit Wait..........................:         0
internal_acc_chain_allocated.....................:         0
internal_acc_chain_completed.....................:         0
internal_acc_chain_flush_released................:         0
internal_acc_block_head..........................:         0
internal_acc_block_mid...........................:         0
internal_acc_block_tail..........................:         0
internal_acc_chain_order_wait_stall_cycles.......:         0
internal_acc_dispatch_queue_full_wait_cycles.....:         0
============Block Control Stall Stats SThread 3=============
BRob Full Stall..................................:         0
RENAME Stall.....................................:         0
Block Rename Get Stall...........................:         0
Block Rename Set Stall...........................:         0
BIsq Full Stall .................................:         0
TileReg Full Stall ..............................:         0
InternalAcc Credit Wait..........................:         0
internal_acc_chain_allocated.....................:         0
internal_acc_chain_completed.....................:         0
internal_acc_chain_flush_released................:         0
internal_acc_block_head..........................:         0
internal_acc_block_mid...........................:         0
internal_acc_block_tail..........................:         0
internal_acc_chain_order_wait_stall_cycles.......:         0
internal_acc_dispatch_queue_full_wait_cycles.....:         0
============CtlStack (BISQ park head, per-stid)=============
  CtlStackG_S0...................................:      3318
  CtlStackBIQFull_S0.............................:         0
  CtlStackPortBudget_S0..........................:         0
  CtlStackCellRename_S0..........................:         0
  CtlStackGroupGate_S0...........................:         0
  CtlStackTlsuBusy_S0............................:         0
  CtlStackPeCluster_S0...........................:         0
  CtlStackEmpty_S0...............................:     16477
  CtlStackUnaccounted_S0.........................:         0
  CtlStackSyscallGate_S0.........................:         0
  CtlStackResidual_S0............................:         0
  CtlStackG_S1...................................:      3038
  CtlStackBIQFull_S1.............................:         0
  CtlStackPortBudget_S1..........................:         0
  CtlStackCellRename_S1..........................:         0
  CtlStackGroupGate_S1...........................:         0
  CtlStackTlsuBusy_S1............................:         0
  CtlStackPeCluster_S1...........................:         0
  CtlStackEmpty_S1...............................:     16757
  CtlStackUnaccounted_S1.........................:         0
  CtlStackSyscallGate_S1.........................:         0
  CtlStackResidual_S1............................:         0
  CtlStackG_S2...................................:      3038
  CtlStackBIQFull_S2.............................:         0
  CtlStackPortBudget_S2..........................:         0
  CtlStackCellRename_S2..........................:         0
  CtlStackGroupGate_S2...........................:         0
  CtlStackTlsuBusy_S2............................:         0
  CtlStackPeCluster_S2...........................:         0
  CtlStackEmpty_S2...............................:     16757
  CtlStackUnaccounted_S2.........................:         0
  CtlStackSyscallGate_S2.........................:         0
  CtlStackResidual_S2............................:         0
  CtlStackG_S3...................................:      3116
  CtlStackBIQFull_S3.............................:         0
  CtlStackPortBudget_S3..........................:         0
  CtlStackCellRename_S3..........................:         0
  CtlStackGroupGate_S3...........................:         0
  CtlStackTlsuBusy_S3............................:         0
  CtlStackPeCluster_S3...........................:         0
  CtlStackEmpty_S3...............................:     16679
  CtlStackUnaccounted_S3.........................:         0
  CtlStackSyscallGate_S3.........................:         0
  CtlStackResidual_S3............................:         0
==============CtlStack0 (fetch slot, per-stid)==============
  CtlStack0G0_S0.................................:      3318
  CtlStack0Empty0_S0.............................:     16477
  CtlStack0Held0_S0..............................:         0
  CtlStack0Residual_S0...........................:         0
  CtlStack0G0_S1.................................:      3038
  CtlStack0Empty0_S1.............................:     16757
  CtlStack0Held0_S1..............................:         0
  CtlStack0Residual_S1...........................:         0
  CtlStack0G0_S2.................................:      3038
  CtlStack0Empty0_S2.............................:     16757
  CtlStack0Held0_S2..............................:         0
  CtlStack0Residual_S2...........................:         0
  CtlStack0G0_S3.................................:      3116
  CtlStack0Empty0_S3.............................:     16679
  CtlStack0Held0_S3..............................:         0
  CtlStack0Residual_S3...........................:         0
==============CtlStack2 (BIQ dispatch, per-IQ)==============
  CtlStack2G_CUBE................................:         0
  CtlStack2Empty_CUBE............................:     19795
  CtlStack2ReadyWait_CUBE........................:         0
  CtlStack2DispQFull_CUBE........................:         0
  CtlStack2Unaccounted_CUBE......................:         0
  CtlStack2Residual_CUBE.........................:         0
  CtlStack2G_VEC_PE0.............................:       316
  CtlStack2Empty_VEC_PE0.........................:     13578
  CtlStack2ReadyWait_VEC_PE0.....................:      5901
  CtlStack2DispQFull_VEC_PE0.....................:         0
  CtlStack2Unaccounted_VEC_PE0...................:         0
  CtlStack2Residual_VEC_PE0......................:         0
  CtlStack2G_VEC_PE1.............................:       291
  CtlStack2Empty_VEC_PE1.........................:     14030
  CtlStack2ReadyWait_VEC_PE1.....................:      5474
  CtlStack2DispQFull_VEC_PE1.....................:         0
  CtlStack2Unaccounted_VEC_PE1...................:         0
  CtlStack2Residual_VEC_PE1......................:         0
  CtlStack2G_VEC_PE2.............................:       291
  CtlStack2Empty_VEC_PE2.........................:     13817
  CtlStack2ReadyWait_VEC_PE2.....................:      5687
  CtlStack2DispQFull_VEC_PE2.....................:         0
  CtlStack2Unaccounted_VEC_PE2...................:         0
  CtlStack2Residual_VEC_PE2......................:         0
  CtlStack2G_VEC_PE3.............................:       298
  CtlStack2Empty_VEC_PE3.........................:     13842
  CtlStack2ReadyWait_VEC_PE3.....................:      5655
  CtlStack2DispQFull_VEC_PE3.....................:         0
  CtlStack2Unaccounted_VEC_PE3...................:         0
  CtlStack2Residual_VEC_PE3......................:         0
============TileCell lifetime by producer module============
  TileCell OccCellCycles_CUBE....................:         0
  TileCell FreedCells_CUBE.......................:         0
  TileCell AvgLifeCycles_CUBE....................:      0.00
  TileCell MaxLifeCycles_CUBE....................:         0
  TileCell OccCellCycles_VEC.....................:   5909995
  TileCell FreedCells_VEC........................:      4085
  TileCell AvgLifeCycles_VEC.....................:   1446.76
  TileCell MaxLifeCycles_VEC.....................:      8694
  TileCell OccCellCycles_TLSU....................:   1902014
  TileCell FreedCells_TLSU.......................:       308
  TileCell AvgLifeCycles_TLSU....................:   6175.37
  TileCell MaxLifeCycles_TLSU....................:     19064
  TileCell OccCellCycles_Other...................:         0
  TileCell FreedCells_Other......................:         0
  TileCell AvgLifeCycles_Other...................:      0.00
  TileCell MaxLifeCycles_Other...................:         0
==========GmmaGenSpread (lockstep 4-PE divergence)==========
  GenCount (4-PE complete).......................:         0
  IssueSpreadMean................................:       N/A
  IssueSpreadMax.................................:         0
  CompleteSpreadMean.............................:       N/A
  CompleteSpreadMax..............................:         0
  CompleteSpreadBucket_le4.......................:         0
  CompleteSpreadBucket_5to16.....................:         0
  CompleteSpreadBucket_17to64....................:         0
  CompleteSpreadBucket_gt64......................:         0
  FirstDivergenceGen (completeSpread>8)..........:         0
  FirstDivergenceCycle...........................:         0
  FirstDivergenceSpread..........................:         0
=====Block Control Detail Stats(Flush Statistics) Total=====
intra-block ld-st conflict.......................:         0
inter-block ld-st conflict.......................:         7
intra-block misp.................................:         0
inter-block misp.................................:       576
===Block Control Detail Stats(Flush Statistics) SThread 0===
intra-block ld-st conflict.......................:         0
inter-block ld-st conflict.......................:         7
intra-block misp.................................:         0
inter-block misp.................................:       142
===Block Control Detail Stats(Flush Statistics) SThread 1===
intra-block ld-st conflict.......................:         0
inter-block ld-st conflict.......................:         0
intra-block misp.................................:         0
inter-block misp.................................:       144
===Block Control Detail Stats(Flush Statistics) SThread 2===
intra-block ld-st conflict.......................:         0
inter-block ld-st conflict.......................:         0
intra-block misp.................................:         0
inter-block misp.................................:       144
===Block Control Detail Stats(Flush Statistics) SThread 3===
intra-block ld-st conflict.......................:         0
inter-block ld-st conflict.......................:         0
intra-block misp.................................:         0
inter-block misp.................................:       146
=====================SPE OOO&IEX stats======================
decode inst bubble...............................:     83884
average decode bundle............................:      0.00
Thread0 Pick Cnt.................................:     18017
Thread1 Pick Cnt.................................:     18197
Thread2 Pick Cnt.................................:     18306
Thread3 Pick Cnt.................................:     18412
Thread0 rob stall cnt............................:        38
Thread1 rob stall cnt............................:       394
Thread2 rob stall cnt............................:       304
Thread3 rob stall cnt............................:       197
decode pe rob stall..............................:         0
decode local gpr stall...........................:         0
inst buffer stall................................:         0
predicate reg stall..............................:         0
vector reg ptag stall............................:         0
vector local scalar reg stall....................:         0
retired ld inst..................................:      6335
retired st inst..................................:      3105
retired scalar inst..............................:     64745
retired vector inst..............................:         0
retired div/sqrt inst............................:        53
MAPQ lg0 stall...................................:         0
MAPQ lg1 stall...................................:         0
MAPQ lg2 stall...................................:         0
MAPQ lg3 stall...................................:       136
ROB lg0 stall....................................:        38
ROB lg1 stall....................................:       394
ROB lg2 stall....................................:       304
ROB lg3 stall....................................:       197
Thread0 decode cycle.............................:      4834
Thread1 decode cycle.............................:      4936
Thread2 decode cycle.............................:      4942
Thread3 decode cycle.............................:      4928
Thread0 alloc cycle..............................:      4424
Thread1 alloc cycle..............................:      4244
Thread2 alloc cycle..............................:      4329
Thread3 alloc cycle..............................:      4426
Thread0 rename cycle.............................:      4376
Thread1 rename cycle.............................:      4215
Thread2 rename cycle.............................:      4274
Thread3 rename cycle.............................:      4396
Thread0 d2_s1 dispatch cnt.......................:      3789
Thread1 d2_s1 dispatch cnt.......................:      3296
Thread2 d2_s1 dispatch cnt.......................:      3259
Thread3 d2_s1 dispatch cnt.......................:      3956
Thread0 slots_total..............................:     38672
Thread1 slots_total..............................:     39488
Thread2 slots_total..............................:     39536
Thread3 slots_total..............................:     39424
Thread0 slots_rob_allocated......................:     18017
Thread1 slots_rob_allocated......................:     18197
Thread2 slots_rob_allocated......................:     18306
Thread3 slots_rob_allocated......................:     18412
Thread0 slots_fe_bubble..........................:     20343
Thread1 slots_fe_bubble..........................:     21011
Thread2 slots_fe_bubble..........................:     20942
Thread3 slots_fe_bubble..........................:     20732
Thread0 slots_idle...............................:       312
Thread1 slots_idle...............................:       280
Thread2 slots_idle...............................:       288
Thread3 slots_idle...............................:       280
Thread0 robStall.................................:       304
Thread1 robStall.................................:      3152
Thread2 robStall.................................:      2432
Thread3 robStall.................................:      1576
Thread0 retired_load.............................:      1546
Thread1 retired_load.............................:      1589
Thread2 retired_load.............................:      1597
Thread3 retired_load.............................:      1603
Thread0 retired_store............................:       824
Thread1 retired_store............................:       761
Thread2 retired_store............................:       761
Thread3 retired_store............................:       759
Thread0 retired_innerJump........................:         0
Thread1 retired_innerJump........................:         0
Thread2 retired_innerJump........................:         0
Thread3 retired_innerJump........................:         0
Thread0 retiredAluInst...........................:     13872
Thread1 retiredAluInst...........................:     13731
Thread2 retiredAluInst...........................:     13793
Thread3 retiredAluInst...........................:     13909
Thread0 retiredSAluInst..........................:     13872
Thread1 retiredSAluInst..........................:     13731
Thread2 retiredSAluInst..........................:     13793
Thread3 retiredSAluInst..........................:     13909
Thread0 retiredVAluInst..........................:         0
Thread1 retiredVAluInst..........................:         0
Thread2 retiredVAluInst..........................:         0
Thread3 retiredVAluInst..........................:         0
Thread0 retiredScalar............................:     16242
Thread1 retiredScalar............................:     16081
Thread2 retiredScalar............................:     16151
Thread3 retiredScalar............................:     16271
Thread0 retiredVector............................:         0
Thread1 retiredVector............................:         0
Thread2 retiredVector............................:         0
Thread3 retiredVector............................:         0
Thread0 retiredDivSqrt...........................:        14
Thread1 retiredDivSqrt...........................:        13
Thread2 retiredDivSqrt...........................:        13
Thread3 retiredDivSqrt...........................:        13
====================Vector PMU Stats PE0====================
PEId.............................................:         0
TileopNum........................................:       316
TCMPPackedTileNum................................:         2
TCMPFragmentExpected.............................:        64
TCMPFragmentCompleted............................:        64
TCMPFragmentCanceled.............................:         0
TCMPPackedCellWrites.............................:         2
TCMPPackWriteWaitCycles..........................:         2
TCMPFlushedTileNum...............................:         0
UopNum...........................................:      1196
SplitCellCountMismatch...........................:         0
SplitPartialCellUopCount.........................:         0
SplitUopAvgPayloadBytes..........................:       N/A
UopQDispatch_INT.................................:       132
UopQReadyBypass_INT..............................:        16
UopQDispatchSrcBufFullCycles_INT.................:       109
UopQDispatchSrcBufFullBlockedCycles_INT..........:       109
VecSrcCellNotReadyCycles_INT.....................:       520
SharedReadPortWaitCycles_INT.....................:         0
UopQDispatch_FMA.................................:         0
UopQReadyBypass_FMA..............................:         0
UopQDispatchSrcBufFullCycles_FMA.................:         0
UopQDispatchSrcBufFullBlockedCycles_FMA..........:         0
VecSrcCellNotReadyCycles_FMA.....................:       120
SharedReadPortWaitCycles_FMA.....................:         0
UopQDispatch_LNEXP...............................:         0
UopQReadyBypass_LNEXP............................:         0
UopQDispatchSrcBufFullCycles_LNEXP...............:         0
UopQDispatchSrcBufFullBlockedCycles_LNEXP........:         0
VecSrcCellNotReadyCycles_LNEXP...................:       124
SharedReadPortWaitCycles_LNEXP...................:         0
CellReadMergedUops...............................:         0
StaticUopsIssued.................................:      1064
StaticBoardBlockCycles...........................:         0
StaticWritebacks.................................:      1064
EarlyWakeupFired.................................:       306
StaticDynPipeBlockCycles.........................:       148
DynStaticChainBlockCycles........................:       119
ExpandTagHits_INT................................:        51
ExpandTagMisses_INT..............................:         2
ExpandBankFills_INT..............................:         2
ExpandTempFills_INT..............................:         0
ExpandEvicts_INT.................................:         0
ExpandTagHits_FMA................................:         0
ExpandTagMisses_FMA..............................:         0
ExpandBankFills_FMA..............................:         0
ExpandTempFills_FMA..............................:         0
ExpandEvicts_FMA.................................:         0
ExpandTagHits_LNEXP..............................:         0
ExpandTagMisses_LNEXP............................:         0
ExpandBankFills_LNEXP............................:         0
ExpandTempFills_LNEXP............................:         0
ExpandEvicts_LNEXP...............................:         0
ExpandFillDrops..................................:         0
ExpandReadStaleFallbacks cls0....................:         0
ExpandReadStaleFallbacks cls1....................:         0
ExpandReadStaleFallbacks cls2....................:         0
LeSharedPortBlockCycles..........................:         0
LeSrc1CarrySkips.................................:         0
=======Static Path Bank Access / Conflict Attribution=======
  StaticBankReads Bank[0]........................:       125
  StaticBankReads Bank[1]........................:       116
  StaticBankReads Bank[2]........................:       104
  StaticBankReads Bank[3]........................:       100
  StaticBankReads Bank[4]........................:       107
  StaticBankReads Bank[5]........................:       106
  StaticBankReads Bank[6]........................:        90
  StaticBankReads Bank[7]........................:        81
  StaticDetectReadBlocks Bank[0].................:         9
  StaticDetectReadBlocks Bank[1].................:        10
  StaticDetectReadBlocks Bank[2].................:         2
  StaticDetectReadBlocks Bank[3].................:         0
  StaticDetectReadBlocks Bank[4].................:         9
  StaticDetectReadBlocks Bank[5].................:         6
  StaticDetectReadBlocks Bank[6].................:         4
  StaticDetectReadBlocks Bank[7].................:         0
  StaticDetectWriteBlocks Bank[0]................:         0
  StaticDetectWriteBlocks Bank[1]................:         0
  StaticDetectWriteBlocks Bank[2]................:         0
  StaticDetectWriteBlocks Bank[3]................:         0
  StaticDetectWriteBlocks Bank[4]................:         0
  StaticDetectWriteBlocks Bank[5]................:         0
  StaticDetectWriteBlocks Bank[6]................:         0
  StaticDetectWriteBlocks Bank[7]................:         0
  StaticIntYieldBlocks Bank[0]...................:         0
  StaticIntYieldBlocks Bank[1]...................:         0
  StaticIntYieldBlocks Bank[2]...................:         0
  StaticIntYieldBlocks Bank[3]...................:         0
  StaticIntYieldBlocks Bank[4]...................:         0
  StaticIntYieldBlocks Bank[5]...................:         0
  StaticIntYieldBlocks Bank[6]...................:         0
  StaticIntYieldBlocks Bank[7]...................:         0
  StaticBoardOccSum Bank[0]......................:      1944
  StaticBoardOccSum Bank[1]......................:      1911
  StaticBoardOccSum Bank[2]......................:      1892
  StaticBoardOccSum Bank[3]......................:      1895
  StaticBoardOccSum Bank[4]......................:      1779
  StaticBoardOccSum Bank[5]......................:      1708
  StaticBoardOccSum Bank[6]......................:      1670
  StaticBoardOccSum Bank[7]......................:      1591
  StaticBoardOccColSum Col[0]....................:      1653
  StaticBoardOccColSum Col[1]....................:      1653
  StaticBoardOccColSum Col[2]....................:      1653
  StaticBoardOccColSum Col[3]....................:      1286
  StaticBoardOccColSum Col[4]....................:      1145
  StaticBoardOccColSum Col[5]....................:      1000
  StaticBoardOccColSum Col[6]....................:      1000
  StaticBoardOccColSum Col[7]....................:      1000
  StaticBoardOccColSum Col[8]....................:      1000
  StaticBoardOccColSum Col[9]....................:      1000
  StaticBoardOccColSum Col[10]...................:      1000
  StaticBoardOccColSum Col[11]...................:      1000
  StaticBoardOccColSum Col[12]...................:         0
  StaticBoardOccColSum Col[13]...................:         0
  StaticBoardOccColSum Col[14]...................:         0
  StaticBoardOccColSum Col[15]...................:         0
VecAluAcceptCycles_FMA...........................:       176
VecAluAcceptCycles_INT...........................:       956
VecAluAcceptCycles_LNEXP.........................:        64
VecTripleIssueCycles.............................:         0
VecDualIssueCycles...............................:        67
VecSingleIssueCycles.............................:      1062
VecIdleIssueCycles...............................:     18666
CellReadMergeSaved...............................:         0
SrcBufBypassIssue................................:         0
SplitRawGateBlocked..............................:         0
SplitNoFreeSlotCycles............................:         0
IPC(UOP).........................................:  0.060419
RowExpandTileNum.................................:         0
RowReduceTileNum.................................:        20
RowReduceLayerNum................................:         0
RowReduceUopSplit................................:        80
RowReduceUopDone.................................:        80
RowReduceRootWriteNum............................:        20
RowReduceFlushedTileNum..........................:         0
RowReduceEntryUnavailableCycles..................:         0
RowReduceSplitBandwidthWaitTileCycles............:         0
RowReduceSrcBufFullTileCycles....................:         0
RowReduceLayerWaitTileCycles.....................:         0
RowReduceLayerPublishWaitTileCycles..............:         0
RowReduceReadPortWaitUopCycles...................:         0
RowReduceSourceResponseWaitUopCycles.............:         0
RowReduceIssueIntervalWaitUopCycles..............:         0
RowReduceSameGroupWaitUopCycles..................:         0
RowReduceExecPipeFullUopCycles...................:         0
RowReduceRootDstBufWaitTileCycles................:         0
RowReduceRootWritePortWaitCycles.................:         0
RowReduceRootWriteResponseWaitCycles.............:         0
RowReduceSrcNotReadyCycles.......................:        60
RowReduceTEMPForwardHits.........................:        74
RowReduceCellFallbackReads.......................:        68
RedTempMacroNum..................................:         0
HybridCountGatedTiles............................:         0
ReadNum..........................................:        64
CellReadAccessTotal..............................:       957
CellReadAccess_INT...............................:       551
CellReadAccess_FMA...............................:       352
CellReadAccess_LNEXP.............................:        54
ReadLat..........................................:      6.03
  |--LatLE5......................................:         0
  |--LatLE10.....................................:        64
  |--LatLE15.....................................:         0
  |--LatGT15.....................................:         0
WriteNum.........................................:       134
CellWriteAccessTotal.............................:      1134
CellWriteAccess_INT..............................:       894
CellWriteAccess_FMA..............................:       176
CellWriteAccess_LNEXP............................:        64
TempForwardHits_INT..............................:       378
TempForwardHits_FMA..............................:         0
TempForwardHits_LNEXP............................:        10
TempForwardMisses_INT............................:       474
TempForwardMisses_FMA............................:       352
TempForwardMisses_LNEXP..........................:        54
ExpandTagHits_INT................................:        51
ExpandTagHits_FMA................................:         0
ExpandTagHits_LNEXP..............................:         0
ExpandTagMisses_INT..............................:         2
ExpandTagMisses_FMA..............................:         0
ExpandTagMisses_LNEXP............................:         0
ExpandBankFills_INT..............................:         2
ExpandBankFills_FMA..............................:         0
ExpandBankFills_LNEXP............................:         0
ExpandTempFills_INT..............................:         0
ExpandTempFills_FMA..............................:         0
ExpandTempFills_LNEXP............................:         0
ExpandEvicts_INT.................................:         0
ExpandEvicts_FMA.................................:         0
ExpandEvicts_LNEXP...............................:         0
LeSharedPortBlockCycles..........................:         0
WriteLat.........................................:      1.10
  |--LatLE5......................................:       134
  |--LatLE10.....................................:         0
  |--LatLE15.....................................:         0
  |--LatGT15.....................................:         0
AccountExpCellReads_INT..........................:       980
AccountExpCellReads_FMA..........................:       352
AccountExpCellReads_LNEXP........................:        64
AccountExpRedTempReads...........................:         0
AccountRedTempReads..............................:         0
AccountExpCellWrites_INT.........................:       956
AccountExpCellWrites_FMA.........................:       176
AccountExpCellWrites_LNEXP.......................:        64
AccountExpRedTempWrites..........................:         0
AccountExpReadsTotal.............................:      1396
AccountActReadsTotal.............................:      1396
AccountReadDelta.................................:      0.00
AccountExpWritesTotal............................:      1196
AccountActWritesTotal............................:      1134
AccountWriteDelta................................:     62.00
========================VecUtilStack========================
UtilStackW_INT...................................:       956
UtilStackO_INT...................................:         3
UtilStackA_INT...................................:         0
UtilStackD_INT...................................:         6
UtilStackI_INT...................................:        36
UtilStackS_INT...................................:     18794
UtilStackUnaccounted_INT.........................:         0
UtilStackW_FMA...................................:       176
UtilStackO_FMA...................................:         0
UtilStackA_FMA...................................:         0
UtilStackD_FMA...................................:         0
UtilStackI_FMA...................................:         0
UtilStackS_FMA...................................:     19619
UtilStackUnaccounted_FMA.........................:         0
UtilStackW_LNEXP.................................:        64
UtilStackO_LNEXP.................................:         0
UtilStackA_LNEXP.................................:        68
UtilStackD_LNEXP.................................:         0
UtilStackI_LNEXP.................................:         0
UtilStackS_LNEXP.................................:     19663
UtilStackUnaccounted_LNEXP.......................:         0
UtilStackW_SHARED................................:         0
UtilStackO_SHARED................................:         0
UtilStackA_SHARED................................:         0
UtilStackD_SHARED................................:         0
UtilStackI_SHARED................................:         0
UtilStackS_SHARED................................:     19795
UtilStackUnaccounted_SHARED......................:         0
UtilStackCycles..................................:     19795
UtilStackVecBusy.................................:      3252
UtilStackVecExposed..............................:      3252
  UtilStackSub_O_DstWriteCfl_INT.................:         0
  UtilStackSub_O_BankCfl_INT.....................:         3
  UtilStackSub_O_SharedPort_INT..................:         0
  UtilStackSub_O_YieldFma_INT....................:         0
  UtilStackSub_O_LePort_INT......................:         0
  UtilStackSub_A_RedTempMacro_INT................:         0
  UtilStackSub_A_LeThrottle_INT..................:         0
  UtilStackSub_A_LeFifoFull_INT..................:         0
  UtilStackSub_A_IiCool_INT......................:         0
  UtilStackSub_A_DstbufFull_INT..................:         0
  UtilStackSub_A_PipeFull_INT....................:         0
  UtilStackSub_D_StaticSrc_INT...................:         0
  UtilStackSub_D_RedTempCount_INT................:         0
  UtilStackSub_D_DynSrcbuf_INT...................:         6
  UtilStackSubO_Reconcile_INT....................:      0.00
  UtilStackSubA_Reconcile_INT....................:      0.00
  UtilStackSubD_Reconcile_INT....................:      0.00
  UtilStackSub_O_DstWriteCfl_FMA.................:         0
  UtilStackSub_O_BankCfl_FMA.....................:         0
  UtilStackSub_O_SharedPort_FMA..................:         0
  UtilStackSub_O_YieldFma_FMA....................:         0
  UtilStackSub_O_LePort_FMA......................:         0
  UtilStackSub_A_RedTempMacro_FMA................:         0
  UtilStackSub_A_LeThrottle_FMA..................:         0
  UtilStackSub_A_LeFifoFull_FMA..................:         0
  UtilStackSub_A_IiCool_FMA......................:         0
  UtilStackSub_A_DstbufFull_FMA..................:         0
  UtilStackSub_A_PipeFull_FMA....................:         0
  UtilStackSub_D_StaticSrc_FMA...................:         0
  UtilStackSub_D_RedTempCount_FMA................:         0
  UtilStackSub_D_DynSrcbuf_FMA...................:         0
  UtilStackSubO_Reconcile_FMA....................:      0.00
  UtilStackSubA_Reconcile_FMA....................:      0.00
  UtilStackSubD_Reconcile_FMA....................:      0.00
  UtilStackSub_O_DstWriteCfl_LNEXP...............:         0
  UtilStackSub_O_BankCfl_LNEXP...................:         0
  UtilStackSub_O_SharedPort_LNEXP................:         0
  UtilStackSub_O_YieldFma_LNEXP..................:         0
  UtilStackSub_O_LePort_LNEXP....................:         0
  UtilStackSub_A_RedTempMacro_LNEXP..............:         0
  UtilStackSub_A_LeThrottle_LNEXP................:        64
  UtilStackSub_A_LeFifoFull_LNEXP................:         4
  UtilStackSub_A_IiCool_LNEXP....................:         0
  UtilStackSub_A_DstbufFull_LNEXP................:         0
  UtilStackSub_A_PipeFull_LNEXP..................:         0
  UtilStackSub_D_StaticSrc_LNEXP.................:         0
  UtilStackSub_D_RedTempCount_LNEXP..............:         0
  UtilStackSub_D_DynSrcbuf_LNEXP.................:         0
  UtilStackSubO_Reconcile_LNEXP..................:      0.00
  UtilStackSubA_Reconcile_LNEXP..................:      0.00
  UtilStackSubD_Reconcile_LNEXP..................:      0.00
  UtilStackSub_O_DstWriteCfl_SHARED..............:         0
  UtilStackSub_O_BankCfl_SHARED..................:         0
  UtilStackSub_O_SharedPort_SHARED...............:         0
  UtilStackSub_O_YieldFma_SHARED.................:         0
  UtilStackSub_O_LePort_SHARED...................:         0
  UtilStackSub_A_RedTempMacro_SHARED.............:         0
  UtilStackSub_A_LeThrottle_SHARED...............:         0
  UtilStackSub_A_LeFifoFull_SHARED...............:         0
  UtilStackSub_A_IiCool_SHARED...................:         0
  UtilStackSub_A_DstbufFull_SHARED...............:         0
  UtilStackSub_A_PipeFull_SHARED.................:         0
  UtilStackSub_D_StaticSrc_SHARED................:         0
  UtilStackSub_D_RedTempCount_SHARED.............:         0
  UtilStackSub_D_DynSrcbuf_SHARED................:         0
  UtilStackSubO_Reconcile_SHARED.................:      0.00
  UtilStackSubA_Reconcile_SHARED.................:      0.00
  UtilStackSubD_Reconcile_SHARED.................:      0.00
  UtilStackOBlocker_None_INT.....................:         0
  UtilStackOBlocker_FmaRead_INT..................:         0
  UtilStackOBlocker_IntRead_INT..................:         0
  UtilStackOBlocker_LeRead_INT...................:         0
  UtilStackOBlocker_FmaWrite_INT.................:         0
  UtilStackOBlocker_IntWrite_INT.................:         3
  UtilStackOBlocker_CubeRead_INT.................:         0
  UtilStackOBlocker_CubeWrite_INT................:         0
  UtilStackOBlocker_LeWrite_INT..................:         0
  UtilStackOBlocker_Reconcile_INT................:      0.00
  UtilStackOBlocker_None_FMA.....................:         0
  UtilStackOBlocker_FmaRead_FMA..................:         0
  UtilStackOBlocker_IntRead_FMA..................:         0
  UtilStackOBlocker_LeRead_FMA...................:         0
  UtilStackOBlocker_FmaWrite_FMA.................:         0
  UtilStackOBlocker_IntWrite_FMA.................:         0
  UtilStackOBlocker_CubeRead_FMA.................:         0
  UtilStackOBlocker_CubeWrite_FMA................:         0
  UtilStackOBlocker_LeWrite_FMA..................:         0
  UtilStackOBlocker_Reconcile_FMA................:      0.00
  UtilStackOBlocker_None_LNEXP...................:         0
  UtilStackOBlocker_FmaRead_LNEXP................:         0
  UtilStackOBlocker_IntRead_LNEXP................:         0
  UtilStackOBlocker_LeRead_LNEXP.................:         0
  UtilStackOBlocker_FmaWrite_LNEXP...............:         0
  UtilStackOBlocker_IntWrite_LNEXP...............:         0
  UtilStackOBlocker_CubeRead_LNEXP...............:         0
  UtilStackOBlocker_CubeWrite_LNEXP..............:         0
  UtilStackOBlocker_LeWrite_LNEXP................:         0
  UtilStackOBlocker_Reconcile_LNEXP..............:      0.00
  UtilStackOBlocker_None_SHARED..................:         0
  UtilStackOBlocker_FmaRead_SHARED...............:         0
  UtilStackOBlocker_IntRead_SHARED...............:         0
  UtilStackOBlocker_LeRead_SHARED................:         0
  UtilStackOBlocker_FmaWrite_SHARED..............:         0
  UtilStackOBlocker_IntWrite_SHARED..............:         0
  UtilStackOBlocker_CubeRead_SHARED..............:         0
  UtilStackOBlocker_CubeWrite_SHARED.............:         0
  UtilStackOBlocker_LeWrite_SHARED...............:         0
  UtilStackOBlocker_Reconcile_SHARED.............:      0.00
YieldFmaReadCycles...............................:         0
YieldFmaWriteCycles..............................:         0
UtilStackHideRatio...............................:      0.00
UtilStackHideRatioStrict.........................:      0.00
  UtilStackIssueCombo_None.......................:     18666
  UtilStackIssueCombo_INT........................:       889
  UtilStackIssueCombo_FMA........................:       167
  UtilStackIssueCombo_INT+FMA....................:         9
  UtilStackIssueCombo_LE.........................:         6
  UtilStackIssueCombo_INT+LE.....................:        58
  UtilStackIssueCombo_FMA+LE.....................:         0
  UtilStackIssueCombo_INT+FMA+LE.................:         0
  UtilStackIssueCombo_SH.........................:         0
  UtilStackIssueCombo_INT+SH.....................:         0
  UtilStackIssueCombo_FMA+SH.....................:         0
  UtilStackIssueCombo_INT+FMA+SH.................:         0
  UtilStackIssueCombo_LE+SH......................:         0
  UtilStackIssueCombo_INT+LE+SH..................:         0
  UtilStackIssueCombo_FMA+LE+SH..................:         0
  UtilStackIssueCombo_INT+FMA+LE+SH..............:         0
  UtilStackIssueCombo_Reconcile..................:      0.00
  UtilStackIssueEvent_Reconcile..................:      0.00
UtilStackMultiIssueProb..........................:      0.06
UtilStackAvgIssueRate............................:      0.06
UtilStackIssueWidthUtil..........................:      0.02
====================Vector PMU Stats PE1====================
PEId.............................................:         1
TileopNum........................................:       291
TCMPPackedTileNum................................:         2
TCMPFragmentExpected.............................:        64
TCMPFragmentCompleted............................:        64
TCMPFragmentCanceled.............................:         0
TCMPPackedCellWrites.............................:         2
TCMPPackWriteWaitCycles..........................:         2
TCMPFlushedTileNum...............................:         0
UopNum...........................................:      1100
SplitCellCountMismatch...........................:         0
SplitPartialCellUopCount.........................:         0
SplitUopAvgPayloadBytes..........................:       N/A
UopQDispatch_INT.................................:       132
UopQReadyBypass_INT..............................:        16
UopQDispatchSrcBufFullCycles_INT.................:       110
UopQDispatchSrcBufFullBlockedCycles_INT..........:       110
VecSrcCellNotReadyCycles_INT.....................:       462
SharedReadPortWaitCycles_INT.....................:         0
UopQDispatch_FMA.................................:         0
UopQReadyBypass_FMA..............................:         0
UopQDispatchSrcBufFullCycles_FMA.................:         0
UopQDispatchSrcBufFullBlockedCycles_FMA..........:         0
VecSrcCellNotReadyCycles_FMA.....................:       105
SharedReadPortWaitCycles_FMA.....................:         0
UopQDispatch_LNEXP...............................:         0
UopQReadyBypass_LNEXP............................:         0
UopQDispatchSrcBufFullCycles_LNEXP...............:         0
UopQDispatchSrcBufFullBlockedCycles_LNEXP........:         0
VecSrcCellNotReadyCycles_LNEXP...................:       124
SharedReadPortWaitCycles_LNEXP...................:         0
CellReadMergedUops...............................:         0
StaticUopsIssued.................................:       968
StaticBoardBlockCycles...........................:         0
StaticWritebacks.................................:       968
EarlyWakeupFired.................................:       281
StaticDynPipeBlockCycles.........................:       148
DynStaticChainBlockCycles........................:       120
ExpandTagHits_INT................................:        26
ExpandTagMisses_INT..............................:         2
ExpandBankFills_INT..............................:         2
ExpandTempFills_INT..............................:         0
ExpandEvicts_INT.................................:         0
ExpandTagHits_FMA................................:         0
ExpandTagMisses_FMA..............................:         0
ExpandBankFills_FMA..............................:         0
ExpandTempFills_FMA..............................:         0
ExpandEvicts_FMA.................................:         0
ExpandTagHits_LNEXP..............................:         0
ExpandTagMisses_LNEXP............................:         0
ExpandBankFills_LNEXP............................:         0
ExpandTempFills_LNEXP............................:         0
ExpandEvicts_LNEXP...............................:         0
ExpandFillDrops..................................:         0
ExpandReadStaleFallbacks cls0....................:         0
ExpandReadStaleFallbacks cls1....................:         0
ExpandReadStaleFallbacks cls2....................:         0
LeSharedPortBlockCycles..........................:         0
LeSrc1CarrySkips.................................:         0
=======Static Path Bank Access / Conflict Attribution=======
  StaticBankReads Bank[0]........................:        99
  StaticBankReads Bank[1]........................:        91
  StaticBankReads Bank[2]........................:        74
  StaticBankReads Bank[3]........................:        74
  StaticBankReads Bank[4]........................:       107
  StaticBankReads Bank[5]........................:       104
  StaticBankReads Bank[6]........................:       118
  StaticBankReads Bank[7]........................:       106
  StaticDetectReadBlocks Bank[0].................:         6
  StaticDetectReadBlocks Bank[1].................:        10
  StaticDetectReadBlocks Bank[2].................:         3
  StaticDetectReadBlocks Bank[3].................:         0
  StaticDetectReadBlocks Bank[4].................:         9
  StaticDetectReadBlocks Bank[5].................:         7
  StaticDetectReadBlocks Bank[6].................:         7
  StaticDetectReadBlocks Bank[7].................:         1
  StaticDetectWriteBlocks Bank[0]................:         0
  StaticDetectWriteBlocks Bank[1]................:         0
  StaticDetectWriteBlocks Bank[2]................:         0
  StaticDetectWriteBlocks Bank[3]................:         0
  StaticDetectWriteBlocks Bank[4]................:         0
  StaticDetectWriteBlocks Bank[5]................:         0
  StaticDetectWriteBlocks Bank[6]................:         0
  StaticDetectWriteBlocks Bank[7]................:         0
  StaticIntYieldBlocks Bank[0]...................:         0
  StaticIntYieldBlocks Bank[1]...................:         0
  StaticIntYieldBlocks Bank[2]...................:         0
  StaticIntYieldBlocks Bank[3]...................:         0
  StaticIntYieldBlocks Bank[4]...................:         0
  StaticIntYieldBlocks Bank[5]...................:         0
  StaticIntYieldBlocks Bank[6]...................:         0
  StaticIntYieldBlocks Bank[7]...................:         0
  StaticBoardOccSum Bank[0]......................:      1724
  StaticBoardOccSum Bank[1]......................:      1624
  StaticBoardOccSum Bank[2]......................:      1469
  StaticBoardOccSum Bank[3]......................:      1499
  StaticBoardOccSum Bank[4]......................:      1740
  StaticBoardOccSum Bank[5]......................:      1698
  StaticBoardOccSum Bank[6]......................:      1742
  StaticBoardOccSum Bank[7]......................:      1653
  StaticBoardOccColSum Col[0]....................:      1525
  StaticBoardOccColSum Col[1]....................:      1525
  StaticBoardOccColSum Col[2]....................:      1525
  StaticBoardOccColSum Col[3]....................:      1195
  StaticBoardOccColSum Col[4]....................:      1051
  StaticBoardOccColSum Col[5]....................:       904
  StaticBoardOccColSum Col[6]....................:       904
  StaticBoardOccColSum Col[7]....................:       904
  StaticBoardOccColSum Col[8]....................:       904
  StaticBoardOccColSum Col[9]....................:       904
  StaticBoardOccColSum Col[10]...................:       904
  StaticBoardOccColSum Col[11]...................:       904
  StaticBoardOccColSum Col[12]...................:         0
  StaticBoardOccColSum Col[13]...................:         0
  StaticBoardOccColSum Col[14]...................:         0
  StaticBoardOccColSum Col[15]...................:         0
VecAluAcceptCycles_FMA...........................:       156
VecAluAcceptCycles_INT...........................:       880
VecAluAcceptCycles_LNEXP.........................:        64
VecTripleIssueCycles.............................:         0
VecDualIssueCycles...............................:        62
VecSingleIssueCycles.............................:       976
VecIdleIssueCycles...............................:     18757
CellReadMergeSaved...............................:         0
SrcBufBypassIssue................................:         0
SplitRawGateBlocked..............................:         0
SplitNoFreeSlotCycles............................:         0
IPC(UOP).........................................:  0.055570
RowExpandTileNum.................................:         0
RowReduceTileNum.................................:        20
RowReduceLayerNum................................:         0
RowReduceUopSplit................................:        80
RowReduceUopDone.................................:        80
RowReduceRootWriteNum............................:        20
RowReduceFlushedTileNum..........................:         0
RowReduceEntryUnavailableCycles..................:         0
RowReduceSplitBandwidthWaitTileCycles............:         0
RowReduceSrcBufFullTileCycles....................:         0
RowReduceLayerWaitTileCycles.....................:         0
RowReduceLayerPublishWaitTileCycles..............:         0
RowReduceReadPortWaitUopCycles...................:         0
RowReduceSourceResponseWaitUopCycles.............:         0
RowReduceIssueIntervalWaitUopCycles..............:         0
RowReduceSameGroupWaitUopCycles..................:         0
RowReduceExecPipeFullUopCycles...................:         0
RowReduceRootDstBufWaitTileCycles................:         0
RowReduceRootWritePortWaitCycles.................:         0
RowReduceRootWriteResponseWaitCycles.............:         0
RowReduceSrcNotReadyCycles.......................:        60
RowReduceTEMPForwardHits.........................:        76
RowReduceCellFallbackReads.......................:        66
RedTempMacroNum..................................:         0
HybridCountGatedTiles............................:         0
ReadNum..........................................:        64
CellReadAccessTotal..............................:       901
CellReadAccess_INT...............................:       541
CellReadAccess_FMA...............................:       304
CellReadAccess_LNEXP.............................:        56
ReadLat..........................................:      6.03
  |--LatLE5......................................:         0
  |--LatLE10.....................................:        64
  |--LatLE15.....................................:         0
  |--LatGT15.....................................:         0
WriteNum.........................................:       134
CellWriteAccessTotal.............................:      1038
CellWriteAccess_INT..............................:       818
CellWriteAccess_FMA..............................:       156
CellWriteAccess_LNEXP............................:        64
TempForwardHits_INT..............................:       353
TempForwardHits_FMA..............................:         8
TempForwardHits_LNEXP............................:         8
TempForwardMisses_INT............................:       439
TempForwardMisses_FMA............................:       304
TempForwardMisses_LNEXP..........................:        56
ExpandTagHits_INT................................:        26
ExpandTagHits_FMA................................:         0
ExpandTagHits_LNEXP..............................:         0
ExpandTagMisses_INT..............................:         2
ExpandTagMisses_FMA..............................:         0
ExpandTagMisses_LNEXP............................:         0
ExpandBankFills_INT..............................:         2
ExpandBankFills_FMA..............................:         0
ExpandBankFills_LNEXP............................:         0
ExpandTempFills_INT..............................:         0
ExpandTempFills_FMA..............................:         0
ExpandTempFills_LNEXP............................:         0
ExpandEvicts_INT.................................:         0
ExpandEvicts_FMA.................................:         0
ExpandEvicts_LNEXP...............................:         0
LeSharedPortBlockCycles..........................:         0
WriteLat.........................................:      1.10
  |--LatLE5......................................:       134
  |--LatLE10.....................................:         0
  |--LatLE15.....................................:         0
  |--LatGT15.....................................:         0
AccountExpCellReads_INT..........................:       920
AccountExpCellReads_FMA..........................:       312
AccountExpCellReads_LNEXP........................:        64
AccountExpRedTempReads...........................:         0
AccountRedTempReads..............................:         0
AccountExpCellWrites_INT.........................:       880
AccountExpCellWrites_FMA.........................:       156
AccountExpCellWrites_LNEXP.......................:        64
AccountExpRedTempWrites..........................:         0
AccountExpReadsTotal.............................:      1296
AccountActReadsTotal.............................:      1296
AccountReadDelta.................................:      0.00
AccountExpWritesTotal............................:      1100
AccountActWritesTotal............................:      1038
AccountWriteDelta................................:     62.00
========================VecUtilStack========================
UtilStackW_INT...................................:       880
UtilStackO_INT...................................:         1
UtilStackA_INT...................................:         0
UtilStackD_INT...................................:         6
UtilStackI_INT...................................:        36
UtilStackS_INT...................................:     18872
UtilStackUnaccounted_INT.........................:         0
UtilStackW_FMA...................................:       156
UtilStackO_FMA...................................:         0
UtilStackA_FMA...................................:         0
UtilStackD_FMA...................................:         0
UtilStackI_FMA...................................:         0
UtilStackS_FMA...................................:     19639
UtilStackUnaccounted_FMA.........................:         0
UtilStackW_LNEXP.................................:        64
UtilStackO_LNEXP.................................:         0
UtilStackA_LNEXP.................................:        68
UtilStackD_LNEXP.................................:         0
UtilStackI_LNEXP.................................:         0
UtilStackS_LNEXP.................................:     19663
UtilStackUnaccounted_LNEXP.......................:         0
UtilStackW_SHARED................................:         0
UtilStackO_SHARED................................:         0
UtilStackA_SHARED................................:         0
UtilStackD_SHARED................................:         0
UtilStackI_SHARED................................:         0
UtilStackS_SHARED................................:     19795
UtilStackUnaccounted_SHARED......................:         0
UtilStackCycles..................................:     19795
UtilStackVecBusy.................................:      2969
UtilStackVecExposed..............................:      2969
  UtilStackSub_O_DstWriteCfl_INT.................:         0
  UtilStackSub_O_BankCfl_INT.....................:         1
  UtilStackSub_O_SharedPort_INT..................:         0
  UtilStackSub_O_YieldFma_INT....................:         0
  UtilStackSub_O_LePort_INT......................:         0
  UtilStackSub_A_RedTempMacro_INT................:         0
  UtilStackSub_A_LeThrottle_INT..................:         0
  UtilStackSub_A_LeFifoFull_INT..................:         0
  UtilStackSub_A_IiCool_INT......................:         0
  UtilStackSub_A_DstbufFull_INT..................:         0
  UtilStackSub_A_PipeFull_INT....................:         0
  UtilStackSub_D_StaticSrc_INT...................:         0
  UtilStackSub_D_RedTempCount_INT................:         0
  UtilStackSub_D_DynSrcbuf_INT...................:         6
  UtilStackSubO_Reconcile_INT....................:      0.00
  UtilStackSubA_Reconcile_INT....................:      0.00
  UtilStackSubD_Reconcile_INT....................:      0.00
  UtilStackSub_O_DstWriteCfl_FMA.................:         0
  UtilStackSub_O_BankCfl_FMA.....................:         0
  UtilStackSub_O_SharedPort_FMA..................:         0
  UtilStackSub_O_YieldFma_FMA....................:         0
  UtilStackSub_O_LePort_FMA......................:         0
  UtilStackSub_A_RedTempMacro_FMA................:         0
  UtilStackSub_A_LeThrottle_FMA..................:         0
  UtilStackSub_A_LeFifoFull_FMA..................:         0
  UtilStackSub_A_IiCool_FMA......................:         0
  UtilStackSub_A_DstbufFull_FMA..................:         0
  UtilStackSub_A_PipeFull_FMA....................:         0
  UtilStackSub_D_StaticSrc_FMA...................:         0
  UtilStackSub_D_RedTempCount_FMA................:         0
  UtilStackSub_D_DynSrcbuf_FMA...................:         0
  UtilStackSubO_Reconcile_FMA....................:      0.00
  UtilStackSubA_Reconcile_FMA....................:      0.00
  UtilStackSubD_Reconcile_FMA....................:      0.00
  UtilStackSub_O_DstWriteCfl_LNEXP...............:         0
  UtilStackSub_O_BankCfl_LNEXP...................:         0
  UtilStackSub_O_SharedPort_LNEXP................:         0
  UtilStackSub_O_YieldFma_LNEXP..................:         0
  UtilStackSub_O_LePort_LNEXP....................:         0
  UtilStackSub_A_RedTempMacro_LNEXP..............:         0
  UtilStackSub_A_LeThrottle_LNEXP................:        64
  UtilStackSub_A_LeFifoFull_LNEXP................:         4
  UtilStackSub_A_IiCool_LNEXP....................:         0
  UtilStackSub_A_DstbufFull_LNEXP................:         0
  UtilStackSub_A_PipeFull_LNEXP..................:         0
  UtilStackSub_D_StaticSrc_LNEXP.................:         0
  UtilStackSub_D_RedTempCount_LNEXP..............:         0
  UtilStackSub_D_DynSrcbuf_LNEXP.................:         0
  UtilStackSubO_Reconcile_LNEXP..................:      0.00
  UtilStackSubA_Reconcile_LNEXP..................:      0.00
  UtilStackSubD_Reconcile_LNEXP..................:      0.00
  UtilStackSub_O_DstWriteCfl_SHARED..............:         0
  UtilStackSub_O_BankCfl_SHARED..................:         0
  UtilStackSub_O_SharedPort_SHARED...............:         0
  UtilStackSub_O_YieldFma_SHARED.................:         0
  UtilStackSub_O_LePort_SHARED...................:         0
  UtilStackSub_A_RedTempMacro_SHARED.............:         0
  UtilStackSub_A_LeThrottle_SHARED...............:         0
  UtilStackSub_A_LeFifoFull_SHARED...............:         0
  UtilStackSub_A_IiCool_SHARED...................:         0
  UtilStackSub_A_DstbufFull_SHARED...............:         0
  UtilStackSub_A_PipeFull_SHARED.................:         0
  UtilStackSub_D_StaticSrc_SHARED................:         0
  UtilStackSub_D_RedTempCount_SHARED.............:         0
  UtilStackSub_D_DynSrcbuf_SHARED................:         0
  UtilStackSubO_Reconcile_SHARED.................:      0.00
  UtilStackSubA_Reconcile_SHARED.................:      0.00
  UtilStackSubD_Reconcile_SHARED.................:      0.00
  UtilStackOBlocker_None_INT.....................:         0
  UtilStackOBlocker_FmaRead_INT..................:         0
  UtilStackOBlocker_IntRead_INT..................:         0
  UtilStackOBlocker_LeRead_INT...................:         0
  UtilStackOBlocker_FmaWrite_INT.................:         0
  UtilStackOBlocker_IntWrite_INT.................:         1
  UtilStackOBlocker_CubeRead_INT.................:         0
  UtilStackOBlocker_CubeWrite_INT................:         0
  UtilStackOBlocker_LeWrite_INT..................:         0
  UtilStackOBlocker_Reconcile_INT................:      0.00
  UtilStackOBlocker_None_FMA.....................:         0
  UtilStackOBlocker_FmaRead_FMA..................:         0
  UtilStackOBlocker_IntRead_FMA..................:         0
  UtilStackOBlocker_LeRead_FMA...................:         0
  UtilStackOBlocker_FmaWrite_FMA.................:         0
  UtilStackOBlocker_IntWrite_FMA.................:         0
  UtilStackOBlocker_CubeRead_FMA.................:         0
  UtilStackOBlocker_CubeWrite_FMA................:         0
  UtilStackOBlocker_LeWrite_FMA..................:         0
  UtilStackOBlocker_Reconcile_FMA................:      0.00
  UtilStackOBlocker_None_LNEXP...................:         0
  UtilStackOBlocker_FmaRead_LNEXP................:         0
  UtilStackOBlocker_IntRead_LNEXP................:         0
  UtilStackOBlocker_LeRead_LNEXP.................:         0
  UtilStackOBlocker_FmaWrite_LNEXP...............:         0
  UtilStackOBlocker_IntWrite_LNEXP...............:         0
  UtilStackOBlocker_CubeRead_LNEXP...............:         0
  UtilStackOBlocker_CubeWrite_LNEXP..............:         0
  UtilStackOBlocker_LeWrite_LNEXP................:         0
  UtilStackOBlocker_Reconcile_LNEXP..............:      0.00
  UtilStackOBlocker_None_SHARED..................:         0
  UtilStackOBlocker_FmaRead_SHARED...............:         0
  UtilStackOBlocker_IntRead_SHARED...............:         0
  UtilStackOBlocker_LeRead_SHARED................:         0
  UtilStackOBlocker_FmaWrite_SHARED..............:         0
  UtilStackOBlocker_IntWrite_SHARED..............:         0
  UtilStackOBlocker_CubeRead_SHARED..............:         0
  UtilStackOBlocker_CubeWrite_SHARED.............:         0
  UtilStackOBlocker_LeWrite_SHARED...............:         0
  UtilStackOBlocker_Reconcile_SHARED.............:      0.00
YieldFmaReadCycles...............................:         0
YieldFmaWriteCycles..............................:         0
UtilStackHideRatio...............................:      0.00
UtilStackHideRatioStrict.........................:      0.00
  UtilStackIssueCombo_None.......................:     18757
  UtilStackIssueCombo_INT........................:       818
  UtilStackIssueCombo_FMA........................:       152
  UtilStackIssueCombo_INT+FMA....................:         4
  UtilStackIssueCombo_LE.........................:         6
  UtilStackIssueCombo_INT+LE.....................:        58
  UtilStackIssueCombo_FMA+LE.....................:         0
  UtilStackIssueCombo_INT+FMA+LE.................:         0
  UtilStackIssueCombo_SH.........................:         0
  UtilStackIssueCombo_INT+SH.....................:         0
  UtilStackIssueCombo_FMA+SH.....................:         0
  UtilStackIssueCombo_INT+FMA+SH.................:         0
  UtilStackIssueCombo_LE+SH......................:         0
  UtilStackIssueCombo_INT+LE+SH..................:         0
  UtilStackIssueCombo_FMA+LE+SH..................:         0
  UtilStackIssueCombo_INT+FMA+LE+SH..............:         0
  UtilStackIssueCombo_Reconcile..................:      0.00
  UtilStackIssueEvent_Reconcile..................:      0.00
UtilStackMultiIssueProb..........................:      0.06
UtilStackAvgIssueRate............................:      0.06
UtilStackIssueWidthUtil..........................:      0.02
====================Vector PMU Stats PE2====================
PEId.............................................:         2
TileopNum........................................:       291
TCMPPackedTileNum................................:         2
TCMPFragmentExpected.............................:        64
TCMPFragmentCompleted............................:        64
TCMPFragmentCanceled.............................:         0
TCMPPackedCellWrites.............................:         2
TCMPPackWriteWaitCycles..........................:         2
TCMPFlushedTileNum...............................:         0
UopNum...........................................:      1100
SplitCellCountMismatch...........................:         0
SplitPartialCellUopCount.........................:         0
SplitUopAvgPayloadBytes..........................:       N/A
UopQDispatch_INT.................................:       132
UopQReadyBypass_INT..............................:        16
UopQDispatchSrcBufFullCycles_INT.................:       109
UopQDispatchSrcBufFullBlockedCycles_INT..........:       109
VecSrcCellNotReadyCycles_INT.....................:       467
SharedReadPortWaitCycles_INT.....................:         0
UopQDispatch_FMA.................................:         0
UopQReadyBypass_FMA..............................:         0
UopQDispatchSrcBufFullCycles_FMA.................:         0
UopQDispatchSrcBufFullBlockedCycles_FMA..........:         0
VecSrcCellNotReadyCycles_FMA.....................:       105
SharedReadPortWaitCycles_FMA.....................:         0
UopQDispatch_LNEXP...............................:         0
UopQReadyBypass_LNEXP............................:         0
UopQDispatchSrcBufFullCycles_LNEXP...............:         0
UopQDispatchSrcBufFullBlockedCycles_LNEXP........:         0
VecSrcCellNotReadyCycles_LNEXP...................:       124
SharedReadPortWaitCycles_LNEXP...................:         0
CellReadMergedUops...............................:         0
StaticUopsIssued.................................:       968
StaticBoardBlockCycles...........................:         0
StaticWritebacks.................................:       968
EarlyWakeupFired.................................:       281
StaticDynPipeBlockCycles.........................:       148
DynStaticChainBlockCycles........................:       119
ExpandTagHits_INT................................:        26
ExpandTagMisses_INT..............................:         2
ExpandBankFills_INT..............................:         2
ExpandTempFills_INT..............................:         0
ExpandEvicts_INT.................................:         0
ExpandTagHits_FMA................................:         0
ExpandTagMisses_FMA..............................:         0
ExpandBankFills_FMA..............................:         0
ExpandTempFills_FMA..............................:         0
ExpandEvicts_FMA.................................:         0
ExpandTagHits_LNEXP..............................:         0
ExpandTagMisses_LNEXP............................:         0
ExpandBankFills_LNEXP............................:         0
ExpandTempFills_LNEXP............................:         0
ExpandEvicts_LNEXP...............................:         0
ExpandFillDrops..................................:         0
ExpandReadStaleFallbacks cls0....................:         0
ExpandReadStaleFallbacks cls1....................:         0
ExpandReadStaleFallbacks cls2....................:         0
LeSharedPortBlockCycles..........................:         0
LeSrc1CarrySkips.................................:         0
=======Static Path Bank Access / Conflict Attribution=======
  StaticBankReads Bank[0]........................:       122
  StaticBankReads Bank[1]........................:       109
  StaticBankReads Bank[2]........................:        90
  StaticBankReads Bank[3]........................:        92
  StaticBankReads Bank[4]........................:        95
  StaticBankReads Bank[5]........................:        93
  StaticBankReads Bank[6]........................:        93
  StaticBankReads Bank[7]........................:        89
  StaticDetectReadBlocks Bank[0].................:         9
  StaticDetectReadBlocks Bank[1].................:        10
  StaticDetectReadBlocks Bank[2].................:         3
  StaticDetectReadBlocks Bank[3].................:         0
  StaticDetectReadBlocks Bank[4].................:         8
  StaticDetectReadBlocks Bank[5].................:         7
  StaticDetectReadBlocks Bank[6].................:         5
  StaticDetectReadBlocks Bank[7].................:         3
  StaticDetectWriteBlocks Bank[0]................:         0
  StaticDetectWriteBlocks Bank[1]................:         0
  StaticDetectWriteBlocks Bank[2]................:         0
  StaticDetectWriteBlocks Bank[3]................:         0
  StaticDetectWriteBlocks Bank[4]................:         0
  StaticDetectWriteBlocks Bank[5]................:         0
  StaticDetectWriteBlocks Bank[6]................:         0
  StaticDetectWriteBlocks Bank[7]................:         0
  StaticIntYieldBlocks Bank[0]...................:         0
  StaticIntYieldBlocks Bank[1]...................:         0
  StaticIntYieldBlocks Bank[2]...................:         0
  StaticIntYieldBlocks Bank[3]...................:         0
  StaticIntYieldBlocks Bank[4]...................:         0
  StaticIntYieldBlocks Bank[5]...................:         0
  StaticIntYieldBlocks Bank[6]...................:         0
  StaticIntYieldBlocks Bank[7]...................:         0
  StaticBoardOccSum Bank[0]......................:      1808
  StaticBoardOccSum Bank[1]......................:      1650
  StaticBoardOccSum Bank[2]......................:      1592
  StaticBoardOccSum Bank[3]......................:      1616
  StaticBoardOccSum Bank[4]......................:      1700
  StaticBoardOccSum Bank[5]......................:      1660
  StaticBoardOccSum Bank[6]......................:      1606
  StaticBoardOccSum Bank[7]......................:      1545
  StaticBoardOccColSum Col[0]....................:      1531
  StaticBoardOccColSum Col[1]....................:      1531
  StaticBoardOccColSum Col[2]....................:      1531
  StaticBoardOccColSum Col[3]....................:      1198
  StaticBoardOccColSum Col[4]....................:      1058
  StaticBoardOccColSum Col[5]....................:       904
  StaticBoardOccColSum Col[6]....................:       904
  StaticBoardOccColSum Col[7]....................:       904
  StaticBoardOccColSum Col[8]....................:       904
  StaticBoardOccColSum Col[9]....................:       904
  StaticBoardOccColSum Col[10]...................:       904
  StaticBoardOccColSum Col[11]...................:       904
  StaticBoardOccColSum Col[12]...................:         0
  StaticBoardOccColSum Col[13]...................:         0
  StaticBoardOccColSum Col[14]...................:         0
  StaticBoardOccColSum Col[15]...................:         0
VecAluAcceptCycles_FMA...........................:       156
VecAluAcceptCycles_INT...........................:       880
VecAluAcceptCycles_LNEXP.........................:        64
VecTripleIssueCycles.............................:         0
VecDualIssueCycles...............................:        62
VecSingleIssueCycles.............................:       976
VecIdleIssueCycles...............................:     18757
CellReadMergeSaved...............................:         0
SrcBufBypassIssue................................:         0
SplitRawGateBlocked..............................:         0
SplitNoFreeSlotCycles............................:         0
IPC(UOP).........................................:  0.055570
RowExpandTileNum.................................:         0
RowReduceTileNum.................................:        20
RowReduceLayerNum................................:         0
RowReduceUopSplit................................:        80
RowReduceUopDone.................................:        80
RowReduceRootWriteNum............................:        20
RowReduceFlushedTileNum..........................:         0
RowReduceEntryUnavailableCycles..................:         0
RowReduceSplitBandwidthWaitTileCycles............:         0
RowReduceSrcBufFullTileCycles....................:         0
RowReduceLayerWaitTileCycles.....................:         0
RowReduceLayerPublishWaitTileCycles..............:         0
RowReduceReadPortWaitUopCycles...................:         0
RowReduceSourceResponseWaitUopCycles.............:         0
RowReduceIssueIntervalWaitUopCycles..............:         0
RowReduceSameGroupWaitUopCycles..................:         0
RowReduceExecPipeFullUopCycles...................:         0
RowReduceRootDstBufWaitTileCycles................:         0
RowReduceRootWritePortWaitCycles.................:         0
RowReduceRootWriteResponseWaitCycles.............:         0
RowReduceSrcNotReadyCycles.......................:        60
RowReduceTEMPForwardHits.........................:        72
RowReduceCellFallbackReads.......................:        70
RedTempMacroNum..................................:         0
HybridCountGatedTiles............................:         0
ReadNum..........................................:        64
CellReadAccessTotal..............................:       911
CellReadAccess_INT...............................:       535
CellReadAccess_FMA...............................:       312
CellReadAccess_LNEXP.............................:        64
ReadLat..........................................:      6.03
  |--LatLE5......................................:         0
  |--LatLE10.....................................:        64
  |--LatLE15.....................................:         0
  |--LatGT15.....................................:         0
WriteNum.........................................:       134
CellWriteAccessTotal.............................:      1038
CellWriteAccess_INT..............................:       818
CellWriteAccess_FMA..............................:       156
CellWriteAccess_LNEXP............................:        64
TempForwardHits_INT..............................:       359
TempForwardHits_FMA..............................:         0
TempForwardHits_LNEXP............................:         0
TempForwardMisses_INT............................:       433
TempForwardMisses_FMA............................:       312
TempForwardMisses_LNEXP..........................:        64
ExpandTagHits_INT................................:        26
ExpandTagHits_FMA................................:         0
ExpandTagHits_LNEXP..............................:         0
ExpandTagMisses_INT..............................:         2
ExpandTagMisses_FMA..............................:         0
ExpandTagMisses_LNEXP............................:         0
ExpandBankFills_INT..............................:         2
ExpandBankFills_FMA..............................:         0
ExpandBankFills_LNEXP............................:         0
ExpandTempFills_INT..............................:         0
ExpandTempFills_FMA..............................:         0
ExpandTempFills_LNEXP............................:         0
ExpandEvicts_INT.................................:         0
ExpandEvicts_FMA.................................:         0
ExpandEvicts_LNEXP...............................:         0
LeSharedPortBlockCycles..........................:         0
WriteLat.........................................:      1.10
  |--LatLE5......................................:       134
  |--LatLE10.....................................:         0
  |--LatLE15.....................................:         0
  |--LatGT15.....................................:         0
AccountExpCellReads_INT..........................:       920
AccountExpCellReads_FMA..........................:       312
AccountExpCellReads_LNEXP........................:        64
AccountExpRedTempReads...........................:         0
AccountRedTempReads..............................:         0
AccountExpCellWrites_INT.........................:       880
AccountExpCellWrites_FMA.........................:       156
AccountExpCellWrites_LNEXP.......................:        64
AccountExpRedTempWrites..........................:         0
AccountExpReadsTotal.............................:      1296
AccountActReadsTotal.............................:      1296
AccountReadDelta.................................:      0.00
AccountExpWritesTotal............................:      1100
AccountActWritesTotal............................:      1038
AccountWriteDelta................................:     62.00
========================VecUtilStack========================
UtilStackW_INT...................................:       880
UtilStackO_INT...................................:         4
UtilStackA_INT...................................:         0
UtilStackD_INT...................................:         6
UtilStackI_INT...................................:        36
UtilStackS_INT...................................:     18869
UtilStackUnaccounted_INT.........................:         0
UtilStackW_FMA...................................:       156
UtilStackO_FMA...................................:         0
UtilStackA_FMA...................................:         0
UtilStackD_FMA...................................:         0
UtilStackI_FMA...................................:         0
UtilStackS_FMA...................................:     19639
UtilStackUnaccounted_FMA.........................:         0
UtilStackW_LNEXP.................................:        64
UtilStackO_LNEXP.................................:         0
UtilStackA_LNEXP.................................:        68
UtilStackD_LNEXP.................................:         0
UtilStackI_LNEXP.................................:         0
UtilStackS_LNEXP.................................:     19663
UtilStackUnaccounted_LNEXP.......................:         0
UtilStackW_SHARED................................:         0
UtilStackO_SHARED................................:         0
UtilStackA_SHARED................................:         0
UtilStackD_SHARED................................:         0
UtilStackI_SHARED................................:         0
UtilStackS_SHARED................................:     19795
UtilStackUnaccounted_SHARED......................:         0
UtilStackCycles..................................:     19795
UtilStackVecBusy.................................:      3030
UtilStackVecExposed..............................:      3030
  UtilStackSub_O_DstWriteCfl_INT.................:         0
  UtilStackSub_O_BankCfl_INT.....................:         4
  UtilStackSub_O_SharedPort_INT..................:         0
  UtilStackSub_O_YieldFma_INT....................:         0
  UtilStackSub_O_LePort_INT......................:         0
  UtilStackSub_A_RedTempMacro_INT................:         0
  UtilStackSub_A_LeThrottle_INT..................:         0
  UtilStackSub_A_LeFifoFull_INT..................:         0
  UtilStackSub_A_IiCool_INT......................:         0
  UtilStackSub_A_DstbufFull_INT..................:         0
  UtilStackSub_A_PipeFull_INT....................:         0
  UtilStackSub_D_StaticSrc_INT...................:         0
  UtilStackSub_D_RedTempCount_INT................:         0
  UtilStackSub_D_DynSrcbuf_INT...................:         6
  UtilStackSubO_Reconcile_INT....................:      0.00
  UtilStackSubA_Reconcile_INT....................:      0.00
  UtilStackSubD_Reconcile_INT....................:      0.00
  UtilStackSub_O_DstWriteCfl_FMA.................:         0
  UtilStackSub_O_BankCfl_FMA.....................:         0
  UtilStackSub_O_SharedPort_FMA..................:         0
  UtilStackSub_O_YieldFma_FMA....................:         0
  UtilStackSub_O_LePort_FMA......................:         0
  UtilStackSub_A_RedTempMacro_FMA................:         0
  UtilStackSub_A_LeThrottle_FMA..................:         0
  UtilStackSub_A_LeFifoFull_FMA..................:         0
  UtilStackSub_A_IiCool_FMA......................:         0
  UtilStackSub_A_DstbufFull_FMA..................:         0
  UtilStackSub_A_PipeFull_FMA....................:         0
  UtilStackSub_D_StaticSrc_FMA...................:         0
  UtilStackSub_D_RedTempCount_FMA................:         0
  UtilStackSub_D_DynSrcbuf_FMA...................:         0
  UtilStackSubO_Reconcile_FMA....................:      0.00
  UtilStackSubA_Reconcile_FMA....................:      0.00
  UtilStackSubD_Reconcile_FMA....................:      0.00
  UtilStackSub_O_DstWriteCfl_LNEXP...............:         0
  UtilStackSub_O_BankCfl_LNEXP...................:         0
  UtilStackSub_O_SharedPort_LNEXP................:         0
  UtilStackSub_O_YieldFma_LNEXP..................:         0
  UtilStackSub_O_LePort_LNEXP....................:         0
  UtilStackSub_A_RedTempMacro_LNEXP..............:         0
  UtilStackSub_A_LeThrottle_LNEXP................:        64
  UtilStackSub_A_LeFifoFull_LNEXP................:         4
  UtilStackSub_A_IiCool_LNEXP....................:         0
  UtilStackSub_A_DstbufFull_LNEXP................:         0
  UtilStackSub_A_PipeFull_LNEXP..................:         0
  UtilStackSub_D_StaticSrc_LNEXP.................:         0
  UtilStackSub_D_RedTempCount_LNEXP..............:         0
  UtilStackSub_D_DynSrcbuf_LNEXP.................:         0
  UtilStackSubO_Reconcile_LNEXP..................:      0.00
  UtilStackSubA_Reconcile_LNEXP..................:      0.00
  UtilStackSubD_Reconcile_LNEXP..................:      0.00
  UtilStackSub_O_DstWriteCfl_SHARED..............:         0
  UtilStackSub_O_BankCfl_SHARED..................:         0
  UtilStackSub_O_SharedPort_SHARED...............:         0
  UtilStackSub_O_YieldFma_SHARED.................:         0
  UtilStackSub_O_LePort_SHARED...................:         0
  UtilStackSub_A_RedTempMacro_SHARED.............:         0
  UtilStackSub_A_LeThrottle_SHARED...............:         0
  UtilStackSub_A_LeFifoFull_SHARED...............:         0
  UtilStackSub_A_IiCool_SHARED...................:         0
  UtilStackSub_A_DstbufFull_SHARED...............:         0
  UtilStackSub_A_PipeFull_SHARED.................:         0
  UtilStackSub_D_StaticSrc_SHARED................:         0
  UtilStackSub_D_RedTempCount_SHARED.............:         0
  UtilStackSub_D_DynSrcbuf_SHARED................:         0
  UtilStackSubO_Reconcile_SHARED.................:      0.00
  UtilStackSubA_Reconcile_SHARED.................:      0.00
  UtilStackSubD_Reconcile_SHARED.................:      0.00
  UtilStackOBlocker_None_INT.....................:         0
  UtilStackOBlocker_FmaRead_INT..................:         0
  UtilStackOBlocker_IntRead_INT..................:         0
  UtilStackOBlocker_LeRead_INT...................:         0
  UtilStackOBlocker_FmaWrite_INT.................:         0
  UtilStackOBlocker_IntWrite_INT.................:         4
  UtilStackOBlocker_CubeRead_INT.................:         0
  UtilStackOBlocker_CubeWrite_INT................:         0
  UtilStackOBlocker_LeWrite_INT..................:         0
  UtilStackOBlocker_Reconcile_INT................:      0.00
  UtilStackOBlocker_None_FMA.....................:         0
  UtilStackOBlocker_FmaRead_FMA..................:         0
  UtilStackOBlocker_IntRead_FMA..................:         0
  UtilStackOBlocker_LeRead_FMA...................:         0
  UtilStackOBlocker_FmaWrite_FMA.................:         0
  UtilStackOBlocker_IntWrite_FMA.................:         0
  UtilStackOBlocker_CubeRead_FMA.................:         0
  UtilStackOBlocker_CubeWrite_FMA................:         0
  UtilStackOBlocker_LeWrite_FMA..................:         0
  UtilStackOBlocker_Reconcile_FMA................:      0.00
  UtilStackOBlocker_None_LNEXP...................:         0
  UtilStackOBlocker_FmaRead_LNEXP................:         0
  UtilStackOBlocker_IntRead_LNEXP................:         0
  UtilStackOBlocker_LeRead_LNEXP.................:         0
  UtilStackOBlocker_FmaWrite_LNEXP...............:         0
  UtilStackOBlocker_IntWrite_LNEXP...............:         0
  UtilStackOBlocker_CubeRead_LNEXP...............:         0
  UtilStackOBlocker_CubeWrite_LNEXP..............:         0
  UtilStackOBlocker_LeWrite_LNEXP................:         0
  UtilStackOBlocker_Reconcile_LNEXP..............:      0.00
  UtilStackOBlocker_None_SHARED..................:         0
  UtilStackOBlocker_FmaRead_SHARED...............:         0
  UtilStackOBlocker_IntRead_SHARED...............:         0
  UtilStackOBlocker_LeRead_SHARED................:         0
  UtilStackOBlocker_FmaWrite_SHARED..............:         0
  UtilStackOBlocker_IntWrite_SHARED..............:         0
  UtilStackOBlocker_CubeRead_SHARED..............:         0
  UtilStackOBlocker_CubeWrite_SHARED.............:         0
  UtilStackOBlocker_LeWrite_SHARED...............:         0
  UtilStackOBlocker_Reconcile_SHARED.............:      0.00
YieldFmaReadCycles...............................:         0
YieldFmaWriteCycles..............................:         0
UtilStackHideRatio...............................:      0.00
UtilStackHideRatioStrict.........................:      0.00
  UtilStackIssueCombo_None.......................:     18757
  UtilStackIssueCombo_INT........................:       818
  UtilStackIssueCombo_FMA........................:       152
  UtilStackIssueCombo_INT+FMA....................:         4
  UtilStackIssueCombo_LE.........................:         6
  UtilStackIssueCombo_INT+LE.....................:        58
  UtilStackIssueCombo_FMA+LE.....................:         0
  UtilStackIssueCombo_INT+FMA+LE.................:         0
  UtilStackIssueCombo_SH.........................:         0
  UtilStackIssueCombo_INT+SH.....................:         0
  UtilStackIssueCombo_FMA+SH.....................:         0
  UtilStackIssueCombo_INT+FMA+SH.................:         0
  UtilStackIssueCombo_LE+SH......................:         0
  UtilStackIssueCombo_INT+LE+SH..................:         0
  UtilStackIssueCombo_FMA+LE+SH..................:         0
  UtilStackIssueCombo_INT+FMA+LE+SH..............:         0
  UtilStackIssueCombo_Reconcile..................:      0.00
  UtilStackIssueEvent_Reconcile..................:      0.00
UtilStackMultiIssueProb..........................:      0.06
UtilStackAvgIssueRate............................:      0.06
UtilStackIssueWidthUtil..........................:      0.02
====================Vector PMU Stats PE3====================
PEId.............................................:         3
TileopNum........................................:       298
TCMPPackedTileNum................................:         2
TCMPFragmentExpected.............................:        64
TCMPFragmentCompleted............................:        64
TCMPFragmentCanceled.............................:         0
TCMPPackedCellWrites.............................:         2
TCMPPackWriteWaitCycles..........................:         2
TCMPFlushedTileNum...............................:         0
UopNum...........................................:      1128
SplitCellCountMismatch...........................:         0
SplitPartialCellUopCount.........................:         0
SplitUopAvgPayloadBytes..........................:       N/A
UopQDispatch_INT.................................:       132
UopQReadyBypass_INT..............................:        16
UopQDispatchSrcBufFullCycles_INT.................:       111
UopQDispatchSrcBufFullBlockedCycles_INT..........:       111
VecSrcCellNotReadyCycles_INT.....................:       484
SharedReadPortWaitCycles_INT.....................:         0
UopQDispatch_FMA.................................:         0
UopQReadyBypass_FMA..............................:         0
UopQDispatchSrcBufFullCycles_FMA.................:         0
UopQDispatchSrcBufFullBlockedCycles_FMA..........:         0
VecSrcCellNotReadyCycles_FMA.....................:       108
SharedReadPortWaitCycles_FMA.....................:         0
UopQDispatch_LNEXP...............................:         0
UopQReadyBypass_LNEXP............................:         0
UopQDispatchSrcBufFullCycles_LNEXP...............:         0
UopQDispatchSrcBufFullBlockedCycles_LNEXP........:         0
VecSrcCellNotReadyCycles_LNEXP...................:       124
SharedReadPortWaitCycles_LNEXP...................:         0
CellReadMergedUops...............................:         0
StaticUopsIssued.................................:       996
StaticBoardBlockCycles...........................:         0
StaticWritebacks.................................:       996
EarlyWakeupFired.................................:       288
StaticDynPipeBlockCycles.........................:       148
DynStaticChainBlockCycles........................:       121
ExpandTagHits_INT................................:        33
ExpandTagMisses_INT..............................:         2
ExpandBankFills_INT..............................:         2
ExpandTempFills_INT..............................:         0
ExpandEvicts_INT.................................:         0
ExpandTagHits_FMA................................:         0
ExpandTagMisses_FMA..............................:         0
ExpandBankFills_FMA..............................:         0
ExpandTempFills_FMA..............................:         0
ExpandEvicts_FMA.................................:         0
ExpandTagHits_LNEXP..............................:         0
ExpandTagMisses_LNEXP............................:         0
ExpandBankFills_LNEXP............................:         0
ExpandTempFills_LNEXP............................:         0
ExpandEvicts_LNEXP...............................:         0
ExpandFillDrops..................................:         0
ExpandReadStaleFallbacks cls0....................:         0
ExpandReadStaleFallbacks cls1....................:         0
ExpandReadStaleFallbacks cls2....................:         0
LeSharedPortBlockCycles..........................:         0
LeSrc1CarrySkips.................................:         0
=======Static Path Bank Access / Conflict Attribution=======
  StaticBankReads Bank[0]........................:       115
  StaticBankReads Bank[1]........................:       106
  StaticBankReads Bank[2]........................:        96
  StaticBankReads Bank[3]........................:       101
  StaticBankReads Bank[4]........................:        81
  StaticBankReads Bank[5]........................:        78
  StaticBankReads Bank[6]........................:        99
  StaticBankReads Bank[7]........................:        91
  StaticDetectReadBlocks Bank[0].................:        10
  StaticDetectReadBlocks Bank[1].................:        10
  StaticDetectReadBlocks Bank[2].................:         4
  StaticDetectReadBlocks Bank[3].................:         0
  StaticDetectReadBlocks Bank[4].................:         9
  StaticDetectReadBlocks Bank[5].................:         6
  StaticDetectReadBlocks Bank[6].................:         3
  StaticDetectReadBlocks Bank[7].................:         0
  StaticDetectWriteBlocks Bank[0]................:         0
  StaticDetectWriteBlocks Bank[1]................:         0
  StaticDetectWriteBlocks Bank[2]................:         0
  StaticDetectWriteBlocks Bank[3]................:         0
  StaticDetectWriteBlocks Bank[4]................:         0
  StaticDetectWriteBlocks Bank[5]................:         0
  StaticDetectWriteBlocks Bank[6]................:         0
  StaticDetectWriteBlocks Bank[7]................:         0
  StaticIntYieldBlocks Bank[0]...................:         0
  StaticIntYieldBlocks Bank[1]...................:         0
  StaticIntYieldBlocks Bank[2]...................:         0
  StaticIntYieldBlocks Bank[3]...................:         0
  StaticIntYieldBlocks Bank[4]...................:         0
  StaticIntYieldBlocks Bank[5]...................:         0
  StaticIntYieldBlocks Bank[6]...................:         0
  StaticIntYieldBlocks Bank[7]...................:         0
  StaticBoardOccSum Bank[0]......................:      1823
  StaticBoardOccSum Bank[1]......................:      1743
  StaticBoardOccSum Bank[2]......................:      1659
  StaticBoardOccSum Bank[3]......................:      1721
  StaticBoardOccSum Bank[4]......................:      1665
  StaticBoardOccSum Bank[5]......................:      1597
  StaticBoardOccSum Bank[6]......................:      1662
  StaticBoardOccSum Bank[7]......................:      1600
  StaticBoardOccColSum Col[0]....................:      1547
  StaticBoardOccColSum Col[1]....................:      1547
  StaticBoardOccColSum Col[2]....................:      1547
  StaticBoardOccColSum Col[3]....................:      1224
  StaticBoardOccColSum Col[4]....................:      1081
  StaticBoardOccColSum Col[5]....................:       932
  StaticBoardOccColSum Col[6]....................:       932
  StaticBoardOccColSum Col[7]....................:       932
  StaticBoardOccColSum Col[8]....................:       932
  StaticBoardOccColSum Col[9]....................:       932
  StaticBoardOccColSum Col[10]...................:       932
  StaticBoardOccColSum Col[11]...................:       932
  StaticBoardOccColSum Col[12]...................:         0
  StaticBoardOccColSum Col[13]...................:         0
  StaticBoardOccColSum Col[14]...................:         0
  StaticBoardOccColSum Col[15]...................:         0
VecAluAcceptCycles_FMA...........................:       160
VecAluAcceptCycles_INT...........................:       904
VecAluAcceptCycles_LNEXP.........................:        64
VecTripleIssueCycles.............................:         0
VecDualIssueCycles...............................:        63
VecSingleIssueCycles.............................:      1002
VecIdleIssueCycles...............................:     18730
CellReadMergeSaved...............................:         0
SrcBufBypassIssue................................:         0
SplitRawGateBlocked..............................:         0
SplitNoFreeSlotCycles............................:         0
IPC(UOP).........................................:  0.056984
RowExpandTileNum.................................:         0
RowReduceTileNum.................................:        20
RowReduceLayerNum................................:         0
RowReduceUopSplit................................:        80
RowReduceUopDone.................................:        80
RowReduceRootWriteNum............................:        20
RowReduceFlushedTileNum..........................:         0
RowReduceEntryUnavailableCycles..................:         0
RowReduceSplitBandwidthWaitTileCycles............:         0
RowReduceSrcBufFullTileCycles....................:         0
RowReduceLayerWaitTileCycles.....................:         0
RowReduceLayerPublishWaitTileCycles..............:         0
RowReduceReadPortWaitUopCycles...................:         0
RowReduceSourceResponseWaitUopCycles.............:         0
RowReduceIssueIntervalWaitUopCycles..............:         0
RowReduceSameGroupWaitUopCycles..................:         0
RowReduceExecPipeFullUopCycles...................:         0
RowReduceRootDstBufWaitTileCycles................:         0
RowReduceRootWritePortWaitCycles.................:         0
RowReduceRootWriteResponseWaitCycles.............:         0
RowReduceSrcNotReadyCycles.......................:        60
RowReduceTEMPForwardHits.........................:        73
RowReduceCellFallbackReads.......................:        69
RedTempMacroNum..................................:         0
HybridCountGatedTiles............................:         0
ReadNum..........................................:        64
CellReadAccessTotal..............................:       895
CellReadAccess_INT...............................:       537
CellReadAccess_FMA...............................:       304
CellReadAccess_LNEXP.............................:        54
ReadLat..........................................:      6.03
  |--LatLE5......................................:         0
  |--LatLE10.....................................:        64
  |--LatLE15.....................................:         0
  |--LatGT15.....................................:         0
WriteNum.........................................:       134
CellWriteAccessTotal.............................:      1066
CellWriteAccess_INT..............................:       842
CellWriteAccess_FMA..............................:       160
CellWriteAccess_LNEXP............................:        64
TempForwardHits_INT..............................:       370
TempForwardHits_FMA..............................:        16
TempForwardHits_LNEXP............................:        10
TempForwardMisses_INT............................:       442
TempForwardMisses_FMA............................:       304
TempForwardMisses_LNEXP..........................:        54
ExpandTagHits_INT................................:        33
ExpandTagHits_FMA................................:         0
ExpandTagHits_LNEXP..............................:         0
ExpandTagMisses_INT..............................:         2
ExpandTagMisses_FMA..............................:         0
ExpandTagMisses_LNEXP............................:         0
ExpandBankFills_INT..............................:         2
ExpandBankFills_FMA..............................:         0
ExpandBankFills_LNEXP............................:         0
ExpandTempFills_INT..............................:         0
ExpandTempFills_FMA..............................:         0
ExpandTempFills_LNEXP............................:         0
ExpandEvicts_INT.................................:         0
ExpandEvicts_FMA.................................:         0
ExpandEvicts_LNEXP...............................:         0
LeSharedPortBlockCycles..........................:         0
WriteLat.........................................:      1.10
  |--LatLE5......................................:       134
  |--LatLE10.....................................:         0
  |--LatLE15.....................................:         0
  |--LatGT15.....................................:         0
AccountExpCellReads_INT..........................:       940
AccountExpCellReads_FMA..........................:       320
AccountExpCellReads_LNEXP........................:        64
AccountExpRedTempReads...........................:         0
AccountRedTempReads..............................:         0
AccountExpCellWrites_INT.........................:       904
AccountExpCellWrites_FMA.........................:       160
AccountExpCellWrites_LNEXP.......................:        64
AccountExpRedTempWrites..........................:         0
AccountExpReadsTotal.............................:      1324
AccountActReadsTotal.............................:      1324
AccountReadDelta.................................:      0.00
AccountExpWritesTotal............................:      1128
AccountActWritesTotal............................:      1066
AccountWriteDelta................................:     62.00
========================VecUtilStack========================
UtilStackW_INT...................................:       904
UtilStackO_INT...................................:         2
UtilStackA_INT...................................:         0
UtilStackD_INT...................................:         6
UtilStackI_INT...................................:        36
UtilStackS_INT...................................:     18847
UtilStackUnaccounted_INT.........................:         0
UtilStackW_FMA...................................:       160
UtilStackO_FMA...................................:         0
UtilStackA_FMA...................................:         0
UtilStackD_FMA...................................:         0
UtilStackI_FMA...................................:         0
UtilStackS_FMA...................................:     19635
UtilStackUnaccounted_FMA.........................:         0
UtilStackW_LNEXP.................................:        64
UtilStackO_LNEXP.................................:         0
UtilStackA_LNEXP.................................:        68
UtilStackD_LNEXP.................................:         0
UtilStackI_LNEXP.................................:         0
UtilStackS_LNEXP.................................:     19663
UtilStackUnaccounted_LNEXP.......................:         0
UtilStackW_SHARED................................:         0
UtilStackO_SHARED................................:         0
UtilStackA_SHARED................................:         0
UtilStackD_SHARED................................:         0
UtilStackI_SHARED................................:         0
UtilStackS_SHARED................................:     19795
UtilStackUnaccounted_SHARED......................:         0
UtilStackCycles..................................:     19795
UtilStackVecBusy.................................:      2970
UtilStackVecExposed..............................:      2970
  UtilStackSub_O_DstWriteCfl_INT.................:         0
  UtilStackSub_O_BankCfl_INT.....................:         2
  UtilStackSub_O_SharedPort_INT..................:         0
  UtilStackSub_O_YieldFma_INT....................:         0
  UtilStackSub_O_LePort_INT......................:         0
  UtilStackSub_A_RedTempMacro_INT................:         0
  UtilStackSub_A_LeThrottle_INT..................:         0
  UtilStackSub_A_LeFifoFull_INT..................:         0
  UtilStackSub_A_IiCool_INT......................:         0
  UtilStackSub_A_DstbufFull_INT..................:         0
  UtilStackSub_A_PipeFull_INT....................:         0
  UtilStackSub_D_StaticSrc_INT...................:         0
  UtilStackSub_D_RedTempCount_INT................:         0
  UtilStackSub_D_DynSrcbuf_INT...................:         6
  UtilStackSubO_Reconcile_INT....................:      0.00
  UtilStackSubA_Reconcile_INT....................:      0.00
  UtilStackSubD_Reconcile_INT....................:      0.00
  UtilStackSub_O_DstWriteCfl_FMA.................:         0
  UtilStackSub_O_BankCfl_FMA.....................:         0
  UtilStackSub_O_SharedPort_FMA..................:         0
  UtilStackSub_O_YieldFma_FMA....................:         0
  UtilStackSub_O_LePort_FMA......................:         0
  UtilStackSub_A_RedTempMacro_FMA................:         0
  UtilStackSub_A_LeThrottle_FMA..................:         0
  UtilStackSub_A_LeFifoFull_FMA..................:         0
  UtilStackSub_A_IiCool_FMA......................:         0
  UtilStackSub_A_DstbufFull_FMA..................:         0
  UtilStackSub_A_PipeFull_FMA....................:         0
  UtilStackSub_D_StaticSrc_FMA...................:         0
  UtilStackSub_D_RedTempCount_FMA................:         0
  UtilStackSub_D_DynSrcbuf_FMA...................:         0
  UtilStackSubO_Reconcile_FMA....................:      0.00
  UtilStackSubA_Reconcile_FMA....................:      0.00
  UtilStackSubD_Reconcile_FMA....................:      0.00
  UtilStackSub_O_DstWriteCfl_LNEXP...............:         0
  UtilStackSub_O_BankCfl_LNEXP...................:         0
  UtilStackSub_O_SharedPort_LNEXP................:         0
  UtilStackSub_O_YieldFma_LNEXP..................:         0
  UtilStackSub_O_LePort_LNEXP....................:         0
  UtilStackSub_A_RedTempMacro_LNEXP..............:         0
  UtilStackSub_A_LeThrottle_LNEXP................:        64
  UtilStackSub_A_LeFifoFull_LNEXP................:         4
  UtilStackSub_A_IiCool_LNEXP....................:         0
  UtilStackSub_A_DstbufFull_LNEXP................:         0
  UtilStackSub_A_PipeFull_LNEXP..................:         0
  UtilStackSub_D_StaticSrc_LNEXP.................:         0
  UtilStackSub_D_RedTempCount_LNEXP..............:         0
  UtilStackSub_D_DynSrcbuf_LNEXP.................:         0
  UtilStackSubO_Reconcile_LNEXP..................:      0.00
  UtilStackSubA_Reconcile_LNEXP..................:      0.00
  UtilStackSubD_Reconcile_LNEXP..................:      0.00
  UtilStackSub_O_DstWriteCfl_SHARED..............:         0
  UtilStackSub_O_BankCfl_SHARED..................:         0
  UtilStackSub_O_SharedPort_SHARED...............:         0
  UtilStackSub_O_YieldFma_SHARED.................:         0
  UtilStackSub_O_LePort_SHARED...................:         0
  UtilStackSub_A_RedTempMacro_SHARED.............:         0
  UtilStackSub_A_LeThrottle_SHARED...............:         0
  UtilStackSub_A_LeFifoFull_SHARED...............:         0
  UtilStackSub_A_IiCool_SHARED...................:         0
  UtilStackSub_A_DstbufFull_SHARED...............:         0
  UtilStackSub_A_PipeFull_SHARED.................:         0
  UtilStackSub_D_StaticSrc_SHARED................:         0
  UtilStackSub_D_RedTempCount_SHARED.............:         0
  UtilStackSub_D_DynSrcbuf_SHARED................:         0
  UtilStackSubO_Reconcile_SHARED.................:      0.00
  UtilStackSubA_Reconcile_SHARED.................:      0.00
  UtilStackSubD_Reconcile_SHARED.................:      0.00
  UtilStackOBlocker_None_INT.....................:         0
  UtilStackOBlocker_FmaRead_INT..................:         0
  UtilStackOBlocker_IntRead_INT..................:         0
  UtilStackOBlocker_LeRead_INT...................:         0
  UtilStackOBlocker_FmaWrite_INT.................:         0
  UtilStackOBlocker_IntWrite_INT.................:         2
  UtilStackOBlocker_CubeRead_INT.................:         0
  UtilStackOBlocker_CubeWrite_INT................:         0
  UtilStackOBlocker_LeWrite_INT..................:         0
  UtilStackOBlocker_Reconcile_INT................:      0.00
  UtilStackOBlocker_None_FMA.....................:         0
  UtilStackOBlocker_FmaRead_FMA..................:         0
  UtilStackOBlocker_IntRead_FMA..................:         0
  UtilStackOBlocker_LeRead_FMA...................:         0
  UtilStackOBlocker_FmaWrite_FMA.................:         0
  UtilStackOBlocker_IntWrite_FMA.................:         0
  UtilStackOBlocker_CubeRead_FMA.................:         0
  UtilStackOBlocker_CubeWrite_FMA................:         0
  UtilStackOBlocker_LeWrite_FMA..................:         0
  UtilStackOBlocker_Reconcile_FMA................:      0.00
  UtilStackOBlocker_None_LNEXP...................:         0
  UtilStackOBlocker_FmaRead_LNEXP................:         0
  UtilStackOBlocker_IntRead_LNEXP................:         0
  UtilStackOBlocker_LeRead_LNEXP.................:         0
  UtilStackOBlocker_FmaWrite_LNEXP...............:         0
  UtilStackOBlocker_IntWrite_LNEXP...............:         0
  UtilStackOBlocker_CubeRead_LNEXP...............:         0
  UtilStackOBlocker_CubeWrite_LNEXP..............:         0
  UtilStackOBlocker_LeWrite_LNEXP................:         0
  UtilStackOBlocker_Reconcile_LNEXP..............:      0.00
  UtilStackOBlocker_None_SHARED..................:         0
  UtilStackOBlocker_FmaRead_SHARED...............:         0
  UtilStackOBlocker_IntRead_SHARED...............:         0
  UtilStackOBlocker_LeRead_SHARED................:         0
  UtilStackOBlocker_FmaWrite_SHARED..............:         0
  UtilStackOBlocker_IntWrite_SHARED..............:         0
  UtilStackOBlocker_CubeRead_SHARED..............:         0
  UtilStackOBlocker_CubeWrite_SHARED.............:         0
  UtilStackOBlocker_LeWrite_SHARED...............:         0
  UtilStackOBlocker_Reconcile_SHARED.............:      0.00
YieldFmaReadCycles...............................:         0
YieldFmaWriteCycles..............................:         0
UtilStackHideRatio...............................:      0.00
UtilStackHideRatioStrict.........................:      0.00
  UtilStackIssueCombo_None.......................:     18730
  UtilStackIssueCombo_INT........................:       841
  UtilStackIssueCombo_FMA........................:       155
  UtilStackIssueCombo_INT+FMA....................:         5
  UtilStackIssueCombo_LE.........................:         6
  UtilStackIssueCombo_INT+LE.....................:        58
  UtilStackIssueCombo_FMA+LE.....................:         0
  UtilStackIssueCombo_INT+FMA+LE.................:         0
  UtilStackIssueCombo_SH.........................:         0
  UtilStackIssueCombo_INT+SH.....................:         0
  UtilStackIssueCombo_FMA+SH.....................:         0
  UtilStackIssueCombo_INT+FMA+SH.................:         0
  UtilStackIssueCombo_LE+SH......................:         0
  UtilStackIssueCombo_INT+LE+SH..................:         0
  UtilStackIssueCombo_FMA+LE+SH..................:         0
  UtilStackIssueCombo_INT+FMA+LE+SH..............:         0
  UtilStackIssueCombo_Reconcile..................:      0.00
  UtilStackIssueEvent_Reconcile..................:      0.00
UtilStackMultiIssueProb..........................:      0.06
UtilStackAvgIssueRate............................:      0.06
UtilStackIssueWidthUtil..........................:      0.02
===============CellReg Bank Arbitration Stats===============
Bank Active Cycles (>=1 pending).................:      2886
  |--Bank Conflict Cycles (>=2 pending)..........:        11    0.38%
  |--Bank Urgent(aged) Cycles....................:         0
Bank Grants (winners) Total......................:      2762
Bank Lose (non-winner waits) Total...............:       135
Bank Port-Yield (no free channel) Total..........:       126
Total Served Read Bytes..........................:    222208
Total Served Write Bytes.........................:     98560
  |--RQ_CUBE Win.................................:         0
  |--RQ_CUBE Lose................................:         0     N/A
  |--RQ_CUBE PortYield...........................:         0
  |--RQ_CUBE Served Bytes........................:         0
  |--RQ_VEC Win..................................:       512
  |--RQ_VEC Lose.................................:         8    1.54%
  |--RQ_VEC PortYield............................:         0
  |--RQ_VEC Served Bytes.........................:     65536
  |--RQ_TLSU Win.................................:      1224
  |--RQ_TLSU Lose................................:        70    5.41%
  |--RQ_TLSU PortYield...........................:        69
  |--RQ_TLSU Served Bytes........................:    156672
  |--WQ_CUBE Win.................................:         0
  |--WQ_CUBE Lose................................:         0     N/A
  |--WQ_CUBE PortYield...........................:         0
  |--WQ_CUBE Served Bytes........................:         0
  |--WQ_VEC Win..................................:       280
  |--WQ_VEC Lose.................................:         0    0.00%
  |--WQ_VEC PortYield............................:         0
  |--WQ_VEC Served Bytes.........................:     35840
  |--WQ_VEC_LNEXP Win............................:       256
  |--WQ_VEC_LNEXP Lose...........................:         0    0.00%
  |--WQ_VEC_LNEXP PortYield......................:         0
  |--WQ_VEC_LNEXP Served Bytes...................:     32768
  |--WQ_TLSU Win.................................:       490
  |--WQ_TLSU Lose................................:        57   10.42%
  |--WQ_TLSU PortYield...........................:        57
  |--WQ_TLSU Served Bytes........................:     62720
==============CellReg CUBE Bank-Group Backlog===============
WQ_CUBE active cycles............................:         0
  |--WQ_CUBE cross-group cycles..................:         0     N/A
RQ_CUBE active cycles............................:         0
  |--RQ_CUBE cross-group cycles..................:         0     N/A
CUBE Rd+Wr concurrent cycles.....................:         0
  |--Rd/Wr different-group cycles................:         0     N/A
  |--Wr-starved-by-Rd cycles (each owns a group).:         0     N/A
Direct OOR access dropped (pool end).............:         0
===========CellReg Per-Bank Conflict Distribution===========
  Bank[0] conflict cycles........................:         0    0.00%
  Bank[1] conflict cycles........................:         1    9.09%
  Bank[2] conflict cycles........................:         1    9.09%
  Bank[3] conflict cycles........................:         9   81.82%
  Bank[4] conflict cycles........................:         0    0.00%
  Bank[5] conflict cycles........................:         0    0.00%
  Bank[6] conflict cycles........................:         0    0.00%
  Bank[7] conflict cycles........................:         0    0.00%
==================SuperScalar Report Stop===================
======================Syscall Barrier=======================
sb_requested.....................................:         4
sb_executed......................................:         1
sb_canceled......................................:         3
sb_stashed.......................................:         2
sb_stash_overflow................................:         0
sb_pending.......................................:         0
sb_phase_idle....................................:     19586
sb_phase_pre_commit..............................:        18
sb_phase_quiet_wait..............................:         0
sb_phase_gate_all................................:         1
sb_phase_draining................................:       140
sb_phase_executing...............................:         1
syscall_owner_precommit_wait.....................:        18
syscall_worker_quiet_wait........................:         0
syscall_worker_quiet_cycles_total................:         0
syscall_worker_quiet_cycles_max..................:         0
syscall_commit_wait..............................:         0
syscall_l1_scb_drain_wait........................:       139
syscall_sl2_drain_wait...........................:         0
drain_wait.......................................:       139
syscall_drain_progress_timeout...................:         0
sb_T_complete....................................:      9998
sb_T_deadlock_effective..........................:      9999
sb_last_progress_cycle...........................:     19794
sb_lockstep_enabled..............................:         1
sb_lockstep_registered...........................:         4
sb_lockstep_blocks...............................:         1
sb_lockstep_executes.............................:         1
sb_lockstep_withdraw_startup.....................:         0
sb_lockstep_withdraw_flush.......................:         0
sb_lockstep_overflow.............................:         0
sb_lockstep_and_timeout..........................:         0
sb_lockstep_hold_cycles..........................:       675
sb_lockstep_exit_parks...........................:         4
syscall_post_ecall_issue_rejects.................:       276
syscall_bstop_admission_rejects..................:         0
sb_lockstep_held_now.............................:         0
sb_lockstep_ready_hist_0.........................:         0
sb_lockstep_ready_hist_1.........................:         0
sb_lockstep_ready_hist_2.........................:         0
sb_lockstep_ready_hist_3.........................:         0
sb_lockstep_ready_hist_4.........................:         1
