./bin/gfsim -f /mnt/workspace/projects/1009_SuperNPUBench_v2/SuperNPUBench/benchmark/one-level-arch/output/solution/moe_combine/elf/solution_moe_combine_moe_combine_mt_dyn.elf --conf fourpe --pto-v02 true -s tlsu.fake_l2_enable=false 
[gfsim] explicit PE config present; skipping ELF auto-detection
Parse Config File:
Parse Config File:
Parse Config File:
Parse Config File:
Parse Config File:
Parse Config File:
Parse Config File:
Parse Config File:
Parse Config File:
Parse Config File:
Parse Config File:
Parse Config File:
Parse Config File:
Parse Config File:
Parse Config File:
Parse Config File:
Parse Config File:
Parse Config File:
Parse Config File:
Parse Config File:
Parse Config File:
Parse Config File:
Parse Config File:
Parse Config File:
Parse Config File:
Parse Config File:
Parse Config File:
Parse Config File:
Parse Config File:
Parse Config File:
Parse Config File:
Parse Config File:
Parse Config File:
Parse Config File:
Parse Config File:
Parse Config File:
Parse Config File:
Parse Config File:
Parse Config File:
Parse Config File:
Parse Config File:
Parse Config File:
Parse Config File:
Parse Config File:
Parse Config File:
Parse Config File:
Parse Config File:
Parse Config File:
Parse Config File:
Parse Config File:
Parse Config File:
Parse Config File:
Parse Config File:
Parse Config File:
Parse Config File:
Parse Config File:
Parse Config File:
Parse Config File:
Parse Config File:
Parse Config File:
Parse Config File:
Parse Config File:
Parse Config File:
Parse Config File:
Parse Config File:
Parse Config File:
Parse Config File:
Parse Config File:
Parse Config File:
Override configurations:
tlsu.fake_l2_enable=false
core.threadCount=4
core.stdPeCount=1
core.cube_core_num=4
core.cube_thread_num=1
core.vec_core_num=4
fourpe.pe_cluster_enable=true
fourpe.pe_cluster_count=4
fourpe.pe_cluster_frontend_thread_count=4
fourpe.pe_cluster_aggregate_decode_width=8
fourpe.pe_cluster_gpr_rename_partition_entries=128
fourpe.pe_cluster_scalar_rob_partition_entries=128
fourpe.pe_cluster_scalar_iq_partition_entries=128
fourpe.pe_cluster_block_rob_partition_entries=256
fourpe.pe_cluster_block_iq_partition_entries=88
fourpe.pe_cluster_local_reg_partition_entries=88
bfu.brq_depth=1024
fourpe.pe_cluster_partition_borrow_enable=false
fourpe.pe_cluster_eligible_rr_fairness_check=true
fourpe.pe_cluster_group_contract_fatal=false
dfx.swimCounterSampleInterval=8
Memory: 0x10200 - 0x1029f (Size=0KB) [.rodata]
Memory: 0x102a0 - 0x102d3 (Size=0KB) [.eh_frame_hdr]
Memory: 0x102d8 - 0x103ab (Size=0KB) [.eh_frame]
Memory: 0x113ac - 0x1200b (Size=3KB) [.text]
Memory: 0x13010 - 0x1302f (Size=0KB) [.init_array]
Memory: 0x13030 - 0x13047 (Size=0KB) [.data.rel.ro]
Memory: 0x18000 - 0x4006f (Size=160KB) [.bss]
Memory: 0x40070 - 0x4008f (Size=0KB) [.sbss]
Memory: 0x40090 - 0x8050090 (Size=131136KB) [stack mem]
Memory: 0x4000802000 - 0x4008803000 (Size=131076KB) [map mem]
Simulation time: 16s 
+-------------------------+--------------+
| Block Control Config Name | Value        |
+-------------------------+--------------+
| inst_decode_bw          | 4            |
| block_rob_depth         | 256          |
| BISQ:cube_isq_depth     | 32           |
| BISQ:vector_isq_depth   | 32           |
+-------------------------+--------------+
+-------------------+--------------+
| CUBE Config Name  | Value        |
+-------------------+--------------+
| uop_isq_depth     | 32           |
| tcvt_isq_depth    | 16           |
| L0A_size          | 32           |
| L0B_size          | 32           |
| L0C_size          | 32           |
+-------------------+--------------+
===================SuperScalar NPU Stats====================
Total Cycles.....................................:     29796
================SuperScalar Unified Top-Down================
Retiring.........................................:     46.53%
Bad Speculation..................................:      0.15%
Frontend Bound...................................:      0.16%
CMD Bound........................................:      0.72%
Backend Bound....................................:     52.43%
=============Top-Down Normalization Diagnostics=============
Bad Speculation Clipped Slots....................:         0
Frontend Bound Clipped Slots.....................:         0
  |-- LD Retiring................................:      3.48%
  |-- ST Retiring................................:      3.10%
  |-- BR Retiring................................:      0.00%
  |-- ALU Retiring...............................:     39.95%
  |-- Other Retiring.............................:      0.00%
  |-- Misprediction..............................:      0.15%
  |-- Machine Clear..............................:      0.00%
  |-- Fetch Latency..............................:      0.00%
  |-- Fetch Bandwidth............................:      0.16%
    |-- Branch Resteering........................:      0.00%
    |-- ITLB/BTLB miss...........................:      0.00%
    |-- BHC miss penalty.........................:      0.00%
    |-- Other fetch lat..........................:      0.00%
    |-- Decode Stall.............................:      0.00%
    |-- Rename Stall.............................:      0.00%
    |-- BROB Stall...............................:      0.00%
    |-- SYS Block Stall..........................:      0.00%
  |-- CMD queue backpressure.....................:      0.72%
    |-- Operand not ready........................:      0.72%
    |-- BIQ capacity full........................:      0.00%
      |-- CUBE BIQ full..........................:      0.00%
      |-- VECTOR BIQ full........................:      0.00%
      |-- TLSU BIQ full..........................:      0.00%
      |-- GROUP/SHU BIQ full.....................:      0.00%
      |-- Other BIQ full.........................:      0.00%
    |-- TileReg capacity full....................:      0.00%
    |-- GPR LPV/no-cancel gate...................:      0.00%
    |-- Other CMD queue block....................:      0.00%
  |-- CMDPipe tile backpressure..................:      0.00%
    |-- TileReg resource unavailable.............:      0.00%
    |-- Other CMDPipe stall......................:      0.00%
  |-- Other CMD control..........................:      0.00%
  |-- Memory Bound...............................:      0.00%
  |-- Core Bound.................................:     52.43%
    |-- L1 Bound.................................:      0.00%
    |-- L2 Bound.................................:      0.00%
    |-- L3/DRAM Bound............................:      0.00%
    |-- Store Bound..............................:      0.00%
    |-- Scalar ALU...............................:     16.74%
    |-- Cube.....................................:      0.00%
    |-- Vector...................................:      4.08%
    |-- TLSU Tload...............................:     14.64%
    |-- TLSU Tstore..............................:     16.97%
    |-- TLSU TMOV................................:      0.00%
    |-- Idle.....................................:      0.00%
    |-- Other Core...............................:      0.00%
      |-- Simple ALU pipe full...................:      0.00%
      |-- Complex INT busy.......................:      8.90%
      |-- Branch port busy.......................:     10.73%
===============Top-Down Boundary Attribution================
IFU-OEX boundary observations (slots)............:    119184
  |-- Frontend supply bubble (F5)................:      3.10%
  |-- Backend backpressure (F5)..................:      0.00%
  |-- Delivered to OEX (F5)......................:     96.90%
CMD queue/Pipe boundary observations (cycles)....:     29796
  |-- CMD queue supply bubble....................:     87.31%
  |-- CMD queue backpressure.....................:      0.72%
  |-- CMD blocked union cycles...................:       216
  |-- CMD issued slots...........................:      7865
  |-- CMD IQ TileOp issue count..................:      1158
  |-- CMD IQ non-empty cycles....................:      3782
  |-- CMD IQ TileOp issue rate (tileops/cycle)...:0.30618720
  |-- CMDPipe tile backpressure events...........:         0
=======Core-Cycles Oldest-Block Top-Down (diagnostic)=======
Core cycles......................................:     29796
L1 Retiring......................................:      0.01%
L1 Recovery......................................:      0.00%
L1 Frontend Bound................................:     81.14%
L1 CMD Bound.....................................:      0.00%
L1 Backend Bound.................................:     18.69%
L1 Idle/Other....................................:      0.16%
  |-- L2 Memory Bound............................:      0.00%
  |-- L2 Group Sync Bound........................:      0.00%
  |-- L2 Core Bound..............................:     18.69%
    |-- L3 Cube..................................:      0.00%
    |-- L3 Vector................................:      1.11%
    |-- L3 TLSU..................................:     17.58%
    |-- L3 Scalar ALU............................:      0.00%
      |-- L4 Cube execution/queue owner..........:      0.00%
      |-- L4 Vector execution owner..............:      1.11%
      |-- L4 TLSU Tload owner....................:      2.01%
      |-- L4 TLSU Tstore owner...................:     15.58%
      |-- L4 Scalar ALU owner....................:      0.00%
Core-cycle attribution sum.......................:     29796
STID0 oldest observations........................:     29796
STID1 oldest observations........................:     29796
STID2 oldest observations........................:     29796
STID3 oldest observations........................:     29796
  |-- RETIRING representative STID...............:         0
  |-- RETIRING representative BID................:        33
  |-- RETIRING participant mask..................:        15
  |-- FRONTEND_BOUND representative STID.........:         0
  |-- FRONTEND_BOUND representative BID..........:         0
  |-- FRONTEND_BOUND participant mask............:        15
  |-- TLSU_TLOAD representative STID.............:         0
  |-- TLSU_TLOAD representative BID..............:         4
  |-- TLSU_TLOAD participant mask................:        15
  |-- TLSU_TSTORE representative STID............:         0
  |-- TLSU_TSTORE representative BID.............:         4
  |-- TLSU_TSTORE participant mask...............:        15
  |-- VECTOR representative STID.................:         0
  |-- VECTOR representative BID..................:         5
  |-- VECTOR participant mask....................:        15
  |-- IDLE_NO_OLDEST representative STID.........:         0
  |-- IDLE_NO_OLDEST representative BID..........:18446744073709551615
  |-- IDLE_NO_OLDEST participant mask............:        15
===================superScalar Key Stats====================
superScalar Tileop Total Cycles..................:    119184
  |--Cube Tileop Total Cycles....................:         0
  |--Vector Tileop Total Cycles..................:      2882
  |--TLSU Tileop Total Cycles....................:     16700
superScalar Total Tileop Counter.................:      1158
  |--Cube Execute Tileop Counter.................:         0
  |--Vector Execute Tileop Counter...............:       719
  |--TLSU Execute Tileop Counter.................:       439
    |--AccountExpTlsuCellReads...................:       159
    |--AccountExpTlsuCellWrites..................:        53
superScalar Run Tileop Wall Cycles...............:     29376
  |--Cube Busy Resource-Cycles (PE-summed).......:         0
  |--Vector Busy Resource-Cycles (PE-summed).....:     10798
  |--TLSU Busy Resource-Cycles (PE-summed).......:     29361
  |--Cube Active Wall Cycles (union).............:         0
  |--Vector Active Wall Cycles (union)...........:      2863
  |--TLSU Active Wall Cycles (union).............:     29361
    |--TLSU Tload Resource-Cycles (PE-summed)....:     24991
      |--write Blocked By Ring Cycles............:         0
    |--TLSU Tstore Resource-Cycles (PE-summed)...:     28963
    |--TLSU Tmov Resource-Cycles (PE-summed).....:         0
    |--TLSU Mgather Resource-Cycles (PE-summed)..:         0
    |--TLSU Mscatter Resource-Cycles (PE-summed).:         0
    |--TLSU Vgather Resource-Cycles (PE-summed)..:         0
    |--TLSU Vscatter Resource-Cycles (PE-summed).:         0
  |--All Cores Idle Wall Cycles..................:       420
  |--Vector-Cube Concurrent Wall Cycles (union)..:         0
  |--Vector-Cube Active Wall Cycles (union)......:      2863
  |--Cube-TLSU Concurrent Wall Cycles (union)....:         0
  |--Cube-TLSU Active Wall Cycles (union)........:     29361
  |--Vector-TLSU Concurrent Wall Cycles (union)..:      2848
  |--Vector-TLSU Active Wall Cycles (union)......:     29376
=============TileOp Efficiency (explicit units)=============
PE0 CUBE ExecCycles/TileOp.......................:      0.00
PE0 CUBE TileOpRate (ops/cycle)..................:0.00000000
PE0 CUBE TileOp Occupancy (%)....................:      0.00
PE1 CUBE ExecCycles/TileOp.......................:      0.00
PE1 CUBE TileOpRate (ops/cycle)..................:0.00000000
PE1 CUBE TileOp Occupancy (%)....................:      0.00
PE2 CUBE ExecCycles/TileOp.......................:      0.00
PE2 CUBE TileOpRate (ops/cycle)..................:0.00000000
PE2 CUBE TileOp Occupancy (%)....................:      0.00
PE3 CUBE ExecCycles/TileOp.......................:      0.00
PE3 CUBE TileOpRate (ops/cycle)..................:0.00000000
PE3 CUBE TileOp Occupancy (%)....................:      0.00
PE0 VECTOR ReadLatency (cycles/op)...............:      0.00
PE0 VECTOR TileOpRate (ops/cycle)................:      0.01
PE0 VECTOR Utilization...........................:      0.06
PE0 VECTOR Utilization (issue-events)............:      0.00
PE1 VECTOR ReadLatency (cycles/op)...............:      0.00
PE1 VECTOR TileOpRate (ops/cycle)................:      0.01
PE1 VECTOR Utilization...........................:      0.06
PE1 VECTOR Utilization (issue-events)............:      0.00
PE2 VECTOR ReadLatency (cycles/op)...............:      0.00
PE2 VECTOR TileOpRate (ops/cycle)................:      0.01
PE2 VECTOR Utilization...........................:      0.06
PE2 VECTOR Utilization (issue-events)............:      0.00
PE3 VECTOR ReadLatency (cycles/op)...............:      0.00
PE3 VECTOR TileOpRate (ops/cycle)................:      0.01
PE3 VECTOR Utilization...........................:      0.05
PE3 VECTOR Utilization (issue-events)............:      0.00
PE0 TLSU Occupancy/Issue (cycles/event)..........:     15.97
PE0 TLSU IssueRate (events/cycle)................:      0.54
PE0 TLSU Utilization (%).........................:     98.54
Vector-Cube overlap ratio........................:      0.00
Vector-TLSU overlap ratio........................:      0.10
============PROB Status Occupancy (entry-cycles)============
  |--free........................................:         0
  |--alloc.......................................:    504701
  |--renamed.....................................:         0
  |--dispatched..................................:     86039
  |--in_queue....................................:    731654
  |--issued......................................:    164675
  |--executing...................................:     97028
  |--writeback...................................:     60274
  |--completed...................................:   1387608
  |--retired.....................................:    139224
  |--fault.......................................:         0
  |--need_flush..................................:         0
===============Block Control Key Stats total================
Average Outstanding Block Number.................:      3.23
  |--Average Outstanding Cube Block Number.......:      0.00
  |--Average Outstanding Vector Block Number.....:      0.41
  |--Average Outstanding TLoad Number............:      0.99
  |--Average Outstanding TStore Number...........:      1.83
=============Block Control Key Stats SThread 0==============
Average Outstanding Block Number.................:      0.79
  |--Average Outstanding Cube Block Number.......:      0.00
  |--Average Outstanding Vector Block Number.....:      0.11
  |--Average Outstanding TLoad Number............:      0.25
  |--Average Outstanding TStore Number...........:      0.43
=============Block Control Key Stats SThread 1==============
Average Outstanding Block Number.................:      0.88
  |--Average Outstanding Cube Block Number.......:      0.00
  |--Average Outstanding Vector Block Number.....:      0.11
  |--Average Outstanding TLoad Number............:      0.26
  |--Average Outstanding TStore Number...........:      0.51
=============Block Control Key Stats SThread 2==============
Average Outstanding Block Number.................:      0.84
  |--Average Outstanding Cube Block Number.......:      0.00
  |--Average Outstanding Vector Block Number.....:      0.11
  |--Average Outstanding TLoad Number............:      0.26
  |--Average Outstanding TStore Number...........:      0.48
=============Block Control Key Stats SThread 3==============
Average Outstanding Block Number.................:      0.72
  |--Average Outstanding Cube Block Number.......:      0.00
  |--Average Outstanding Vector Block Number.....:      0.09
  |--Average Outstanding TLoad Number............:      0.23
  |--Average Outstanding TStore Number...........:      0.40
===================CubeCore 0 Statistics====================
Cube Total Cycles................................:     29796
Cube MAC Exec Occupancy..........................:         0    0.00%
Cube MAC Utilization.............................:      0.00    0.00%
Cube Logical MAC Count...........................:         0
Cube Equivalent MAC Count........................:      0.00
Cube Equivalent MAC Rate (MAC/cycle).............:      0.00
Cube core workload units (dtype-normalized)......:      0.00
Cube core workload rate (units/cycle)............:0.00000000
Cube Achieved TFLOPS (equivalent MACs, 1.65GHz)..:  0.000000
Cube core exe tileop count.......................:         0
L0A Tag Hits (A resident)........................:         0
L0A Tag Misses (A resident)......................:         0
L0A Tag Flushes (A resident).....................:         0
Cube Uop Generated Count.........................:         0
Cube core retired uop count......................:         0
Cube core total load count.......................:         0
Cube core total store count (CellReg TileC writes):         0
==================InternalAcc Feature PMU===================
internal_acc_entry_alloc_count...................:         0
internal_acc_entry_read_count....................:         0
internal_acc_entry_write_count...................:         0
internal_acc_entry_peak_occupancy................:         0
internal_acc_active_cycles.......................:         0
internal_acc_entry_unavailable_stall_cycles......:         0
internal_acc_entry_lookup_wait_stall_cycles......:         0
internal_acc_entry_not_ready_stall_cycles........:         0
internal_acc_stale_reference_count...............:         0
Cube FP16 Logical MAC Count......................:         0
Cube FP16 Equivalent MAC Count...................:      0.00
Cube FP8 Logical MAC Count.......................:         0
Cube FP8 Equivalent MAC Count....................:      0.00
Cube FP4 Logical MAC Count.......................:         0
Cube FP4 Equivalent MAC Count....................:      0.00
Cube TileOp Occupancy............................:         0    0.00%
Cube Load Outstanding............................:         0    0.00%
Cube FixPipe/Store Occupancy.....................:         0    0.00%
Cube core average acc slot use...................:       N/A
Cube core average l0a entry use..................:       N/A
Cube core average l0b entry use..................:       N/A
Cube core average l0a entry use busy.............:       N/A
Cube core average l0b entry use busy.............:       N/A
Cube core average acc slot use busy..............:       N/A
Cube MAC Range...................................:         0
Cube Load Range..................................:         0
Cube Store Range.................................:         0
Cube Load-MAC Range Overlap......................:         0     N/A
accSlotAllocCount................................:         0
accSlotFreeCount.................................:         0
accSlotPeakInUse.................................:         0
accSlotWaitCount.................................:         0
bandPairMapPeakSize..............................:         0
bandPairMapFinalSize.............................:         0
batchDistributeCount.............................:         0
batchFallbackCount...............................:         0
m0TileCReadCount.................................:         0
m1TileCReadCount.................................:         0
tileCReadRequestCount............................:         0
tileCReadBytes...................................:         0
batchMissedDistributeCount.......................:         0
uniqueTileCSourceAddresses.......................:         0
Cube core exe uop count..........................:         0
Cube core retired uop count......................:         0
Cube core total load count.......................:         0
Cube core total store count (CellReg TileC writes):         0
  |--CellReg Load Count..........................:         0
    |--CellReg TileA Count.......................:         0
    |--CellReg TileB Count.......................:         0
    |--CellReg TileC Count.......................:         0
    |--CellReg LeftScale Count...................:         0
    |--CellReg RightScale Count..................:         0
  |--CellReg Load Bytes..........................:         0
    |--CellReg TileA Bytes.......................:         0
    |--CellReg TileB Bytes.......................:         0
    |--CellReg TileC Bytes.......................:         0
    |--CellReg LeftScale Bytes...................:         0
    |--CellReg RightScale Bytes..................:         0
  |--CellReg Store Count.........................:         0
    |--CellReg TileC Count.......................:         0
  |--CellReg Store Bytes.........................:         0
    |--CellReg TileC Bytes.......................:         0
  |--ShareTReg Load Count........................:         0
    |--ShareTReg TileA Count.....................:         0
    |--ShareTReg TileB Count.....................:         0
  |--ShareTReg Load Bytes........................:         0
    |--ShareTReg TileA Bytes.....................:         0
    |--ShareTReg TileB Bytes.....................:         0
  |--Exp CellReg Load Count......................:         0
    |--Exp CellReg TileA Count...................:         0
    |--Exp CellReg TileB Count...................:         0
    |--Exp CellReg TileC Count...................:         0
    |--Exp CellReg LeftScale Count...............:         0
    |--Exp CellReg RightScale Count..............:         0
  |--Exp CellReg Load Delta......................:      0.00
  |--Exp CellReg Store Count.....................:         0
  |--Exp CellReg Store Delta.....................:      0.00
  |--Exp ShareTReg Load Count....................:         0
  |--Exp ShareTReg Load Cache Skip...............:         0
  |--Exp ShareTReg Load Delta....................:      0.00
Cube core cannot pick main chain uop ratio.......:         0     N/A
Cube core pick cub chain uop ratio...............:         0     N/A
Cube busy cycle..................................:         0
Cube core mmad busy cycle........................:         0     N/A
Cube core load busy cycle........................:         0     N/A
Cube core store busy cycle.......................:         0     N/A
  UtilMacW (array exec)..........................:         0
    |--UtilMacWMad (systolic MAC phase)..........:         0
    |--UtilMacWRamp (staging/fill-drain).........:         0
  UtilMacO (operand in-flight)...................:         0
  UtilMacA (exec/writeback struct)...............:         0
  UtilMacD (dependency chain)....................:         0
  UtilMacI (issue/rename struct).................:         0
  UtilMacS (no tile).............................:     29796
  UtilMacUnaccounted.............................:         0
  UtilMacCycles..................................:     29796
    |--UtilMacSub_O_L0InFlight...................:         0
    |--UtilMacSub_O_ScaleInFlight................:         0
    |--UtilMacSub_O_LoadPath.....................:         0
    |--UtilMacSub_O_LdUopBuf.....................:         0
    |--UtilMacSub_A_AllocBackpressure............:         0
    |--UtilMacSub_A_StoreInFlight................:         0
    |--UtilMacSub_A_FixPipeAnnounce..............:         0
    |--UtilMacSub_A_UopBufQueue..................:         0
    |--UtilMacSub_A_TileBoundary.................:         0
    |--UtilMacSub_A_AccPoolFull..................:         0
    |--UtilMacSub_A_AccEntryRelease..............:         0
    |--UtilMacSub_D_KLoopChain...................:         0
    |--UtilMacSub_D_AccEntryNotReady.............:         0
    |--UtilMacSubO_Reconcile.....................:      0.00
    |--UtilMacSubA_Reconcile.....................:      0.00
    |--UtilMacSubD_Reconcile.....................:      0.00
    |--UtilMacSub_O_L0InFlight_A.................:         0
    |--UtilMacSub_O_L0InFlight_B.................:         0
    |--UtilMacSub_O_L0InFlight_C.................:         0
    |--UtilMacSub_O_L0InFlight_Other.............:         0
    |--UtilMacSubO_L0Split_Reconcile.............:      0.00
  UtilMacIssue_Issued............................:         0
  UtilMacIssue_CStreamWait.......................:         0
  UtilMacIssue_L0InFlight........................:         0
  UtilMacIssue_ScaleInFlight.....................:         0
  UtilMacIssue_AllocBackpressure.................:         0
  UtilMacIssue_KLoopChain........................:         0
  UtilMacIssue_UopBufQueue.......................:         0
  UtilMacIssue_LdUopBufQueue.....................:         0
  UtilMacIssue_NoTile............................:     29796
  UtilMacIssue_TileBoundary......................:         0
  UtilMacIssue_Unaccounted.......................:         0
  UtilMacIssue_Reconcile.........................:      0.00
  UtilMacIssue_L0InFlight_A......................:         0
  UtilMacIssue_L0InFlight_B......................:         0
  UtilMacIssue_L0InFlight_C......................:         0
  UtilMacIssue_L0InFlight_Other..................:         0
  UtilMacIssue_L0Split_Reconcile.................:      0.00
  UtilMacStageOcc................................:         0
  RenameAllocAFailCycles.........................:         0
  RenameAllocBFailCycles.........................:         0
  RenameFifoFullCycles...........................:         0
  UtilMacStageIdle...............................:         0
  UtilMacStage_Reconcile.........................:      0.00
  UtilMacFillWeightedUtil........................:      0.00
  UtilMacShadow_CwaitCycles......................:         0
  UtilMacShadow_L0WithCwait......................:         0
  UtilMacStageIdleByCause_Reconcile..............:      0.00
===================CubeCore 1 Statistics====================
Cube Total Cycles................................:     29796
Cube MAC Exec Occupancy..........................:         0    0.00%
Cube MAC Utilization.............................:      0.00    0.00%
Cube Logical MAC Count...........................:         0
Cube Equivalent MAC Count........................:      0.00
Cube Equivalent MAC Rate (MAC/cycle).............:      0.00
Cube core workload units (dtype-normalized)......:      0.00
Cube core workload rate (units/cycle)............:0.00000000
Cube Achieved TFLOPS (equivalent MACs, 1.65GHz)..:  0.000000
Cube core exe tileop count.......................:         0
L0A Tag Hits (A resident)........................:         0
L0A Tag Misses (A resident)......................:         0
L0A Tag Flushes (A resident).....................:         0
Cube Uop Generated Count.........................:         0
Cube core retired uop count......................:         0
Cube core total load count.......................:         0
Cube core total store count (CellReg TileC writes):         0
==================InternalAcc Feature PMU===================
internal_acc_entry_alloc_count...................:         0
internal_acc_entry_read_count....................:         0
internal_acc_entry_write_count...................:         0
internal_acc_entry_peak_occupancy................:         0
internal_acc_active_cycles.......................:         0
internal_acc_entry_unavailable_stall_cycles......:         0
internal_acc_entry_lookup_wait_stall_cycles......:         0
internal_acc_entry_not_ready_stall_cycles........:         0
internal_acc_stale_reference_count...............:         0
Cube FP16 Logical MAC Count......................:         0
Cube FP16 Equivalent MAC Count...................:      0.00
Cube FP8 Logical MAC Count.......................:         0
Cube FP8 Equivalent MAC Count....................:      0.00
Cube FP4 Logical MAC Count.......................:         0
Cube FP4 Equivalent MAC Count....................:      0.00
Cube TileOp Occupancy............................:         0    0.00%
Cube Load Outstanding............................:         0    0.00%
Cube FixPipe/Store Occupancy.....................:         0    0.00%
Cube core average acc slot use...................:       N/A
Cube core average l0a entry use..................:       N/A
Cube core average l0b entry use..................:       N/A
Cube core average l0a entry use busy.............:       N/A
Cube core average l0b entry use busy.............:       N/A
Cube core average acc slot use busy..............:       N/A
Cube MAC Range...................................:         0
Cube Load Range..................................:         0
Cube Store Range.................................:         0
Cube Load-MAC Range Overlap......................:         0     N/A
accSlotAllocCount................................:         0
accSlotFreeCount.................................:         0
accSlotPeakInUse.................................:         0
accSlotWaitCount.................................:         0
bandPairMapPeakSize..............................:         0
bandPairMapFinalSize.............................:         0
batchDistributeCount.............................:         0
batchFallbackCount...............................:         0
m0TileCReadCount.................................:         0
m1TileCReadCount.................................:         0
tileCReadRequestCount............................:         0
tileCReadBytes...................................:         0
batchMissedDistributeCount.......................:         0
uniqueTileCSourceAddresses.......................:         0
Cube core exe uop count..........................:         0
Cube core retired uop count......................:         0
Cube core total load count.......................:         0
Cube core total store count (CellReg TileC writes):         0
  |--CellReg Load Count..........................:         0
    |--CellReg TileA Count.......................:         0
    |--CellReg TileB Count.......................:         0
    |--CellReg TileC Count.......................:         0
    |--CellReg LeftScale Count...................:         0
    |--CellReg RightScale Count..................:         0
  |--CellReg Load Bytes..........................:         0
    |--CellReg TileA Bytes.......................:         0
    |--CellReg TileB Bytes.......................:         0
    |--CellReg TileC Bytes.......................:         0
    |--CellReg LeftScale Bytes...................:         0
    |--CellReg RightScale Bytes..................:         0
  |--CellReg Store Count.........................:         0
    |--CellReg TileC Count.......................:         0
  |--CellReg Store Bytes.........................:         0
    |--CellReg TileC Bytes.......................:         0
  |--ShareTReg Load Count........................:         0
    |--ShareTReg TileA Count.....................:         0
    |--ShareTReg TileB Count.....................:         0
  |--ShareTReg Load Bytes........................:         0
    |--ShareTReg TileA Bytes.....................:         0
    |--ShareTReg TileB Bytes.....................:         0
  |--Exp CellReg Load Count......................:         0
    |--Exp CellReg TileA Count...................:         0
    |--Exp CellReg TileB Count...................:         0
    |--Exp CellReg TileC Count...................:         0
    |--Exp CellReg LeftScale Count...............:         0
    |--Exp CellReg RightScale Count..............:         0
  |--Exp CellReg Load Delta......................:      0.00
  |--Exp CellReg Store Count.....................:         0
  |--Exp CellReg Store Delta.....................:      0.00
  |--Exp ShareTReg Load Count....................:         0
  |--Exp ShareTReg Load Cache Skip...............:         0
  |--Exp ShareTReg Load Delta....................:      0.00
Cube core cannot pick main chain uop ratio.......:         0     N/A
Cube core pick cub chain uop ratio...............:         0     N/A
Cube busy cycle..................................:         0
Cube core mmad busy cycle........................:         0     N/A
Cube core load busy cycle........................:         0     N/A
Cube core store busy cycle.......................:         0     N/A
  UtilMacW (array exec)..........................:         0
    |--UtilMacWMad (systolic MAC phase)..........:         0
    |--UtilMacWRamp (staging/fill-drain).........:         0
  UtilMacO (operand in-flight)...................:         0
  UtilMacA (exec/writeback struct)...............:         0
  UtilMacD (dependency chain)....................:         0
  UtilMacI (issue/rename struct).................:         0
  UtilMacS (no tile).............................:     29796
  UtilMacUnaccounted.............................:         0
  UtilMacCycles..................................:     29796
    |--UtilMacSub_O_L0InFlight...................:         0
    |--UtilMacSub_O_ScaleInFlight................:         0
    |--UtilMacSub_O_LoadPath.....................:         0
    |--UtilMacSub_O_LdUopBuf.....................:         0
    |--UtilMacSub_A_AllocBackpressure............:         0
    |--UtilMacSub_A_StoreInFlight................:         0
    |--UtilMacSub_A_FixPipeAnnounce..............:         0
    |--UtilMacSub_A_UopBufQueue..................:         0
    |--UtilMacSub_A_TileBoundary.................:         0
    |--UtilMacSub_A_AccPoolFull..................:         0
    |--UtilMacSub_A_AccEntryRelease..............:         0
    |--UtilMacSub_D_KLoopChain...................:         0
    |--UtilMacSub_D_AccEntryNotReady.............:         0
    |--UtilMacSubO_Reconcile.....................:      0.00
    |--UtilMacSubA_Reconcile.....................:      0.00
    |--UtilMacSubD_Reconcile.....................:      0.00
    |--UtilMacSub_O_L0InFlight_A.................:         0
    |--UtilMacSub_O_L0InFlight_B.................:         0
    |--UtilMacSub_O_L0InFlight_C.................:         0
    |--UtilMacSub_O_L0InFlight_Other.............:         0
    |--UtilMacSubO_L0Split_Reconcile.............:      0.00
  UtilMacIssue_Issued............................:         0
  UtilMacIssue_CStreamWait.......................:         0
  UtilMacIssue_L0InFlight........................:         0
  UtilMacIssue_ScaleInFlight.....................:         0
  UtilMacIssue_AllocBackpressure.................:         0
  UtilMacIssue_KLoopChain........................:         0
  UtilMacIssue_UopBufQueue.......................:         0
  UtilMacIssue_LdUopBufQueue.....................:         0
  UtilMacIssue_NoTile............................:     29796
  UtilMacIssue_TileBoundary......................:         0
  UtilMacIssue_Unaccounted.......................:         0
  UtilMacIssue_Reconcile.........................:      0.00
  UtilMacIssue_L0InFlight_A......................:         0
  UtilMacIssue_L0InFlight_B......................:         0
  UtilMacIssue_L0InFlight_C......................:         0
  UtilMacIssue_L0InFlight_Other..................:         0
  UtilMacIssue_L0Split_Reconcile.................:      0.00
  UtilMacStageOcc................................:         0
  RenameAllocAFailCycles.........................:         0
  RenameAllocBFailCycles.........................:         0
  RenameFifoFullCycles...........................:         0
  UtilMacStageIdle...............................:         0
  UtilMacStage_Reconcile.........................:      0.00
  UtilMacFillWeightedUtil........................:      0.00
  UtilMacShadow_CwaitCycles......................:         0
  UtilMacShadow_L0WithCwait......................:         0
  UtilMacStageIdleByCause_Reconcile..............:      0.00
===================CubeCore 2 Statistics====================
Cube Total Cycles................................:     29796
Cube MAC Exec Occupancy..........................:         0    0.00%
Cube MAC Utilization.............................:      0.00    0.00%
Cube Logical MAC Count...........................:         0
Cube Equivalent MAC Count........................:      0.00
Cube Equivalent MAC Rate (MAC/cycle).............:      0.00
Cube core workload units (dtype-normalized)......:      0.00
Cube core workload rate (units/cycle)............:0.00000000
Cube Achieved TFLOPS (equivalent MACs, 1.65GHz)..:  0.000000
Cube core exe tileop count.......................:         0
L0A Tag Hits (A resident)........................:         0
L0A Tag Misses (A resident)......................:         0
L0A Tag Flushes (A resident).....................:         0
Cube Uop Generated Count.........................:         0
Cube core retired uop count......................:         0
Cube core total load count.......................:         0
Cube core total store count (CellReg TileC writes):         0
==================InternalAcc Feature PMU===================
internal_acc_entry_alloc_count...................:         0
internal_acc_entry_read_count....................:         0
internal_acc_entry_write_count...................:         0
internal_acc_entry_peak_occupancy................:         0
internal_acc_active_cycles.......................:         0
internal_acc_entry_unavailable_stall_cycles......:         0
internal_acc_entry_lookup_wait_stall_cycles......:         0
internal_acc_entry_not_ready_stall_cycles........:         0
internal_acc_stale_reference_count...............:         0
Cube FP16 Logical MAC Count......................:         0
Cube FP16 Equivalent MAC Count...................:      0.00
Cube FP8 Logical MAC Count.......................:         0
Cube FP8 Equivalent MAC Count....................:      0.00
Cube FP4 Logical MAC Count.......................:         0
Cube FP4 Equivalent MAC Count....................:      0.00
Cube TileOp Occupancy............................:         0    0.00%
Cube Load Outstanding............................:         0    0.00%
Cube FixPipe/Store Occupancy.....................:         0    0.00%
Cube core average acc slot use...................:       N/A
Cube core average l0a entry use..................:       N/A
Cube core average l0b entry use..................:       N/A
Cube core average l0a entry use busy.............:       N/A
Cube core average l0b entry use busy.............:       N/A
Cube core average acc slot use busy..............:       N/A
Cube MAC Range...................................:         0
Cube Load Range..................................:         0
Cube Store Range.................................:         0
Cube Load-MAC Range Overlap......................:         0     N/A
accSlotAllocCount................................:         0
accSlotFreeCount.................................:         0
accSlotPeakInUse.................................:         0
accSlotWaitCount.................................:         0
bandPairMapPeakSize..............................:         0
bandPairMapFinalSize.............................:         0
batchDistributeCount.............................:         0
batchFallbackCount...............................:         0
m0TileCReadCount.................................:         0
m1TileCReadCount.................................:         0
tileCReadRequestCount............................:         0
tileCReadBytes...................................:         0
batchMissedDistributeCount.......................:         0
uniqueTileCSourceAddresses.......................:         0
Cube core exe uop count..........................:         0
Cube core retired uop count......................:         0
Cube core total load count.......................:         0
Cube core total store count (CellReg TileC writes):         0
  |--CellReg Load Count..........................:         0
    |--CellReg TileA Count.......................:         0
    |--CellReg TileB Count.......................:         0
    |--CellReg TileC Count.......................:         0
    |--CellReg LeftScale Count...................:         0
    |--CellReg RightScale Count..................:         0
  |--CellReg Load Bytes..........................:         0
    |--CellReg TileA Bytes.......................:         0
    |--CellReg TileB Bytes.......................:         0
    |--CellReg TileC Bytes.......................:         0
    |--CellReg LeftScale Bytes...................:         0
    |--CellReg RightScale Bytes..................:         0
  |--CellReg Store Count.........................:         0
    |--CellReg TileC Count.......................:         0
  |--CellReg Store Bytes.........................:         0
    |--CellReg TileC Bytes.......................:         0
  |--ShareTReg Load Count........................:         0
    |--ShareTReg TileA Count.....................:         0
    |--ShareTReg TileB Count.....................:         0
  |--ShareTReg Load Bytes........................:         0
    |--ShareTReg TileA Bytes.....................:         0
    |--ShareTReg TileB Bytes.....................:         0
  |--Exp CellReg Load Count......................:         0
    |--Exp CellReg TileA Count...................:         0
    |--Exp CellReg TileB Count...................:         0
    |--Exp CellReg TileC Count...................:         0
    |--Exp CellReg LeftScale Count...............:         0
    |--Exp CellReg RightScale Count..............:         0
  |--Exp CellReg Load Delta......................:      0.00
  |--Exp CellReg Store Count.....................:         0
  |--Exp CellReg Store Delta.....................:      0.00
  |--Exp ShareTReg Load Count....................:         0
  |--Exp ShareTReg Load Cache Skip...............:         0
  |--Exp ShareTReg Load Delta....................:      0.00
Cube core cannot pick main chain uop ratio.......:         0     N/A
Cube core pick cub chain uop ratio...............:         0     N/A
Cube busy cycle..................................:         0
Cube core mmad busy cycle........................:         0     N/A
Cube core load busy cycle........................:         0     N/A
Cube core store busy cycle.......................:         0     N/A
  UtilMacW (array exec)..........................:         0
    |--UtilMacWMad (systolic MAC phase)..........:         0
    |--UtilMacWRamp (staging/fill-drain).........:         0
  UtilMacO (operand in-flight)...................:         0
  UtilMacA (exec/writeback struct)...............:         0
  UtilMacD (dependency chain)....................:         0
  UtilMacI (issue/rename struct).................:         0
  UtilMacS (no tile).............................:     29796
  UtilMacUnaccounted.............................:         0
  UtilMacCycles..................................:     29796
    |--UtilMacSub_O_L0InFlight...................:         0
    |--UtilMacSub_O_ScaleInFlight................:         0
    |--UtilMacSub_O_LoadPath.....................:         0
    |--UtilMacSub_O_LdUopBuf.....................:         0
    |--UtilMacSub_A_AllocBackpressure............:         0
    |--UtilMacSub_A_StoreInFlight................:         0
    |--UtilMacSub_A_FixPipeAnnounce..............:         0
    |--UtilMacSub_A_UopBufQueue..................:         0
    |--UtilMacSub_A_TileBoundary.................:         0
    |--UtilMacSub_A_AccPoolFull..................:         0
    |--UtilMacSub_A_AccEntryRelease..............:         0
    |--UtilMacSub_D_KLoopChain...................:         0
    |--UtilMacSub_D_AccEntryNotReady.............:         0
    |--UtilMacSubO_Reconcile.....................:      0.00
    |--UtilMacSubA_Reconcile.....................:      0.00
    |--UtilMacSubD_Reconcile.....................:      0.00
    |--UtilMacSub_O_L0InFlight_A.................:         0
    |--UtilMacSub_O_L0InFlight_B.................:         0
    |--UtilMacSub_O_L0InFlight_C.................:         0
    |--UtilMacSub_O_L0InFlight_Other.............:         0
    |--UtilMacSubO_L0Split_Reconcile.............:      0.00
  UtilMacIssue_Issued............................:         0
  UtilMacIssue_CStreamWait.......................:         0
  UtilMacIssue_L0InFlight........................:         0
  UtilMacIssue_ScaleInFlight.....................:         0
  UtilMacIssue_AllocBackpressure.................:         0
  UtilMacIssue_KLoopChain........................:         0
  UtilMacIssue_UopBufQueue.......................:         0
  UtilMacIssue_LdUopBufQueue.....................:         0
  UtilMacIssue_NoTile............................:     29796
  UtilMacIssue_TileBoundary......................:         0
  UtilMacIssue_Unaccounted.......................:         0
  UtilMacIssue_Reconcile.........................:      0.00
  UtilMacIssue_L0InFlight_A......................:         0
  UtilMacIssue_L0InFlight_B......................:         0
  UtilMacIssue_L0InFlight_C......................:         0
  UtilMacIssue_L0InFlight_Other..................:         0
  UtilMacIssue_L0Split_Reconcile.................:      0.00
  UtilMacStageOcc................................:         0
  RenameAllocAFailCycles.........................:         0
  RenameAllocBFailCycles.........................:         0
  RenameFifoFullCycles...........................:         0
  UtilMacStageIdle...............................:         0
  UtilMacStage_Reconcile.........................:      0.00
  UtilMacFillWeightedUtil........................:      0.00
  UtilMacShadow_CwaitCycles......................:         0
  UtilMacShadow_L0WithCwait......................:         0
  UtilMacStageIdleByCause_Reconcile..............:      0.00
===================CubeCore 3 Statistics====================
Cube Total Cycles................................:     29796
Cube MAC Exec Occupancy..........................:         0    0.00%
Cube MAC Utilization.............................:      0.00    0.00%
Cube Logical MAC Count...........................:         0
Cube Equivalent MAC Count........................:      0.00
Cube Equivalent MAC Rate (MAC/cycle).............:      0.00
Cube core workload units (dtype-normalized)......:      0.00
Cube core workload rate (units/cycle)............:0.00000000
Cube Achieved TFLOPS (equivalent MACs, 1.65GHz)..:  0.000000
Cube core exe tileop count.......................:         0
L0A Tag Hits (A resident)........................:         0
L0A Tag Misses (A resident)......................:         0
L0A Tag Flushes (A resident).....................:         0
Cube Uop Generated Count.........................:         0
Cube core retired uop count......................:         0
Cube core total load count.......................:         0
Cube core total store count (CellReg TileC writes):         0
==================InternalAcc Feature PMU===================
internal_acc_entry_alloc_count...................:         0
internal_acc_entry_read_count....................:         0
internal_acc_entry_write_count...................:         0
internal_acc_entry_peak_occupancy................:         0
internal_acc_active_cycles.......................:         0
internal_acc_entry_unavailable_stall_cycles......:         0
internal_acc_entry_lookup_wait_stall_cycles......:         0
internal_acc_entry_not_ready_stall_cycles........:         0
internal_acc_stale_reference_count...............:         0
Cube FP16 Logical MAC Count......................:         0
Cube FP16 Equivalent MAC Count...................:      0.00
Cube FP8 Logical MAC Count.......................:         0
Cube FP8 Equivalent MAC Count....................:      0.00
Cube FP4 Logical MAC Count.......................:         0
Cube FP4 Equivalent MAC Count....................:      0.00
Cube TileOp Occupancy............................:         0    0.00%
Cube Load Outstanding............................:         0    0.00%
Cube FixPipe/Store Occupancy.....................:         0    0.00%
Cube core average acc slot use...................:       N/A
Cube core average l0a entry use..................:       N/A
Cube core average l0b entry use..................:       N/A
Cube core average l0a entry use busy.............:       N/A
Cube core average l0b entry use busy.............:       N/A
Cube core average acc slot use busy..............:       N/A
Cube MAC Range...................................:         0
Cube Load Range..................................:         0
Cube Store Range.................................:         0
Cube Load-MAC Range Overlap......................:         0     N/A
accSlotAllocCount................................:         0
accSlotFreeCount.................................:         0
accSlotPeakInUse.................................:         0
accSlotWaitCount.................................:         0
bandPairMapPeakSize..............................:         0
bandPairMapFinalSize.............................:         0
batchDistributeCount.............................:         0
batchFallbackCount...............................:         0
m0TileCReadCount.................................:         0
m1TileCReadCount.................................:         0
tileCReadRequestCount............................:         0
tileCReadBytes...................................:         0
batchMissedDistributeCount.......................:         0
uniqueTileCSourceAddresses.......................:         0
Cube core exe uop count..........................:         0
Cube core retired uop count......................:         0
Cube core total load count.......................:         0
Cube core total store count (CellReg TileC writes):         0
  |--CellReg Load Count..........................:         0
    |--CellReg TileA Count.......................:         0
    |--CellReg TileB Count.......................:         0
    |--CellReg TileC Count.......................:         0
    |--CellReg LeftScale Count...................:         0
    |--CellReg RightScale Count..................:         0
  |--CellReg Load Bytes..........................:         0
    |--CellReg TileA Bytes.......................:         0
    |--CellReg TileB Bytes.......................:         0
    |--CellReg TileC Bytes.......................:         0
    |--CellReg LeftScale Bytes...................:         0
    |--CellReg RightScale Bytes..................:         0
  |--CellReg Store Count.........................:         0
    |--CellReg TileC Count.......................:         0
  |--CellReg Store Bytes.........................:         0
    |--CellReg TileC Bytes.......................:         0
  |--ShareTReg Load Count........................:         0
    |--ShareTReg TileA Count.....................:         0
    |--ShareTReg TileB Count.....................:         0
  |--ShareTReg Load Bytes........................:         0
    |--ShareTReg TileA Bytes.....................:         0
    |--ShareTReg TileB Bytes.....................:         0
  |--Exp CellReg Load Count......................:         0
    |--Exp CellReg TileA Count...................:         0
    |--Exp CellReg TileB Count...................:         0
    |--Exp CellReg TileC Count...................:         0
    |--Exp CellReg LeftScale Count...............:         0
    |--Exp CellReg RightScale Count..............:         0
  |--Exp CellReg Load Delta......................:      0.00
  |--Exp CellReg Store Count.....................:         0
  |--Exp CellReg Store Delta.....................:      0.00
  |--Exp ShareTReg Load Count....................:         0
  |--Exp ShareTReg Load Cache Skip...............:         0
  |--Exp ShareTReg Load Delta....................:      0.00
Cube core cannot pick main chain uop ratio.......:         0     N/A
Cube core pick cub chain uop ratio...............:         0     N/A
Cube busy cycle..................................:         0
Cube core mmad busy cycle........................:         0     N/A
Cube core load busy cycle........................:         0     N/A
Cube core store busy cycle.......................:         0     N/A
  UtilMacW (array exec)..........................:         0
    |--UtilMacWMad (systolic MAC phase)..........:         0
    |--UtilMacWRamp (staging/fill-drain).........:         0
  UtilMacO (operand in-flight)...................:         0
  UtilMacA (exec/writeback struct)...............:         0
  UtilMacD (dependency chain)....................:         0
  UtilMacI (issue/rename struct).................:         0
  UtilMacS (no tile).............................:     29796
  UtilMacUnaccounted.............................:         0
  UtilMacCycles..................................:     29796
    |--UtilMacSub_O_L0InFlight...................:         0
    |--UtilMacSub_O_ScaleInFlight................:         0
    |--UtilMacSub_O_LoadPath.....................:         0
    |--UtilMacSub_O_LdUopBuf.....................:         0
    |--UtilMacSub_A_AllocBackpressure............:         0
    |--UtilMacSub_A_StoreInFlight................:         0
    |--UtilMacSub_A_FixPipeAnnounce..............:         0
    |--UtilMacSub_A_UopBufQueue..................:         0
    |--UtilMacSub_A_TileBoundary.................:         0
    |--UtilMacSub_A_AccPoolFull..................:         0
    |--UtilMacSub_A_AccEntryRelease..............:         0
    |--UtilMacSub_D_KLoopChain...................:         0
    |--UtilMacSub_D_AccEntryNotReady.............:         0
    |--UtilMacSubO_Reconcile.....................:      0.00
    |--UtilMacSubA_Reconcile.....................:      0.00
    |--UtilMacSubD_Reconcile.....................:      0.00
    |--UtilMacSub_O_L0InFlight_A.................:         0
    |--UtilMacSub_O_L0InFlight_B.................:         0
    |--UtilMacSub_O_L0InFlight_C.................:         0
    |--UtilMacSub_O_L0InFlight_Other.............:         0
    |--UtilMacSubO_L0Split_Reconcile.............:      0.00
  UtilMacIssue_Issued............................:         0
  UtilMacIssue_CStreamWait.......................:         0
  UtilMacIssue_L0InFlight........................:         0
  UtilMacIssue_ScaleInFlight.....................:         0
  UtilMacIssue_AllocBackpressure.................:         0
  UtilMacIssue_KLoopChain........................:         0
  UtilMacIssue_UopBufQueue.......................:         0
  UtilMacIssue_LdUopBufQueue.....................:         0
  UtilMacIssue_NoTile............................:     29796
  UtilMacIssue_TileBoundary......................:         0
  UtilMacIssue_Unaccounted.......................:         0
  UtilMacIssue_Reconcile.........................:      0.00
  UtilMacIssue_L0InFlight_A......................:         0
  UtilMacIssue_L0InFlight_B......................:         0
  UtilMacIssue_L0InFlight_C......................:         0
  UtilMacIssue_L0InFlight_Other..................:         0
  UtilMacIssue_L0Split_Reconcile.................:      0.00
  UtilMacStageOcc................................:         0
  RenameAllocAFailCycles.........................:         0
  RenameAllocBFailCycles.........................:         0
  RenameFifoFullCycles...........................:         0
  UtilMacStageIdle...............................:         0
  UtilMacStage_Reconcile.........................:      0.00
  UtilMacFillWeightedUtil........................:      0.00
  UtilMacShadow_CwaitCycles......................:         0
  UtilMacShadow_L0WithCwait......................:         0
  UtilMacStageIdleByCause_Reconcile..............:      0.00
=============== TLSU tile-store STQ residency peId=0 ===============
  resident entry-cycles ....................: 33727
  |-- addr/interval not resolved ...........: 0  (0.00%)
  |-- tile data (rename) not ready .........: 21411  (63.48%)
  |-- BLOCKED BY NON-FLUSH POINTER .........: 0  (0.00%)
  |-- older store still in STQ .............: 12089  (35.84%)
  |-- SCB full ............................: 0  (0.00%)
  store_issue=7616 scb_enter=7616 stq_peak=36 scb_peak=42
  private_l1_handoff: fragments=7389 acks=7389 wait_entry_cycles=7389 balanced=yes
  invariants: stq_conservation=OK (created=7398 destroyed=7398) a3_tile_violation=0 scb_flush_hit=0 scb_waw_scalar=0 scb_waw_tile=0 nuke=0
=============== TLOAD Sub-path peId=0 ===============
  occupancy entry-cycles ..................: 82203 (31.81%)
  issue events ............................: 8568
=============== TSTORE Sub-path peId=0 ===============
  occupancy entry-cycles ..................: 176233 (68.19%)
  issue events ............................: 7616
=============== TMOV Sub-path peId=0 ===============
  occupancy entry-cycles ..................: 0 (0.00%)
  issue events ............................: 0
========================Streaming L2========================
l2_tr_read_sent..................................:       772
l2_tr_read_response..............................:       772
l2_tr_read_wait_cycles...........................:      1794
l2_tr_read_queue_full_cycles.....................:         0
l2_tr_write_sent.................................:       424
l2_tr_write_response.............................:       424
l2_tr_write_wait_cycles..........................:      2603
l2_tr_write_queue_full_cycles....................:         0
l2_rwdb_entry_full_cycles........................:        33
l2_prior_read_raw_renames........................:         0
l2_starvation_bypass_cycles......................:         0
=====================Retired block Type=====================
Retired Block Num................................:     10666
  |--Retired STD Block Num.......................:      2720
  |--Retired PARALLEL Block Num..................:      1158
    |--Retired CUBE Block Num....................:         0    0.00%
    |--Retired VCALL Block Num...................:       719   62.09%
    |--Retired TLSU Block Num....................:       439   37.91%
  |--Retired SYS Block Num.......................:         0
  |--Retired FP Block Num........................:      6788
  |--Retired OTHER Block Num.....................:         0
==================Retired Template Opcode===================
FENTRY...........................................:        29
FEXIT............................................:         6
FRET.............................................:        23
MEMSET...........................................:         0
MEMCOPY..........................................:         0
Retired Instruction Number.......................:    110920
  |--Retired Scalar Inst Number..................:    110920
  |--Retired Vec Inst Number.....................:         0
Retired Cube TileOp Number.......................:         0
Blocks Per Cycle.................................:  0.357968
IPC..............................................:  3.722647
Average BROB occupancy...........................:     40.56
  |--STID0 Average BROB occupancy................:  9.672741
  |--STID1 Average BROB occupancy................: 10.845550
  |--STID2 Average BROB occupancy................: 10.732179
  |--STID3 Average BROB occupancy................:  9.311888
Effective window size............................:     65.99
MPKB.............................................:     33.59
MPKI.............................................:      3.22
Simulation speed (Kilo Insts Per Second).........:      6.91
Discontinuous BPC Count..........................:      7835
Average Continuous BPC Length....................:  1.361327
Average fetch minsts/header per cycle............:     17.08
==========Block Control Detail Stats(Tile rename)===========
Tile capacity sample cycles......................:     29796
Tile virtual tag capacity T/U/M/N (all threads)..:      4096
Tile virtual peak live tags T/U/M/N (all threads):       370
Tile physical CellReg capacity per PE(B).........:    262144
Tile physical CellReg capacity all PEs(B)........:   1048576
Tile lazy physical allocation enabled............:         0
Tile TLOAD first-data-ready bind enabled.........:         0
Tile physical bind requests......................:         0
Tile physical bind grants........................:         0
Tile physical bind failures......................:         0
Tile rename-to-bind average cycles...............:       N/A
Tile average virtual-only live tags..............:      0.00
Tile stale cell wakeup events....................:         0
Tile register average tag num....................:    102.82
  |--T...........................................:     36.87
  |--U...........................................:     34.46
  |--M...........................................:     31.49
  |--N...........................................:      0.00
  |--ACC.........................................:      0.00
  |--STK.........................................:      0.00
  |--DEP.........................................:      0.00
  |--MCALL_GPR...................................:      0.00
  |--MCALL_STK...................................:      0.00
Tile virtual average requested bytes (all threads):  45007.89
Tile virtual sum of per-hand peak requested bytes:     43776
Tile virtual simultaneous peak requested bytes (all threads):    172032
Tile physical simultaneous peak occupied bytes (all PEs):     83712
Tile physical simultaneous peak occupied cells (all PEs):       654
  |--T virtual requested bytes...................:  17658.19
  |--T virtual peak requested bytes..............:     17920
  |--U virtual requested bytes...................:  14962.09
  |--U virtual peak requested bytes..............:     15616
  |--M virtual requested bytes...................:  12387.61
  |--M virtual peak requested bytes..............:     10240
  |--N virtual requested bytes...................:      0.00
  |--N virtual peak requested bytes..............:         0
  |--ACC virtual requested bytes.................:      0.00
  |--ACC virtual peak requested bytes............:         0
  |--STK virtual requested bytes.................:      0.00
  |--STK virtual peak requested bytes............:         0
  |--DEP virtual requested bytes.................:      0.00
  |--DEP virtual peak requested bytes............:         0
  |--MCALL_GPR virtual requested bytes...........:      0.00
  |--MCALL_GPR virtual peak requested bytes......:         0
  |--MCALL_STK virtual requested bytes...........:      0.00
  |--MCALL_STK virtual peak requested bytes......:         0
Tile register average occupied bytes (all threads):  14392.02
Tile register average utilization (%)............:    1.3725
  |--T occupied bytes............................:      4956   34.44%
  |--U occupied bytes............................:      5333   37.06%
  |--M occupied bytes............................:      4101   28.49%
  |--N occupied bytes............................:         0    0.00%
  |--ACC occupied bytes..........................:         0    0.00%
  |--STK occupied bytes..........................:         0    0.00%
  |--DEP occupied bytes..........................:         0    0.00%
  |--MCALL_GPR occupied bytes....................:         0    0.00%
  |--MCALL_STK occupied bytes....................:         0    0.00%
Tile physical configured hand size of T..........:     65536
  |-- physical peak utilization..................:     10240   15.62%
Tile physical configured hand size of U..........:     65536
  |-- physical peak utilization..................:      8704   13.28%
Tile physical configured hand size of M..........:     65536
  |-- physical peak utilization..................:      5120    7.81%
Tile physical configured hand size of N..........:     65536
  |-- physical peak utilization..................:         0    0.00%
STID0 TileReg average occupied bytes.............:   3625.32
STID0 TileReg average utilization (%)............:    1.3829
STID0 virtual Tile average requested bytes.......:  11309.34
STID0 virtual Tile peak requested bytes..........:     43264
STID0 physical Tile peak occupied bytes..........:     20224
STID1 TileReg average occupied bytes.............:   3648.28
STID1 TileReg average utilization (%)............:    1.3917
STID1 virtual Tile average requested bytes.......:  11318.27
STID1 virtual Tile peak requested bytes..........:     43776
STID1 physical Tile peak occupied bytes..........:     23808
STID2 TileReg average occupied bytes.............:   3615.31
STID2 TileReg average utilization (%)............:    1.3791
STID2 virtual Tile average requested bytes.......:  11267.50
STID2 virtual Tile peak requested bytes..........:     43776
STID2 physical Tile peak occupied bytes..........:     21760
STID3 TileReg average occupied bytes.............:   3503.11
STID3 TileReg average utilization (%)............:    1.3363
STID3 virtual Tile average requested bytes.......:  11112.79
STID3 virtual Tile peak requested bytes..........:     43776
STID3 physical Tile peak occupied bytes..........:     21504
Tile size-class allocator enabled................:         1
Tile allocator unit size(B)......................:       128
Tile allocator requests..........................:       878
Tile allocator failures..........................:         0
Tile allocator successful requested units........:      3058
Tile allocator granted units.....................:      3058
Tile allocator class waste units.................:         0
Tile allocator split events......................:       534
Tile allocator merge events......................:       476
Tile allocator sum of per-thread peak(B).........:     87296
==============Block Control Stall Stats Total===============
BRob Full Stall..................................:         0
RENAME Stall.....................................:         0
Block Rename Get Stall...........................:         0
Block Rename Set Stall...........................:         0
BIsq Full Stall .................................:         0
TileReg Full Stall ..............................:         0
============Block Control Stall Stats SThread 0=============
BRob Full Stall..................................:         0
RENAME Stall.....................................:         0
Block Rename Get Stall...........................:         0
Block Rename Set Stall...........................:         0
BIsq Full Stall .................................:         0
TileReg Full Stall ..............................:         0
InternalAcc Credit Wait..........................:         0
internal_acc_chain_allocated.....................:         0
internal_acc_chain_completed.....................:         0
internal_acc_chain_flush_released................:         0
internal_acc_block_head..........................:         0
internal_acc_block_mid...........................:         0
internal_acc_block_tail..........................:         0
internal_acc_chain_order_wait_stall_cycles.......:         0
internal_acc_dispatch_queue_full_wait_cycles.....:         0
============Block Control Stall Stats SThread 1=============
BRob Full Stall..................................:         0
RENAME Stall.....................................:         0
Block Rename Get Stall...........................:         0
Block Rename Set Stall...........................:         0
BIsq Full Stall .................................:         0
TileReg Full Stall ..............................:         0
InternalAcc Credit Wait..........................:         0
internal_acc_chain_allocated.....................:         0
internal_acc_chain_completed.....................:         0
internal_acc_chain_flush_released................:         0
internal_acc_block_head..........................:         0
internal_acc_block_mid...........................:         0
internal_acc_block_tail..........................:         0
internal_acc_chain_order_wait_stall_cycles.......:         0
internal_acc_dispatch_queue_full_wait_cycles.....:         0
============Block Control Stall Stats SThread 2=============
BRob Full Stall..................................:         0
RENAME Stall.....................................:         0
Block Rename Get Stall...........................:         0
Block Rename Set Stall...........................:         0
BIsq Full Stall .................................:         0
TileReg Full Stall ..............................:         0
InternalAcc Credit Wait..........................:         0
internal_acc_chain_allocated.....................:         0
internal_acc_chain_completed.....................:         0
internal_acc_chain_flush_released................:         0
internal_acc_block_head..........................:         0
internal_acc_block_mid...........................:         0
internal_acc_block_tail..........................:         0
internal_acc_chain_order_wait_stall_cycles.......:         0
internal_acc_dispatch_queue_full_wait_cycles.....:         0
============Block Control Stall Stats SThread 3=============
BRob Full Stall..................................:         0
RENAME Stall.....................................:         0
Block Rename Get Stall...........................:         0
Block Rename Set Stall...........................:         0
BIsq Full Stall .................................:         0
TileReg Full Stall ..............................:         0
InternalAcc Credit Wait..........................:         0
internal_acc_chain_allocated.....................:         0
internal_acc_chain_completed.....................:         0
internal_acc_chain_flush_released................:         0
internal_acc_block_head..........................:         0
internal_acc_block_mid...........................:         0
internal_acc_block_tail..........................:         0
internal_acc_chain_order_wait_stall_cycles.......:         0
internal_acc_dispatch_queue_full_wait_cycles.....:         0
============CtlStack (BISQ park head, per-stid)=============
  CtlStackG_S0...................................:      2074
  CtlStackBIQFull_S0.............................:         0
  CtlStackPortBudget_S0..........................:         0
  CtlStackCellRename_S0..........................:         0
  CtlStackGroupGate_S0...........................:         0
  CtlStackTlsuBusy_S0............................:         0
  CtlStackPeCluster_S0...........................:         0
  CtlStackEmpty_S0...............................:     27722
  CtlStackUnaccounted_S0.........................:         0
  CtlStackSyscallGate_S0.........................:         0
  CtlStackResidual_S0............................:         0
  CtlStackG_S1...................................:      2032
  CtlStackBIQFull_S1.............................:         0
  CtlStackPortBudget_S1..........................:         0
  CtlStackCellRename_S1..........................:         0
  CtlStackGroupGate_S1...........................:         0
  CtlStackTlsuBusy_S1............................:         0
  CtlStackPeCluster_S1...........................:         0
  CtlStackEmpty_S1...............................:     27764
  CtlStackUnaccounted_S1.........................:         0
  CtlStackSyscallGate_S1.........................:         0
  CtlStackResidual_S1............................:         0
  CtlStackG_S2...................................:      2034
  CtlStackBIQFull_S2.............................:         0
  CtlStackPortBudget_S2..........................:         0
  CtlStackCellRename_S2..........................:         0
  CtlStackGroupGate_S2...........................:         0
  CtlStackTlsuBusy_S2............................:         0
  CtlStackPeCluster_S2...........................:         0
  CtlStackEmpty_S2...............................:     27762
  CtlStackUnaccounted_S2.........................:         0
  CtlStackSyscallGate_S2.........................:         0
  CtlStackResidual_S2............................:         0
  CtlStackG_S3...................................:      1692
  CtlStackBIQFull_S3.............................:         0
  CtlStackPortBudget_S3..........................:         0
  CtlStackCellRename_S3..........................:         0
  CtlStackGroupGate_S3...........................:         0
  CtlStackTlsuBusy_S3............................:         0
  CtlStackPeCluster_S3...........................:         0
  CtlStackEmpty_S3...............................:     28104
  CtlStackUnaccounted_S3.........................:         0
  CtlStackSyscallGate_S3.........................:         0
  CtlStackResidual_S3............................:         0
==============CtlStack0 (fetch slot, per-stid)==============
  CtlStack0G0_S0.................................:      2074
  CtlStack0Empty0_S0.............................:     27722
  CtlStack0Held0_S0..............................:         0
  CtlStack0Residual_S0...........................:         0
  CtlStack0G0_S1.................................:      2032
  CtlStack0Empty0_S1.............................:     27764
  CtlStack0Held0_S1..............................:         0
  CtlStack0Residual_S1...........................:         0
  CtlStack0G0_S2.................................:      2034
  CtlStack0Empty0_S2.............................:     27762
  CtlStack0Held0_S2..............................:         0
  CtlStack0Residual_S2...........................:         0
  CtlStack0G0_S3.................................:      1692
  CtlStack0Empty0_S3.............................:     28104
  CtlStack0Held0_S3..............................:         0
  CtlStack0Residual_S3...........................:         0
==============CtlStack2 (BIQ dispatch, per-IQ)==============
  CtlStack2G_CUBE................................:         0
  CtlStack2Empty_CUBE............................:     29796
  CtlStack2ReadyWait_CUBE........................:         0
  CtlStack2DispQFull_CUBE........................:         0
  CtlStack2Unaccounted_CUBE......................:         0
  CtlStack2Residual_CUBE.........................:         0
  CtlStack2G_VEC_PE0.............................:       190
  CtlStack2Empty_VEC_PE0.........................:     26142
  CtlStack2ReadyWait_VEC_PE0.....................:      3464
  CtlStack2DispQFull_VEC_PE0.....................:         0
  CtlStack2Unaccounted_VEC_PE0...................:         0
  CtlStack2Residual_VEC_PE0......................:         0
  CtlStack2G_VEC_PE1.............................:       188
  CtlStack2Empty_VEC_PE1.........................:     26120
  CtlStack2ReadyWait_VEC_PE1.....................:      3488
  CtlStack2DispQFull_VEC_PE1.....................:         0
  CtlStack2Unaccounted_VEC_PE1...................:         0
  CtlStack2Residual_VEC_PE1......................:         0
  CtlStack2G_VEC_PE2.............................:       188
  CtlStack2Empty_VEC_PE2.........................:     26089
  CtlStack2ReadyWait_VEC_PE2.....................:      3519
  CtlStack2DispQFull_VEC_PE2.....................:         0
  CtlStack2Unaccounted_VEC_PE2...................:         0
  CtlStack2Residual_VEC_PE2......................:         0
  CtlStack2G_VEC_PE3.............................:       153
  CtlStack2Empty_VEC_PE3.........................:     26615
  CtlStack2ReadyWait_VEC_PE3.....................:      3028
  CtlStack2DispQFull_VEC_PE3.....................:         0
  CtlStack2Unaccounted_VEC_PE3...................:         0
  CtlStack2Residual_VEC_PE3......................:         0
============TileCell lifetime by producer module============
  TileCell OccCellCycles_CUBE....................:         0
  TileCell FreedCells_CUBE.......................:         0
  TileCell AvgLifeCycles_CUBE....................:      0.00
  TileCell MaxLifeCycles_CUBE....................:         0
  TileCell OccCellCycles_VEC.....................:   4958548
  TileCell FreedCells_VEC........................:      2266
  TileCell AvgLifeCycles_VEC.....................:   2188.24
  TileCell MaxLifeCycles_VEC.....................:     12915
  TileCell OccCellCycles_TLSU....................:   1362316
  TileCell FreedCells_TLSU.......................:       282
  TileCell AvgLifeCycles_TLSU....................:   4830.91
  TileCell MaxLifeCycles_TLSU....................:       481
  TileCell OccCellCycles_Other...................:         0
  TileCell FreedCells_Other......................:         0
  TileCell AvgLifeCycles_Other...................:      0.00
  TileCell MaxLifeCycles_Other...................:         0
==========GmmaGenSpread (lockstep 4-PE divergence)==========
  GenCount (4-PE complete).......................:         0
  IssueSpreadMean................................:       N/A
  IssueSpreadMax.................................:         0
  CompleteSpreadMean.............................:       N/A
  CompleteSpreadMax..............................:         0
  CompleteSpreadBucket_le4.......................:         0
  CompleteSpreadBucket_5to16.....................:         0
  CompleteSpreadBucket_17to64....................:         0
  CompleteSpreadBucket_gt64......................:         0
  FirstDivergenceGen (completeSpread>8)..........:         0
  FirstDivergenceCycle...........................:         0
  FirstDivergenceSpread..........................:         0
=====Block Control Detail Stats(Flush Statistics) Total=====
intra-block ld-st conflict.......................:         0
inter-block ld-st conflict.......................:         0
intra-block misp.................................:         0
inter-block misp.................................:       376
===Block Control Detail Stats(Flush Statistics) SThread 0===
intra-block ld-st conflict.......................:         0
inter-block ld-st conflict.......................:         0
intra-block misp.................................:         0
inter-block misp.................................:        86
===Block Control Detail Stats(Flush Statistics) SThread 1===
intra-block ld-st conflict.......................:         0
inter-block ld-st conflict.......................:         0
intra-block misp.................................:         0
inter-block misp.................................:        94
===Block Control Detail Stats(Flush Statistics) SThread 2===
intra-block ld-st conflict.......................:         0
inter-block ld-st conflict.......................:         0
intra-block misp.................................:         0
inter-block misp.................................:        92
===Block Control Detail Stats(Flush Statistics) SThread 3===
intra-block ld-st conflict.......................:         0
inter-block ld-st conflict.......................:         0
intra-block misp.................................:         0
inter-block misp.................................:       104
=====================SPE OOO&IEX stats======================
decode inst bubble...............................:    122051
average decode bundle............................:      0.00
Thread0 Pick Cnt.................................:     29086
Thread1 Pick Cnt.................................:     29025
Thread2 Pick Cnt.................................:     29005
Thread3 Pick Cnt.................................:     28793
Thread0 rob stall cnt............................:        75
Thread1 rob stall cnt............................:         0
Thread2 rob stall cnt............................:         0
Thread3 rob stall cnt............................:         0
decode pe rob stall..............................:         0
decode local gpr stall...........................:         0
inst buffer stall................................:         0
predicate reg stall..............................:         0
vector reg ptag stall............................:         0
vector local scalar reg stall....................:         0
retired ld inst..................................:      8306
retired st inst..................................:      7389
retired scalar inst..............................:    110920
retired vector inst..............................:         0
retired div/sqrt inst............................:         0
MAPQ lg0 stall...................................:        78
MAPQ lg1 stall...................................:         0
MAPQ lg2 stall...................................:         0
MAPQ lg3 stall...................................:         0
ROB lg0 stall....................................:        75
ROB lg1 stall....................................:         0
ROB lg2 stall....................................:         0
ROB lg3 stall....................................:         0
Thread0 decode cycle.............................:      7489
Thread1 decode cycle.............................:      7402
Thread2 decode cycle.............................:      7346
Thread3 decode cycle.............................:      7429
Thread0 alloc cycle..............................:      7220
Thread1 alloc cycle..............................:      7219
Thread2 alloc cycle..............................:      7211
Thread3 alloc cycle..............................:      7166
Thread0 rename cycle.............................:      7201
Thread1 rename cycle.............................:      7184
Thread2 rename cycle.............................:      7185
Thread3 rename cycle.............................:      7129
Thread0 d2_s1 dispatch cnt.......................:      7023
Thread1 d2_s1 dispatch cnt.......................:      6659
Thread2 d2_s1 dispatch cnt.......................:      6678
Thread3 d2_s1 dispatch cnt.......................:      6701
Thread0 slots_total..............................:     59912
Thread1 slots_total..............................:     59216
Thread2 slots_total..............................:     58768
Thread3 slots_total..............................:     59432
Thread0 slots_rob_allocated......................:     29086
Thread1 slots_rob_allocated......................:     29025
Thread2 slots_rob_allocated......................:     29005
Thread3 slots_rob_allocated......................:     28793
Thread0 slots_fe_bubble..........................:     30826
Thread1 slots_fe_bubble..........................:     30191
Thread2 slots_fe_bubble..........................:     29763
Thread3 slots_fe_bubble..........................:     30639
Thread0 slots_idle...............................:         0
Thread1 slots_idle...............................:         0
Thread2 slots_idle...............................:         0
Thread3 slots_idle...............................:         0
Thread0 robStall.................................:       600
Thread1 robStall.................................:         0
Thread2 robStall.................................:         0
Thread3 robStall.................................:         0
Thread0 retired_load.............................:      2053
Thread1 retired_load.............................:      2076
Thread2 retired_load.............................:      2075
Thread3 retired_load.............................:      2102
Thread0 retired_store............................:      1959
Thread1 retired_store............................:      1811
Thread2 retired_store............................:      1811
Thread3 retired_store............................:      1808
Thread0 retired_innerJump........................:         0
Thread1 retired_innerJump........................:         0
Thread2 retired_innerJump........................:         0
Thread3 retired_innerJump........................:         0
Thread0 retiredAluInst...........................:     24048
Thread1 retiredAluInst...........................:     23801
Thread2 retiredAluInst...........................:     23796
Thread3 retiredAluInst...........................:     23580
Thread0 retiredSAluInst..........................:     24048
Thread1 retiredSAluInst..........................:     23801
Thread2 retiredSAluInst..........................:     23796
Thread3 retiredSAluInst..........................:     23580
Thread0 retiredVAluInst..........................:         0
Thread1 retiredVAluInst..........................:         0
Thread2 retiredVAluInst..........................:         0
Thread3 retiredVAluInst..........................:         0
Thread0 retiredScalar............................:     28060
Thread1 retiredScalar............................:     27688
Thread2 retiredScalar............................:     27682
Thread3 retiredScalar............................:     27490
Thread0 retiredVector............................:         0
Thread1 retiredVector............................:         0
Thread2 retiredVector............................:         0
Thread3 retiredVector............................:         0
Thread0 retiredDivSqrt...........................:         0
Thread1 retiredDivSqrt...........................:         0
Thread2 retiredDivSqrt...........................:         0
Thread3 retiredDivSqrt...........................:         0
====================Vector PMU Stats PE0====================
PEId.............................................:         0
TileopNum........................................:       190
TCMPPackedTileNum................................:         0
TCMPFragmentExpected.............................:         0
TCMPFragmentCompleted............................:         0
TCMPFragmentCanceled.............................:         0
TCMPPackedCellWrites.............................:         0
TCMPPackWriteWaitCycles..........................:         0
TCMPFlushedTileNum...............................:         0
UopNum...........................................:       704
SplitCellCountMismatch...........................:         0
SplitPartialCellUopCount.........................:         0
SplitUopAvgPayloadBytes..........................:       N/A
UopQDispatch_INT.................................:         0
UopQReadyBypass_INT..............................:         0
UopQDispatchSrcBufFullCycles_INT.................:         0
UopQDispatchSrcBufFullBlockedCycles_INT..........:         0
VecSrcCellNotReadyCycles_INT.....................:       389
SharedReadPortWaitCycles_INT.....................:         0
UopQDispatch_FMA.................................:         0
UopQReadyBypass_FMA..............................:         0
UopQDispatchSrcBufFullCycles_FMA.................:         0
UopQDispatchSrcBufFullBlockedCycles_FMA..........:         0
VecSrcCellNotReadyCycles_FMA.....................:       157
SharedReadPortWaitCycles_FMA.....................:         0
UopQDispatch_LNEXP...............................:         0
UopQReadyBypass_LNEXP............................:         0
UopQDispatchSrcBufFullCycles_LNEXP...............:         0
UopQDispatchSrcBufFullBlockedCycles_LNEXP........:         0
VecSrcCellNotReadyCycles_LNEXP...................:         0
SharedReadPortWaitCycles_LNEXP...................:         0
CellReadMergedUops...............................:         0
StaticUopsIssued.................................:       704
StaticBoardBlockCycles...........................:         0
StaticWritebacks.................................:       704
EarlyWakeupFired.................................:       190
StaticDynPipeBlockCycles.........................:         0
DynStaticChainBlockCycles........................:         0
ExpandTagHits_INT................................:         0
ExpandTagMisses_INT..............................:         0
ExpandBankFills_INT..............................:         0
ExpandTempFills_INT..............................:         0
ExpandEvicts_INT.................................:         0
ExpandTagHits_FMA................................:         0
ExpandTagMisses_FMA..............................:         0
ExpandBankFills_FMA..............................:         0
ExpandTempFills_FMA..............................:         0
ExpandEvicts_FMA.................................:         0
ExpandTagHits_LNEXP..............................:         0
ExpandTagMisses_LNEXP............................:         0
ExpandBankFills_LNEXP............................:         0
ExpandTempFills_LNEXP............................:         0
ExpandEvicts_LNEXP...............................:         0
ExpandFillDrops..................................:         0
ExpandReadStaleFallbacks cls0....................:         0
ExpandReadStaleFallbacks cls1....................:         0
ExpandReadStaleFallbacks cls2....................:         0
LeSharedPortBlockCycles..........................:         0
LeSrc1CarrySkips.................................:         0
=======Static Path Bank Access / Conflict Attribution=======
  StaticBankReads Bank[0]........................:        73
  StaticBankReads Bank[1]........................:        73
  StaticBankReads Bank[2]........................:        65
  StaticBankReads Bank[3]........................:        65
  StaticBankReads Bank[4]........................:        48
  StaticBankReads Bank[5]........................:        48
  StaticBankReads Bank[6]........................:        59
  StaticBankReads Bank[7]........................:        59
  StaticDetectReadBlocks Bank[0].................:        11
  StaticDetectReadBlocks Bank[1].................:         4
  StaticDetectReadBlocks Bank[2].................:         2
  StaticDetectReadBlocks Bank[3].................:         0
  StaticDetectReadBlocks Bank[4].................:         1
  StaticDetectReadBlocks Bank[5].................:         0
  StaticDetectReadBlocks Bank[6].................:         3
  StaticDetectReadBlocks Bank[7].................:         0
  StaticDetectWriteBlocks Bank[0]................:         0
  StaticDetectWriteBlocks Bank[1]................:         0
  StaticDetectWriteBlocks Bank[2]................:         0
  StaticDetectWriteBlocks Bank[3]................:         0
  StaticDetectWriteBlocks Bank[4]................:         0
  StaticDetectWriteBlocks Bank[5]................:         0
  StaticDetectWriteBlocks Bank[6]................:         0
  StaticDetectWriteBlocks Bank[7]................:         0
  StaticIntYieldBlocks Bank[0]...................:         0
  StaticIntYieldBlocks Bank[1]...................:         0
  StaticIntYieldBlocks Bank[2]...................:         0
  StaticIntYieldBlocks Bank[3]...................:         0
  StaticIntYieldBlocks Bank[4]...................:         0
  StaticIntYieldBlocks Bank[5]...................:         0
  StaticIntYieldBlocks Bank[6]...................:         0
  StaticIntYieldBlocks Bank[7]...................:         0
  StaticBoardOccSum Bank[0]......................:      1244
  StaticBoardOccSum Bank[1]......................:      1244
  StaticBoardOccSum Bank[2]......................:      1229
  StaticBoardOccSum Bank[3]......................:      1229
  StaticBoardOccSum Bank[4]......................:      1186
  StaticBoardOccSum Bank[5]......................:      1186
  StaticBoardOccSum Bank[6]......................:      1204
  StaticBoardOccSum Bank[7]......................:      1204
  StaticBoardOccColSum Col[0]....................:      1090
  StaticBoardOccColSum Col[1]....................:      1090
  StaticBoardOccColSum Col[2]....................:      1090
  StaticBoardOccColSum Col[3]....................:       784
  StaticBoardOccColSum Col[4]....................:       744
  StaticBoardOccColSum Col[5]....................:       704
  StaticBoardOccColSum Col[6]....................:       704
  StaticBoardOccColSum Col[7]....................:       704
  StaticBoardOccColSum Col[8]....................:       704
  StaticBoardOccColSum Col[9]....................:       704
  StaticBoardOccColSum Col[10]...................:       704
  StaticBoardOccColSum Col[11]...................:       704
  StaticBoardOccColSum Col[12]...................:         0
  StaticBoardOccColSum Col[13]...................:         0
  StaticBoardOccColSum Col[14]...................:         0
  StaticBoardOccColSum Col[15]...................:         0
VecAluAcceptCycles_FMA...........................:       224
VecAluAcceptCycles_INT...........................:       480
VecAluAcceptCycles_LNEXP.........................:         0
VecTripleIssueCycles.............................:         0
VecDualIssueCycles...............................:        44
VecSingleIssueCycles.............................:       616
VecIdleIssueCycles...............................:     29136
CellReadMergeSaved...............................:         0
SrcBufBypassIssue................................:         0
SplitRawGateBlocked..............................:         0
SplitNoFreeSlotCycles............................:         0
IPC(UOP).........................................:  0.023627
RowExpandTileNum.................................:         0
RowReduceTileNum.................................:         0
RedTempMacroNum..................................:         0
HybridCountGatedTiles............................:         0
ReadNum..........................................:         0
CellReadAccessTotal..............................:       490
CellReadAccess_INT...............................:       204
CellReadAccess_FMA...............................:       286
CellReadAccess_LNEXP.............................:         0
ReadLat..........................................:      0.00
  |--LatLE5......................................:         0
  |--LatLE10.....................................:         0
  |--LatLE15.....................................:         0
  |--LatGT15.....................................:         0
WriteNum.........................................:         0
CellWriteAccessTotal.............................:       704
CellWriteAccess_INT..............................:       480
CellWriteAccess_FMA..............................:       224
CellWriteAccess_LNEXP............................:         0
TempForwardHits_INT..............................:       156
TempForwardHits_FMA..............................:       106
TempForwardHits_LNEXP............................:         0
TempForwardMisses_INT............................:       204
TempForwardMisses_FMA............................:       286
TempForwardMisses_LNEXP..........................:         0
ExpandTagHits_INT................................:         0
ExpandTagHits_FMA................................:         0
ExpandTagHits_LNEXP..............................:         0
ExpandTagMisses_INT..............................:         0
ExpandTagMisses_FMA..............................:         0
ExpandTagMisses_LNEXP............................:         0
ExpandBankFills_INT..............................:         0
ExpandBankFills_FMA..............................:         0
ExpandBankFills_LNEXP............................:         0
ExpandTempFills_INT..............................:         0
ExpandTempFills_FMA..............................:         0
ExpandTempFills_LNEXP............................:         0
ExpandEvicts_INT.................................:         0
ExpandEvicts_FMA.................................:         0
ExpandEvicts_LNEXP...............................:         0
LeSharedPortBlockCycles..........................:         0
WriteLat.........................................:      0.00
  |--LatLE5......................................:         0
  |--LatLE10.....................................:         0
  |--LatLE15.....................................:         0
  |--LatGT15.....................................:         0
AccountExpCellReads_INT..........................:       360
AccountExpCellReads_FMA..........................:       392
AccountExpCellReads_LNEXP........................:         0
AccountExpRedTempReads...........................:         0
AccountRedTempReads..............................:         0
AccountExpCellWrites_INT.........................:       480
AccountExpCellWrites_FMA.........................:       224
AccountExpCellWrites_LNEXP.......................:         0
AccountExpRedTempWrites..........................:         0
AccountExpReadsTotal.............................:       752
AccountActReadsTotal.............................:       752
AccountReadDelta.................................:      0.00
AccountExpWritesTotal............................:       704
AccountActWritesTotal............................:       704
AccountWriteDelta................................:      0.00
========================VecUtilStack========================
UtilStackW_INT...................................:       480
UtilStackO_INT...................................:        15
UtilStackA_INT...................................:         0
UtilStackD_INT...................................:         0
UtilStackI_INT...................................:         0
UtilStackS_INT...................................:     29301
UtilStackUnaccounted_INT.........................:         0
UtilStackW_FMA...................................:       224
UtilStackO_FMA...................................:         0
UtilStackA_FMA...................................:         0
UtilStackD_FMA...................................:         0
UtilStackI_FMA...................................:         0
UtilStackS_FMA...................................:     29572
UtilStackUnaccounted_FMA.........................:         0
UtilStackW_LNEXP.................................:         0
UtilStackO_LNEXP.................................:         0
UtilStackA_LNEXP.................................:         0
UtilStackD_LNEXP.................................:         0
UtilStackI_LNEXP.................................:         0
UtilStackS_LNEXP.................................:     29796
UtilStackUnaccounted_LNEXP.......................:         0
UtilStackW_SHARED................................:         0
UtilStackO_SHARED................................:         0
UtilStackA_SHARED................................:         0
UtilStackD_SHARED................................:         0
UtilStackI_SHARED................................:         0
UtilStackS_SHARED................................:     29796
UtilStackUnaccounted_SHARED......................:         0
UtilStackCycles..................................:     29796
UtilStackVecBusy.................................:      1759
UtilStackVecExposed..............................:      1759
  UtilStackSub_O_DstWriteCfl_INT.................:        13
  UtilStackSub_O_BankCfl_INT.....................:         2
  UtilStackSub_O_SharedPort_INT..................:         0
  UtilStackSub_O_YieldFma_INT....................:         0
  UtilStackSub_O_LePort_INT......................:         0
  UtilStackSub_A_RedTempMacro_INT................:         0
  UtilStackSub_A_LeThrottle_INT..................:         0
  UtilStackSub_A_LeFifoFull_INT..................:         0
  UtilStackSub_A_IiCool_INT......................:         0
  UtilStackSub_A_DstbufFull_INT..................:         0
  UtilStackSub_A_PipeFull_INT....................:         0
  UtilStackSub_D_StaticSrc_INT...................:         0
  UtilStackSub_D_RedTempCount_INT................:         0
  UtilStackSub_D_DynSrcbuf_INT...................:         0
  UtilStackSubO_Reconcile_INT....................:      0.00
  UtilStackSubA_Reconcile_INT....................:      0.00
  UtilStackSubD_Reconcile_INT....................:      0.00
  UtilStackSub_O_DstWriteCfl_FMA.................:         0
  UtilStackSub_O_BankCfl_FMA.....................:         0
  UtilStackSub_O_SharedPort_FMA..................:         0
  UtilStackSub_O_YieldFma_FMA....................:         0
  UtilStackSub_O_LePort_FMA......................:         0
  UtilStackSub_A_RedTempMacro_FMA................:         0
  UtilStackSub_A_LeThrottle_FMA..................:         0
  UtilStackSub_A_LeFifoFull_FMA..................:         0
  UtilStackSub_A_IiCool_FMA......................:         0
  UtilStackSub_A_DstbufFull_FMA..................:         0
  UtilStackSub_A_PipeFull_FMA....................:         0
  UtilStackSub_D_StaticSrc_FMA...................:         0
  UtilStackSub_D_RedTempCount_FMA................:         0
  UtilStackSub_D_DynSrcbuf_FMA...................:         0
  UtilStackSubO_Reconcile_FMA....................:      0.00
  UtilStackSubA_Reconcile_FMA....................:      0.00
  UtilStackSubD_Reconcile_FMA....................:      0.00
  UtilStackSub_O_DstWriteCfl_LNEXP...............:         0
  UtilStackSub_O_BankCfl_LNEXP...................:         0
  UtilStackSub_O_SharedPort_LNEXP................:         0
  UtilStackSub_O_YieldFma_LNEXP..................:         0
  UtilStackSub_O_LePort_LNEXP....................:         0
  UtilStackSub_A_RedTempMacro_LNEXP..............:         0
  UtilStackSub_A_LeThrottle_LNEXP................:         0
  UtilStackSub_A_LeFifoFull_LNEXP................:         0
  UtilStackSub_A_IiCool_LNEXP....................:         0
  UtilStackSub_A_DstbufFull_LNEXP................:         0
  UtilStackSub_A_PipeFull_LNEXP..................:         0
  UtilStackSub_D_StaticSrc_LNEXP.................:         0
  UtilStackSub_D_RedTempCount_LNEXP..............:         0
  UtilStackSub_D_DynSrcbuf_LNEXP.................:         0
  UtilStackSubO_Reconcile_LNEXP..................:      0.00
  UtilStackSubA_Reconcile_LNEXP..................:      0.00
  UtilStackSubD_Reconcile_LNEXP..................:      0.00
  UtilStackSub_O_DstWriteCfl_SHARED..............:         0
  UtilStackSub_O_BankCfl_SHARED..................:         0
  UtilStackSub_O_SharedPort_SHARED...............:         0
  UtilStackSub_O_YieldFma_SHARED.................:         0
  UtilStackSub_O_LePort_SHARED...................:         0
  UtilStackSub_A_RedTempMacro_SHARED.............:         0
  UtilStackSub_A_LeThrottle_SHARED...............:         0
  UtilStackSub_A_LeFifoFull_SHARED...............:         0
  UtilStackSub_A_IiCool_SHARED...................:         0
  UtilStackSub_A_DstbufFull_SHARED...............:         0
  UtilStackSub_A_PipeFull_SHARED.................:         0
  UtilStackSub_D_StaticSrc_SHARED................:         0
  UtilStackSub_D_RedTempCount_SHARED.............:         0
  UtilStackSub_D_DynSrcbuf_SHARED................:         0
  UtilStackSubO_Reconcile_SHARED.................:      0.00
  UtilStackSubA_Reconcile_SHARED.................:      0.00
  UtilStackSubD_Reconcile_SHARED.................:      0.00
  UtilStackOBlocker_None_INT.....................:        13
  UtilStackOBlocker_FmaRead_INT..................:         1
  UtilStackOBlocker_IntRead_INT..................:         0
  UtilStackOBlocker_LeRead_INT...................:         0
  UtilStackOBlocker_FmaWrite_INT.................:         1
  UtilStackOBlocker_IntWrite_INT.................:         0
  UtilStackOBlocker_CubeRead_INT.................:         0
  UtilStackOBlocker_CubeWrite_INT................:         0
  UtilStackOBlocker_LeWrite_INT..................:         0
  UtilStackOBlocker_Reconcile_INT................:      0.00
  UtilStackOBlocker_None_FMA.....................:         0
  UtilStackOBlocker_FmaRead_FMA..................:         0
  UtilStackOBlocker_IntRead_FMA..................:         0
  UtilStackOBlocker_LeRead_FMA...................:         0
  UtilStackOBlocker_FmaWrite_FMA.................:         0
  UtilStackOBlocker_IntWrite_FMA.................:         0
  UtilStackOBlocker_CubeRead_FMA.................:         0
  UtilStackOBlocker_CubeWrite_FMA................:         0
  UtilStackOBlocker_LeWrite_FMA..................:         0
  UtilStackOBlocker_Reconcile_FMA................:      0.00
  UtilStackOBlocker_None_LNEXP...................:         0
  UtilStackOBlocker_FmaRead_LNEXP................:         0
  UtilStackOBlocker_IntRead_LNEXP................:         0
  UtilStackOBlocker_LeRead_LNEXP.................:         0
  UtilStackOBlocker_FmaWrite_LNEXP...............:         0
  UtilStackOBlocker_IntWrite_LNEXP...............:         0
  UtilStackOBlocker_CubeRead_LNEXP...............:         0
  UtilStackOBlocker_CubeWrite_LNEXP..............:         0
  UtilStackOBlocker_LeWrite_LNEXP................:         0
  UtilStackOBlocker_Reconcile_LNEXP..............:      0.00
  UtilStackOBlocker_None_SHARED..................:         0
  UtilStackOBlocker_FmaRead_SHARED...............:         0
  UtilStackOBlocker_IntRead_SHARED...............:         0
  UtilStackOBlocker_LeRead_SHARED................:         0
  UtilStackOBlocker_FmaWrite_SHARED..............:         0
  UtilStackOBlocker_IntWrite_SHARED..............:         0
  UtilStackOBlocker_CubeRead_SHARED..............:         0
  UtilStackOBlocker_CubeWrite_SHARED.............:         0
  UtilStackOBlocker_LeWrite_SHARED...............:         0
  UtilStackOBlocker_Reconcile_SHARED.............:      0.00
YieldFmaReadCycles...............................:         0
YieldFmaWriteCycles..............................:         0
UtilStackHideRatio...............................:      0.00
UtilStackHideRatioStrict.........................:      0.00
  UtilStackIssueCombo_None.......................:     29136
  UtilStackIssueCombo_INT........................:       436
  UtilStackIssueCombo_FMA........................:       180
  UtilStackIssueCombo_INT+FMA....................:        44
  UtilStackIssueCombo_LE.........................:         0
  UtilStackIssueCombo_INT+LE.....................:         0
  UtilStackIssueCombo_FMA+LE.....................:         0
  UtilStackIssueCombo_INT+FMA+LE.................:         0
  UtilStackIssueCombo_SH.........................:         0
  UtilStackIssueCombo_INT+SH.....................:         0
  UtilStackIssueCombo_FMA+SH.....................:         0
  UtilStackIssueCombo_INT+FMA+SH.................:         0
  UtilStackIssueCombo_LE+SH......................:         0
  UtilStackIssueCombo_INT+LE+SH..................:         0
  UtilStackIssueCombo_FMA+LE+SH..................:         0
  UtilStackIssueCombo_INT+FMA+LE+SH..............:         0
  UtilStackIssueCombo_Reconcile..................:      0.00
  UtilStackIssueEvent_Reconcile..................:      0.00
UtilStackMultiIssueProb..........................:      0.07
UtilStackAvgIssueRate............................:      0.02
UtilStackIssueWidthUtil..........................:      0.01
====================Vector PMU Stats PE1====================
PEId.............................................:         1
TileopNum........................................:       188
TCMPPackedTileNum................................:         0
TCMPFragmentExpected.............................:         0
TCMPFragmentCompleted............................:         0
TCMPFragmentCanceled.............................:         0
TCMPPackedCellWrites.............................:         0
TCMPPackWriteWaitCycles..........................:         0
TCMPFlushedTileNum...............................:         0
UopNum...........................................:       698
SplitCellCountMismatch...........................:         0
SplitPartialCellUopCount.........................:         0
SplitUopAvgPayloadBytes..........................:       N/A
UopQDispatch_INT.................................:         0
UopQReadyBypass_INT..............................:         0
UopQDispatchSrcBufFullCycles_INT.................:         0
UopQDispatchSrcBufFullBlockedCycles_INT..........:         0
VecSrcCellNotReadyCycles_INT.....................:       389
SharedReadPortWaitCycles_INT.....................:         0
UopQDispatch_FMA.................................:         0
UopQReadyBypass_FMA..............................:         0
UopQDispatchSrcBufFullCycles_FMA.................:         0
UopQDispatchSrcBufFullBlockedCycles_FMA..........:         0
VecSrcCellNotReadyCycles_FMA.....................:       158
SharedReadPortWaitCycles_FMA.....................:         0
UopQDispatch_LNEXP...............................:         0
UopQReadyBypass_LNEXP............................:         0
UopQDispatchSrcBufFullCycles_LNEXP...............:         0
UopQDispatchSrcBufFullBlockedCycles_LNEXP........:         0
VecSrcCellNotReadyCycles_LNEXP...................:         0
SharedReadPortWaitCycles_LNEXP...................:         0
CellReadMergedUops...............................:         0
StaticUopsIssued.................................:       698
StaticBoardBlockCycles...........................:         3
StaticWritebacks.................................:       698
EarlyWakeupFired.................................:       188
StaticDynPipeBlockCycles.........................:         0
DynStaticChainBlockCycles........................:         0
ExpandTagHits_INT................................:         0
ExpandTagMisses_INT..............................:         0
ExpandBankFills_INT..............................:         0
ExpandTempFills_INT..............................:         0
ExpandEvicts_INT.................................:         0
ExpandTagHits_FMA................................:         0
ExpandTagMisses_FMA..............................:         0
ExpandBankFills_FMA..............................:         0
ExpandTempFills_FMA..............................:         0
ExpandEvicts_FMA.................................:         0
ExpandTagHits_LNEXP..............................:         0
ExpandTagMisses_LNEXP............................:         0
ExpandBankFills_LNEXP............................:         0
ExpandTempFills_LNEXP............................:         0
ExpandEvicts_LNEXP...............................:         0
ExpandFillDrops..................................:         0
ExpandReadStaleFallbacks cls0....................:         0
ExpandReadStaleFallbacks cls1....................:         0
ExpandReadStaleFallbacks cls2....................:         0
LeSharedPortBlockCycles..........................:         0
LeSrc1CarrySkips.................................:         0
=======Static Path Bank Access / Conflict Attribution=======
  StaticBankReads Bank[0]........................:        75
  StaticBankReads Bank[1]........................:        75
  StaticBankReads Bank[2]........................:        51
  StaticBankReads Bank[3]........................:        51
  StaticBankReads Bank[4]........................:        57
  StaticBankReads Bank[5]........................:        57
  StaticBankReads Bank[6]........................:        61
  StaticBankReads Bank[7]........................:        61
  StaticDetectReadBlocks Bank[0].................:         1
  StaticDetectReadBlocks Bank[1].................:         1
  StaticDetectReadBlocks Bank[2].................:         1
  StaticDetectReadBlocks Bank[3].................:         1
  StaticDetectReadBlocks Bank[4].................:         2
  StaticDetectReadBlocks Bank[5].................:         1
  StaticDetectReadBlocks Bank[6].................:         2
  StaticDetectReadBlocks Bank[7].................:         1
  StaticDetectWriteBlocks Bank[0]................:         0
  StaticDetectWriteBlocks Bank[1]................:         0
  StaticDetectWriteBlocks Bank[2]................:         0
  StaticDetectWriteBlocks Bank[3]................:         0
  StaticDetectWriteBlocks Bank[4]................:         0
  StaticDetectWriteBlocks Bank[5]................:         0
  StaticDetectWriteBlocks Bank[6]................:         0
  StaticDetectWriteBlocks Bank[7]................:         0
  StaticIntYieldBlocks Bank[0]...................:         0
  StaticIntYieldBlocks Bank[1]...................:         0
  StaticIntYieldBlocks Bank[2]...................:         0
  StaticIntYieldBlocks Bank[3]...................:         0
  StaticIntYieldBlocks Bank[4]...................:         0
  StaticIntYieldBlocks Bank[5]...................:         0
  StaticIntYieldBlocks Bank[6]...................:         0
  StaticIntYieldBlocks Bank[7]...................:         0
  StaticBoardOccSum Bank[0]......................:      1301
  StaticBoardOccSum Bank[1]......................:      1301
  StaticBoardOccSum Bank[2]......................:      1181
  StaticBoardOccSum Bank[3]......................:      1181
  StaticBoardOccSum Bank[4]......................:      1167
  StaticBoardOccSum Bank[5]......................:      1167
  StaticBoardOccSum Bank[6]......................:      1158
  StaticBoardOccSum Bank[7]......................:      1158
  StaticBoardOccColSum Col[0]....................:      1076
  StaticBoardOccColSum Col[1]....................:      1076
  StaticBoardOccColSum Col[2]....................:      1076
  StaticBoardOccColSum Col[3]....................:       774
  StaticBoardOccColSum Col[4]....................:       726
  StaticBoardOccColSum Col[5]....................:       698
  StaticBoardOccColSum Col[6]....................:       698
  StaticBoardOccColSum Col[7]....................:       698
  StaticBoardOccColSum Col[8]....................:       698
  StaticBoardOccColSum Col[9]....................:       698
  StaticBoardOccColSum Col[10]...................:       698
  StaticBoardOccColSum Col[11]...................:       698
  StaticBoardOccColSum Col[12]...................:         0
  StaticBoardOccColSum Col[13]...................:         0
  StaticBoardOccColSum Col[14]...................:         0
  StaticBoardOccColSum Col[15]...................:         0
VecAluAcceptCycles_FMA...........................:       222
VecAluAcceptCycles_INT...........................:       476
VecAluAcceptCycles_LNEXP.........................:         0
VecTripleIssueCycles.............................:         0
VecDualIssueCycles...............................:        40
VecSingleIssueCycles.............................:       618
VecIdleIssueCycles...............................:     29138
CellReadMergeSaved...............................:         0
SrcBufBypassIssue................................:         0
SplitRawGateBlocked..............................:         0
SplitNoFreeSlotCycles............................:         0
IPC(UOP).........................................:  0.023426
RowExpandTileNum.................................:         0
RowReduceTileNum.................................:         0
RedTempMacroNum..................................:         0
HybridCountGatedTiles............................:         0
ReadNum..........................................:         0
CellReadAccessTotal..............................:       488
CellReadAccess_INT...............................:       184
CellReadAccess_FMA...............................:       304
CellReadAccess_LNEXP.............................:         0
ReadLat..........................................:      0.00
  |--LatLE5......................................:         0
  |--LatLE10.....................................:         0
  |--LatLE15.....................................:         0
  |--LatGT15.....................................:         0
WriteNum.........................................:         0
CellWriteAccessTotal.............................:       698
CellWriteAccess_INT..............................:       476
CellWriteAccess_FMA..............................:       222
CellWriteAccess_LNEXP............................:         0
TempForwardHits_INT..............................:       176
TempForwardHits_FMA..............................:        84
TempForwardHits_LNEXP............................:         0
TempForwardMisses_INT............................:       184
TempForwardMisses_FMA............................:       304
TempForwardMisses_LNEXP..........................:         0
ExpandTagHits_INT................................:         0
ExpandTagHits_FMA................................:         0
ExpandTagHits_LNEXP..............................:         0
ExpandTagMisses_INT..............................:         0
ExpandTagMisses_FMA..............................:         0
ExpandTagMisses_LNEXP............................:         0
ExpandBankFills_INT..............................:         0
ExpandBankFills_FMA..............................:         0
ExpandBankFills_LNEXP............................:         0
ExpandTempFills_INT..............................:         0
ExpandTempFills_FMA..............................:         0
ExpandTempFills_LNEXP............................:         0
ExpandEvicts_INT.................................:         0
ExpandEvicts_FMA.................................:         0
ExpandEvicts_LNEXP...............................:         0
LeSharedPortBlockCycles..........................:         0
WriteLat.........................................:      0.00
  |--LatLE5......................................:         0
  |--LatLE10.....................................:         0
  |--LatLE15.....................................:         0
  |--LatGT15.....................................:         0
AccountExpCellReads_INT..........................:       360
AccountExpCellReads_FMA..........................:       388
AccountExpCellReads_LNEXP........................:         0
AccountExpRedTempReads...........................:         0
AccountRedTempReads..............................:         0
AccountExpCellWrites_INT.........................:       476
AccountExpCellWrites_FMA.........................:       222
AccountExpCellWrites_LNEXP.......................:         0
AccountExpRedTempWrites..........................:         0
AccountExpReadsTotal.............................:       748
AccountActReadsTotal.............................:       748
AccountReadDelta.................................:      0.00
AccountExpWritesTotal............................:       698
AccountActWritesTotal............................:       698
AccountWriteDelta................................:      0.00
========================VecUtilStack========================
UtilStackW_INT...................................:       476
UtilStackO_INT...................................:        19
UtilStackA_INT...................................:         0
UtilStackD_INT...................................:         0
UtilStackI_INT...................................:         0
UtilStackS_INT...................................:     29301
UtilStackUnaccounted_INT.........................:         0
UtilStackW_FMA...................................:       222
UtilStackO_FMA...................................:         0
UtilStackA_FMA...................................:         0
UtilStackD_FMA...................................:         0
UtilStackI_FMA...................................:         0
UtilStackS_FMA...................................:     29574
UtilStackUnaccounted_FMA.........................:         0
UtilStackW_LNEXP.................................:         0
UtilStackO_LNEXP.................................:         0
UtilStackA_LNEXP.................................:         0
UtilStackD_LNEXP.................................:         0
UtilStackI_LNEXP.................................:         0
UtilStackS_LNEXP.................................:     29796
UtilStackUnaccounted_LNEXP.......................:         0
UtilStackW_SHARED................................:         0
UtilStackO_SHARED................................:         0
UtilStackA_SHARED................................:         0
UtilStackD_SHARED................................:         0
UtilStackI_SHARED................................:         0
UtilStackS_SHARED................................:     29796
UtilStackUnaccounted_SHARED......................:         0
UtilStackCycles..................................:     29796
UtilStackVecBusy.................................:      1758
UtilStackVecExposed..............................:      1758
  UtilStackSub_O_DstWriteCfl_INT.................:        16
  UtilStackSub_O_BankCfl_INT.....................:         3
  UtilStackSub_O_SharedPort_INT..................:         0
  UtilStackSub_O_YieldFma_INT....................:         0
  UtilStackSub_O_LePort_INT......................:         0
  UtilStackSub_A_RedTempMacro_INT................:         0
  UtilStackSub_A_LeThrottle_INT..................:         0
  UtilStackSub_A_LeFifoFull_INT..................:         0
  UtilStackSub_A_IiCool_INT......................:         0
  UtilStackSub_A_DstbufFull_INT..................:         0
  UtilStackSub_A_PipeFull_INT....................:         0
  UtilStackSub_D_StaticSrc_INT...................:         0
  UtilStackSub_D_RedTempCount_INT................:         0
  UtilStackSub_D_DynSrcbuf_INT...................:         0
  UtilStackSubO_Reconcile_INT....................:      0.00
  UtilStackSubA_Reconcile_INT....................:      0.00
  UtilStackSubD_Reconcile_INT....................:      0.00
  UtilStackSub_O_DstWriteCfl_FMA.................:         0
  UtilStackSub_O_BankCfl_FMA.....................:         0
  UtilStackSub_O_SharedPort_FMA..................:         0
  UtilStackSub_O_YieldFma_FMA....................:         0
  UtilStackSub_O_LePort_FMA......................:         0
  UtilStackSub_A_RedTempMacro_FMA................:         0
  UtilStackSub_A_LeThrottle_FMA..................:         0
  UtilStackSub_A_LeFifoFull_FMA..................:         0
  UtilStackSub_A_IiCool_FMA......................:         0
  UtilStackSub_A_DstbufFull_FMA..................:         0
  UtilStackSub_A_PipeFull_FMA....................:         0
  UtilStackSub_D_StaticSrc_FMA...................:         0
  UtilStackSub_D_RedTempCount_FMA................:         0
  UtilStackSub_D_DynSrcbuf_FMA...................:         0
  UtilStackSubO_Reconcile_FMA....................:      0.00
  UtilStackSubA_Reconcile_FMA....................:      0.00
  UtilStackSubD_Reconcile_FMA....................:      0.00
  UtilStackSub_O_DstWriteCfl_LNEXP...............:         0
  UtilStackSub_O_BankCfl_LNEXP...................:         0
  UtilStackSub_O_SharedPort_LNEXP................:         0
  UtilStackSub_O_YieldFma_LNEXP..................:         0
  UtilStackSub_O_LePort_LNEXP....................:         0
  UtilStackSub_A_RedTempMacro_LNEXP..............:         0
  UtilStackSub_A_LeThrottle_LNEXP................:         0
  UtilStackSub_A_LeFifoFull_LNEXP................:         0
  UtilStackSub_A_IiCool_LNEXP....................:         0
  UtilStackSub_A_DstbufFull_LNEXP................:         0
  UtilStackSub_A_PipeFull_LNEXP..................:         0
  UtilStackSub_D_StaticSrc_LNEXP.................:         0
  UtilStackSub_D_RedTempCount_LNEXP..............:         0
  UtilStackSub_D_DynSrcbuf_LNEXP.................:         0
  UtilStackSubO_Reconcile_LNEXP..................:      0.00
  UtilStackSubA_Reconcile_LNEXP..................:      0.00
  UtilStackSubD_Reconcile_LNEXP..................:      0.00
  UtilStackSub_O_DstWriteCfl_SHARED..............:         0
  UtilStackSub_O_BankCfl_SHARED..................:         0
  UtilStackSub_O_SharedPort_SHARED...............:         0
  UtilStackSub_O_YieldFma_SHARED.................:         0
  UtilStackSub_O_LePort_SHARED...................:         0
  UtilStackSub_A_RedTempMacro_SHARED.............:         0
  UtilStackSub_A_LeThrottle_SHARED...............:         0
  UtilStackSub_A_LeFifoFull_SHARED...............:         0
  UtilStackSub_A_IiCool_SHARED...................:         0
  UtilStackSub_A_DstbufFull_SHARED...............:         0
  UtilStackSub_A_PipeFull_SHARED.................:         0
  UtilStackSub_D_StaticSrc_SHARED................:         0
  UtilStackSub_D_RedTempCount_SHARED.............:         0
  UtilStackSub_D_DynSrcbuf_SHARED................:         0
  UtilStackSubO_Reconcile_SHARED.................:      0.00
  UtilStackSubA_Reconcile_SHARED.................:      0.00
  UtilStackSubD_Reconcile_SHARED.................:      0.00
  UtilStackOBlocker_None_INT.....................:        16
  UtilStackOBlocker_FmaRead_INT..................:         2
  UtilStackOBlocker_IntRead_INT..................:         0
  UtilStackOBlocker_LeRead_INT...................:         0
  UtilStackOBlocker_FmaWrite_INT.................:         0
  UtilStackOBlocker_IntWrite_INT.................:         1
  UtilStackOBlocker_CubeRead_INT.................:         0
  UtilStackOBlocker_CubeWrite_INT................:         0
  UtilStackOBlocker_LeWrite_INT..................:         0
  UtilStackOBlocker_Reconcile_INT................:      0.00
  UtilStackOBlocker_None_FMA.....................:         0
  UtilStackOBlocker_FmaRead_FMA..................:         0
  UtilStackOBlocker_IntRead_FMA..................:         0
  UtilStackOBlocker_LeRead_FMA...................:         0
  UtilStackOBlocker_FmaWrite_FMA.................:         0
  UtilStackOBlocker_IntWrite_FMA.................:         0
  UtilStackOBlocker_CubeRead_FMA.................:         0
  UtilStackOBlocker_CubeWrite_FMA................:         0
  UtilStackOBlocker_LeWrite_FMA..................:         0
  UtilStackOBlocker_Reconcile_FMA................:      0.00
  UtilStackOBlocker_None_LNEXP...................:         0
  UtilStackOBlocker_FmaRead_LNEXP................:         0
  UtilStackOBlocker_IntRead_LNEXP................:         0
  UtilStackOBlocker_LeRead_LNEXP.................:         0
  UtilStackOBlocker_FmaWrite_LNEXP...............:         0
  UtilStackOBlocker_IntWrite_LNEXP...............:         0
  UtilStackOBlocker_CubeRead_LNEXP...............:         0
  UtilStackOBlocker_CubeWrite_LNEXP..............:         0
  UtilStackOBlocker_LeWrite_LNEXP................:         0
  UtilStackOBlocker_Reconcile_LNEXP..............:      0.00
  UtilStackOBlocker_None_SHARED..................:         0
  UtilStackOBlocker_FmaRead_SHARED...............:         0
  UtilStackOBlocker_IntRead_SHARED...............:         0
  UtilStackOBlocker_LeRead_SHARED................:         0
  UtilStackOBlocker_FmaWrite_SHARED..............:         0
  UtilStackOBlocker_IntWrite_SHARED..............:         0
  UtilStackOBlocker_CubeRead_SHARED..............:         0
  UtilStackOBlocker_CubeWrite_SHARED.............:         0
  UtilStackOBlocker_LeWrite_SHARED...............:         0
  UtilStackOBlocker_Reconcile_SHARED.............:      0.00
YieldFmaReadCycles...............................:         0
YieldFmaWriteCycles..............................:         0
UtilStackHideRatio...............................:      0.00
UtilStackHideRatioStrict.........................:      0.00
  UtilStackIssueCombo_None.......................:     29138
  UtilStackIssueCombo_INT........................:       436
  UtilStackIssueCombo_FMA........................:       182
  UtilStackIssueCombo_INT+FMA....................:        40
  UtilStackIssueCombo_LE.........................:         0
  UtilStackIssueCombo_INT+LE.....................:         0
  UtilStackIssueCombo_FMA+LE.....................:         0
  UtilStackIssueCombo_INT+FMA+LE.................:         0
  UtilStackIssueCombo_SH.........................:         0
  UtilStackIssueCombo_INT+SH.....................:         0
  UtilStackIssueCombo_FMA+SH.....................:         0
  UtilStackIssueCombo_INT+FMA+SH.................:         0
  UtilStackIssueCombo_LE+SH......................:         0
  UtilStackIssueCombo_INT+LE+SH..................:         0
  UtilStackIssueCombo_FMA+LE+SH..................:         0
  UtilStackIssueCombo_INT+FMA+LE+SH..............:         0
  UtilStackIssueCombo_Reconcile..................:      0.00
  UtilStackIssueEvent_Reconcile..................:      0.00
UtilStackMultiIssueProb..........................:      0.06
UtilStackAvgIssueRate............................:      0.02
UtilStackIssueWidthUtil..........................:      0.01
====================Vector PMU Stats PE2====================
PEId.............................................:         2
TileopNum........................................:       188
TCMPPackedTileNum................................:         0
TCMPFragmentExpected.............................:         0
TCMPFragmentCompleted............................:         0
TCMPFragmentCanceled.............................:         0
TCMPPackedCellWrites.............................:         0
TCMPPackWriteWaitCycles..........................:         0
TCMPFlushedTileNum...............................:         0
UopNum...........................................:       698
SplitCellCountMismatch...........................:         0
SplitPartialCellUopCount.........................:         0
SplitUopAvgPayloadBytes..........................:       N/A
UopQDispatch_INT.................................:         0
UopQReadyBypass_INT..............................:         0
UopQDispatchSrcBufFullCycles_INT.................:         0
UopQDispatchSrcBufFullBlockedCycles_INT..........:         0
VecSrcCellNotReadyCycles_INT.....................:       386
SharedReadPortWaitCycles_INT.....................:         0
UopQDispatch_FMA.................................:         0
UopQReadyBypass_FMA..............................:         0
UopQDispatchSrcBufFullCycles_FMA.................:         0
UopQDispatchSrcBufFullBlockedCycles_FMA..........:         0
VecSrcCellNotReadyCycles_FMA.....................:       155
SharedReadPortWaitCycles_FMA.....................:         0
UopQDispatch_LNEXP...............................:         0
UopQReadyBypass_LNEXP............................:         0
UopQDispatchSrcBufFullCycles_LNEXP...............:         0
UopQDispatchSrcBufFullBlockedCycles_LNEXP........:         0
VecSrcCellNotReadyCycles_LNEXP...................:         0
SharedReadPortWaitCycles_LNEXP...................:         0
CellReadMergedUops...............................:         0
StaticUopsIssued.................................:       698
StaticBoardBlockCycles...........................:         0
StaticWritebacks.................................:       698
EarlyWakeupFired.................................:       188
StaticDynPipeBlockCycles.........................:         0
DynStaticChainBlockCycles........................:         0
ExpandTagHits_INT................................:         0
ExpandTagMisses_INT..............................:         0
ExpandBankFills_INT..............................:         0
ExpandTempFills_INT..............................:         0
ExpandEvicts_INT.................................:         0
ExpandTagHits_FMA................................:         0
ExpandTagMisses_FMA..............................:         0
ExpandBankFills_FMA..............................:         0
ExpandTempFills_FMA..............................:         0
ExpandEvicts_FMA.................................:         0
ExpandTagHits_LNEXP..............................:         0
ExpandTagMisses_LNEXP............................:         0
ExpandBankFills_LNEXP............................:         0
ExpandTempFills_LNEXP............................:         0
ExpandEvicts_LNEXP...............................:         0
ExpandFillDrops..................................:         0
ExpandReadStaleFallbacks cls0....................:         0
ExpandReadStaleFallbacks cls1....................:         0
ExpandReadStaleFallbacks cls2....................:         0
LeSharedPortBlockCycles..........................:         0
LeSrc1CarrySkips.................................:         0
=======Static Path Bank Access / Conflict Attribution=======
  StaticBankReads Bank[0]........................:        97
  StaticBankReads Bank[1]........................:        97
  StaticBankReads Bank[2]........................:        75
  StaticBankReads Bank[3]........................:        75
  StaticBankReads Bank[4]........................:        35
  StaticBankReads Bank[5]........................:        35
  StaticBankReads Bank[6]........................:        33
  StaticBankReads Bank[7]........................:        33
  StaticDetectReadBlocks Bank[0].................:         9
  StaticDetectReadBlocks Bank[1].................:         4
  StaticDetectReadBlocks Bank[2].................:         0
  StaticDetectReadBlocks Bank[3].................:         0
  StaticDetectReadBlocks Bank[4].................:         1
  StaticDetectReadBlocks Bank[5].................:         2
  StaticDetectReadBlocks Bank[6].................:         3
  StaticDetectReadBlocks Bank[7].................:         0
  StaticDetectWriteBlocks Bank[0]................:         0
  StaticDetectWriteBlocks Bank[1]................:         0
  StaticDetectWriteBlocks Bank[2]................:         0
  StaticDetectWriteBlocks Bank[3]................:         0
  StaticDetectWriteBlocks Bank[4]................:         0
  StaticDetectWriteBlocks Bank[5]................:         0
  StaticDetectWriteBlocks Bank[6]................:         0
  StaticDetectWriteBlocks Bank[7]................:         0
  StaticIntYieldBlocks Bank[0]...................:         0
  StaticIntYieldBlocks Bank[1]...................:         0
  StaticIntYieldBlocks Bank[2]...................:         0
  StaticIntYieldBlocks Bank[3]...................:         0
  StaticIntYieldBlocks Bank[4]...................:         0
  StaticIntYieldBlocks Bank[5]...................:         0
  StaticIntYieldBlocks Bank[6]...................:         0
  StaticIntYieldBlocks Bank[7]...................:         0
  StaticBoardOccSum Bank[0]......................:      1372
  StaticBoardOccSum Bank[1]......................:      1372
  StaticBoardOccSum Bank[2]......................:      1363
  StaticBoardOccSum Bank[3]......................:      1363
  StaticBoardOccSum Bank[4]......................:      1024
  StaticBoardOccSum Bank[5]......................:      1024
  StaticBoardOccSum Bank[6]......................:      1045
  StaticBoardOccSum Bank[7]......................:      1045
  StaticBoardOccColSum Col[0]....................:      1074
  StaticBoardOccColSum Col[1]....................:      1074
  StaticBoardOccColSum Col[2]....................:      1074
  StaticBoardOccColSum Col[3]....................:       770
  StaticBoardOccColSum Col[4]....................:       730
  StaticBoardOccColSum Col[5]....................:       698
  StaticBoardOccColSum Col[6]....................:       698
  StaticBoardOccColSum Col[7]....................:       698
  StaticBoardOccColSum Col[8]....................:       698
  StaticBoardOccColSum Col[9]....................:       698
  StaticBoardOccColSum Col[10]...................:       698
  StaticBoardOccColSum Col[11]...................:       698
  StaticBoardOccColSum Col[12]...................:         0
  StaticBoardOccColSum Col[13]...................:         0
  StaticBoardOccColSum Col[14]...................:         0
  StaticBoardOccColSum Col[15]...................:         0
VecAluAcceptCycles_FMA...........................:       222
VecAluAcceptCycles_INT...........................:       476
VecAluAcceptCycles_LNEXP.........................:         0
VecTripleIssueCycles.............................:         0
VecDualIssueCycles...............................:        36
VecSingleIssueCycles.............................:       626
VecIdleIssueCycles...............................:     29134
CellReadMergeSaved...............................:         0
SrcBufBypassIssue................................:         0
SplitRawGateBlocked..............................:         0
SplitNoFreeSlotCycles............................:         0
IPC(UOP).........................................:  0.023426
RowExpandTileNum.................................:         0
RowReduceTileNum.................................:         0
RedTempMacroNum..................................:         0
HybridCountGatedTiles............................:         0
ReadNum..........................................:         0
CellReadAccessTotal..............................:       480
CellReadAccess_INT...............................:       196
CellReadAccess_FMA...............................:       284
CellReadAccess_LNEXP.............................:         0
ReadLat..........................................:      0.00
  |--LatLE5......................................:         0
  |--LatLE10.....................................:         0
  |--LatLE15.....................................:         0
  |--LatGT15.....................................:         0
WriteNum.........................................:         0
CellWriteAccessTotal.............................:       698
CellWriteAccess_INT..............................:       476
CellWriteAccess_FMA..............................:       222
CellWriteAccess_LNEXP............................:         0
TempForwardHits_INT..............................:       164
TempForwardHits_FMA..............................:       104
TempForwardHits_LNEXP............................:         0
TempForwardMisses_INT............................:       196
TempForwardMisses_FMA............................:       284
TempForwardMisses_LNEXP..........................:         0
ExpandTagHits_INT................................:         0
ExpandTagHits_FMA................................:         0
ExpandTagHits_LNEXP..............................:         0
ExpandTagMisses_INT..............................:         0
ExpandTagMisses_FMA..............................:         0
ExpandTagMisses_LNEXP............................:         0
ExpandBankFills_INT..............................:         0
ExpandBankFills_FMA..............................:         0
ExpandBankFills_LNEXP............................:         0
ExpandTempFills_INT..............................:         0
ExpandTempFills_FMA..............................:         0
ExpandTempFills_LNEXP............................:         0
ExpandEvicts_INT.................................:         0
ExpandEvicts_FMA.................................:         0
ExpandEvicts_LNEXP...............................:         0
LeSharedPortBlockCycles..........................:         0
WriteLat.........................................:      0.00
  |--LatLE5......................................:         0
  |--LatLE10.....................................:         0
  |--LatLE15.....................................:         0
  |--LatGT15.....................................:         0
AccountExpCellReads_INT..........................:       360
AccountExpCellReads_FMA..........................:       388
AccountExpCellReads_LNEXP........................:         0
AccountExpRedTempReads...........................:         0
AccountRedTempReads..............................:         0
AccountExpCellWrites_INT.........................:       476
AccountExpCellWrites_FMA.........................:       222
AccountExpCellWrites_LNEXP.......................:         0
AccountExpRedTempWrites..........................:         0
AccountExpReadsTotal.............................:       748
AccountActReadsTotal.............................:       748
AccountReadDelta.................................:      0.00
AccountExpWritesTotal............................:       698
AccountActWritesTotal............................:       698
AccountWriteDelta................................:      0.00
========================VecUtilStack========================
UtilStackW_INT...................................:       476
UtilStackO_INT...................................:        18
UtilStackA_INT...................................:         0
UtilStackD_INT...................................:         0
UtilStackI_INT...................................:         0
UtilStackS_INT...................................:     29302
UtilStackUnaccounted_INT.........................:         0
UtilStackW_FMA...................................:       222
UtilStackO_FMA...................................:         0
UtilStackA_FMA...................................:         0
UtilStackD_FMA...................................:         0
UtilStackI_FMA...................................:         0
UtilStackS_FMA...................................:     29574
UtilStackUnaccounted_FMA.........................:         0
UtilStackW_LNEXP.................................:         0
UtilStackO_LNEXP.................................:         0
UtilStackA_LNEXP.................................:         0
UtilStackD_LNEXP.................................:         0
UtilStackI_LNEXP.................................:         0
UtilStackS_LNEXP.................................:     29796
UtilStackUnaccounted_LNEXP.......................:         0
UtilStackW_SHARED................................:         0
UtilStackO_SHARED................................:         0
UtilStackA_SHARED................................:         0
UtilStackD_SHARED................................:         0
UtilStackI_SHARED................................:         0
UtilStackS_SHARED................................:     29796
UtilStackUnaccounted_SHARED......................:         0
UtilStackCycles..................................:     29796
UtilStackVecBusy.................................:      1757
UtilStackVecExposed..............................:      1757
  UtilStackSub_O_DstWriteCfl_INT.................:        15
  UtilStackSub_O_BankCfl_INT.....................:         3
  UtilStackSub_O_SharedPort_INT..................:         0
  UtilStackSub_O_YieldFma_INT....................:         0
  UtilStackSub_O_LePort_INT......................:         0
  UtilStackSub_A_RedTempMacro_INT................:         0
  UtilStackSub_A_LeThrottle_INT..................:         0
  UtilStackSub_A_LeFifoFull_INT..................:         0
  UtilStackSub_A_IiCool_INT......................:         0
  UtilStackSub_A_DstbufFull_INT..................:         0
  UtilStackSub_A_PipeFull_INT....................:         0
  UtilStackSub_D_StaticSrc_INT...................:         0
  UtilStackSub_D_RedTempCount_INT................:         0
  UtilStackSub_D_DynSrcbuf_INT...................:         0
  UtilStackSubO_Reconcile_INT....................:      0.00
  UtilStackSubA_Reconcile_INT....................:      0.00
  UtilStackSubD_Reconcile_INT....................:      0.00
  UtilStackSub_O_DstWriteCfl_FMA.................:         0
  UtilStackSub_O_BankCfl_FMA.....................:         0
  UtilStackSub_O_SharedPort_FMA..................:         0
  UtilStackSub_O_YieldFma_FMA....................:         0
  UtilStackSub_O_LePort_FMA......................:         0
  UtilStackSub_A_RedTempMacro_FMA................:         0
  UtilStackSub_A_LeThrottle_FMA..................:         0
  UtilStackSub_A_LeFifoFull_FMA..................:         0
  UtilStackSub_A_IiCool_FMA......................:         0
  UtilStackSub_A_DstbufFull_FMA..................:         0
  UtilStackSub_A_PipeFull_FMA....................:         0
  UtilStackSub_D_StaticSrc_FMA...................:         0
  UtilStackSub_D_RedTempCount_FMA................:         0
  UtilStackSub_D_DynSrcbuf_FMA...................:         0
  UtilStackSubO_Reconcile_FMA....................:      0.00
  UtilStackSubA_Reconcile_FMA....................:      0.00
  UtilStackSubD_Reconcile_FMA....................:      0.00
  UtilStackSub_O_DstWriteCfl_LNEXP...............:         0
  UtilStackSub_O_BankCfl_LNEXP...................:         0
  UtilStackSub_O_SharedPort_LNEXP................:         0
  UtilStackSub_O_YieldFma_LNEXP..................:         0
  UtilStackSub_O_LePort_LNEXP....................:         0
  UtilStackSub_A_RedTempMacro_LNEXP..............:         0
  UtilStackSub_A_LeThrottle_LNEXP................:         0
  UtilStackSub_A_LeFifoFull_LNEXP................:         0
  UtilStackSub_A_IiCool_LNEXP....................:         0
  UtilStackSub_A_DstbufFull_LNEXP................:         0
  UtilStackSub_A_PipeFull_LNEXP..................:         0
  UtilStackSub_D_StaticSrc_LNEXP.................:         0
  UtilStackSub_D_RedTempCount_LNEXP..............:         0
  UtilStackSub_D_DynSrcbuf_LNEXP.................:         0
  UtilStackSubO_Reconcile_LNEXP..................:      0.00
  UtilStackSubA_Reconcile_LNEXP..................:      0.00
  UtilStackSubD_Reconcile_LNEXP..................:      0.00
  UtilStackSub_O_DstWriteCfl_SHARED..............:         0
  UtilStackSub_O_BankCfl_SHARED..................:         0
  UtilStackSub_O_SharedPort_SHARED...............:         0
  UtilStackSub_O_YieldFma_SHARED.................:         0
  UtilStackSub_O_LePort_SHARED...................:         0
  UtilStackSub_A_RedTempMacro_SHARED.............:         0
  UtilStackSub_A_LeThrottle_SHARED...............:         0
  UtilStackSub_A_LeFifoFull_SHARED...............:         0
  UtilStackSub_A_IiCool_SHARED...................:         0
  UtilStackSub_A_DstbufFull_SHARED...............:         0
  UtilStackSub_A_PipeFull_SHARED.................:         0
  UtilStackSub_D_StaticSrc_SHARED................:         0
  UtilStackSub_D_RedTempCount_SHARED.............:         0
  UtilStackSub_D_DynSrcbuf_SHARED................:         0
  UtilStackSubO_Reconcile_SHARED.................:      0.00
  UtilStackSubA_Reconcile_SHARED.................:      0.00
  UtilStackSubD_Reconcile_SHARED.................:      0.00
  UtilStackOBlocker_None_INT.....................:        15
  UtilStackOBlocker_FmaRead_INT..................:         1
  UtilStackOBlocker_IntRead_INT..................:         0
  UtilStackOBlocker_LeRead_INT...................:         0
  UtilStackOBlocker_FmaWrite_INT.................:         1
  UtilStackOBlocker_IntWrite_INT.................:         1
  UtilStackOBlocker_CubeRead_INT.................:         0
  UtilStackOBlocker_CubeWrite_INT................:         0
  UtilStackOBlocker_LeWrite_INT..................:         0
  UtilStackOBlocker_Reconcile_INT................:      0.00
  UtilStackOBlocker_None_FMA.....................:         0
  UtilStackOBlocker_FmaRead_FMA..................:         0
  UtilStackOBlocker_IntRead_FMA..................:         0
  UtilStackOBlocker_LeRead_FMA...................:         0
  UtilStackOBlocker_FmaWrite_FMA.................:         0
  UtilStackOBlocker_IntWrite_FMA.................:         0
  UtilStackOBlocker_CubeRead_FMA.................:         0
  UtilStackOBlocker_CubeWrite_FMA................:         0
  UtilStackOBlocker_LeWrite_FMA..................:         0
  UtilStackOBlocker_Reconcile_FMA................:      0.00
  UtilStackOBlocker_None_LNEXP...................:         0
  UtilStackOBlocker_FmaRead_LNEXP................:         0
  UtilStackOBlocker_IntRead_LNEXP................:         0
  UtilStackOBlocker_LeRead_LNEXP.................:         0
  UtilStackOBlocker_FmaWrite_LNEXP...............:         0
  UtilStackOBlocker_IntWrite_LNEXP...............:         0
  UtilStackOBlocker_CubeRead_LNEXP...............:         0
  UtilStackOBlocker_CubeWrite_LNEXP..............:         0
  UtilStackOBlocker_LeWrite_LNEXP................:         0
  UtilStackOBlocker_Reconcile_LNEXP..............:      0.00
  UtilStackOBlocker_None_SHARED..................:         0
  UtilStackOBlocker_FmaRead_SHARED...............:         0
  UtilStackOBlocker_IntRead_SHARED...............:         0
  UtilStackOBlocker_LeRead_SHARED................:         0
  UtilStackOBlocker_FmaWrite_SHARED..............:         0
  UtilStackOBlocker_IntWrite_SHARED..............:         0
  UtilStackOBlocker_CubeRead_SHARED..............:         0
  UtilStackOBlocker_CubeWrite_SHARED.............:         0
  UtilStackOBlocker_LeWrite_SHARED...............:         0
  UtilStackOBlocker_Reconcile_SHARED.............:      0.00
YieldFmaReadCycles...............................:         0
YieldFmaWriteCycles..............................:         0
UtilStackHideRatio...............................:      0.00
UtilStackHideRatioStrict.........................:      0.00
  UtilStackIssueCombo_None.......................:     29134
  UtilStackIssueCombo_INT........................:       440
  UtilStackIssueCombo_FMA........................:       186
  UtilStackIssueCombo_INT+FMA....................:        36
  UtilStackIssueCombo_LE.........................:         0
  UtilStackIssueCombo_INT+LE.....................:         0
  UtilStackIssueCombo_FMA+LE.....................:         0
  UtilStackIssueCombo_INT+FMA+LE.................:         0
  UtilStackIssueCombo_SH.........................:         0
  UtilStackIssueCombo_INT+SH.....................:         0
  UtilStackIssueCombo_FMA+SH.....................:         0
  UtilStackIssueCombo_INT+FMA+SH.................:         0
  UtilStackIssueCombo_LE+SH......................:         0
  UtilStackIssueCombo_INT+LE+SH..................:         0
  UtilStackIssueCombo_FMA+LE+SH..................:         0
  UtilStackIssueCombo_INT+FMA+LE+SH..............:         0
  UtilStackIssueCombo_Reconcile..................:      0.00
  UtilStackIssueEvent_Reconcile..................:      0.00
UtilStackMultiIssueProb..........................:      0.05
UtilStackAvgIssueRate............................:      0.02
UtilStackIssueWidthUtil..........................:      0.01
====================Vector PMU Stats PE3====================
PEId.............................................:         3
TileopNum........................................:       153
TCMPPackedTileNum................................:         0
TCMPFragmentExpected.............................:         0
TCMPFragmentCompleted............................:         0
TCMPFragmentCanceled.............................:         0
TCMPPackedCellWrites.............................:         0
TCMPPackWriteWaitCycles..........................:         0
TCMPFlushedTileNum...............................:         0
UopNum...........................................:       564
SplitCellCountMismatch...........................:         0
SplitPartialCellUopCount.........................:         0
SplitUopAvgPayloadBytes..........................:       N/A
UopQDispatch_INT.................................:         0
UopQReadyBypass_INT..............................:         0
UopQDispatchSrcBufFullCycles_INT.................:         0
UopQDispatchSrcBufFullBlockedCycles_INT..........:         0
VecSrcCellNotReadyCycles_INT.....................:       314
SharedReadPortWaitCycles_INT.....................:         0
UopQDispatch_FMA.................................:         0
UopQReadyBypass_FMA..............................:         0
UopQDispatchSrcBufFullCycles_FMA.................:         0
UopQDispatchSrcBufFullBlockedCycles_FMA..........:         0
VecSrcCellNotReadyCycles_FMA.....................:       130
SharedReadPortWaitCycles_FMA.....................:         0
UopQDispatch_LNEXP...............................:         0
UopQReadyBypass_LNEXP............................:         0
UopQDispatchSrcBufFullCycles_LNEXP...............:         0
UopQDispatchSrcBufFullBlockedCycles_LNEXP........:         0
VecSrcCellNotReadyCycles_LNEXP...................:         0
SharedReadPortWaitCycles_LNEXP...................:         0
CellReadMergedUops...............................:         0
StaticUopsIssued.................................:       564
StaticBoardBlockCycles...........................:         0
StaticWritebacks.................................:       564
EarlyWakeupFired.................................:       153
StaticDynPipeBlockCycles.........................:         0
DynStaticChainBlockCycles........................:         0
ExpandTagHits_INT................................:         0
ExpandTagMisses_INT..............................:         0
ExpandBankFills_INT..............................:         0
ExpandTempFills_INT..............................:         0
ExpandEvicts_INT.................................:         0
ExpandTagHits_FMA................................:         0
ExpandTagMisses_FMA..............................:         0
ExpandBankFills_FMA..............................:         0
ExpandTempFills_FMA..............................:         0
ExpandEvicts_FMA.................................:         0
ExpandTagHits_LNEXP..............................:         0
ExpandTagMisses_LNEXP............................:         0
ExpandBankFills_LNEXP............................:         0
ExpandTempFills_LNEXP............................:         0
ExpandEvicts_LNEXP...............................:         0
ExpandFillDrops..................................:         0
ExpandReadStaleFallbacks cls0....................:         0
ExpandReadStaleFallbacks cls1....................:         0
ExpandReadStaleFallbacks cls2....................:         0
LeSharedPortBlockCycles..........................:         0
LeSrc1CarrySkips.................................:         0
=======Static Path Bank Access / Conflict Attribution=======
  StaticBankReads Bank[0]........................:        50
  StaticBankReads Bank[1]........................:        50
  StaticBankReads Bank[2]........................:        48
  StaticBankReads Bank[3]........................:        48
  StaticBankReads Bank[4]........................:        50
  StaticBankReads Bank[5]........................:        50
  StaticBankReads Bank[6]........................:        46
  StaticBankReads Bank[7]........................:        46
  StaticDetectReadBlocks Bank[0].................:         4
  StaticDetectReadBlocks Bank[1].................:         2
  StaticDetectReadBlocks Bank[2].................:         0
  StaticDetectReadBlocks Bank[3].................:         1
  StaticDetectReadBlocks Bank[4].................:         0
  StaticDetectReadBlocks Bank[5].................:         4
  StaticDetectReadBlocks Bank[6].................:         0
  StaticDetectReadBlocks Bank[7].................:         0
  StaticDetectWriteBlocks Bank[0]................:         0
  StaticDetectWriteBlocks Bank[1]................:         0
  StaticDetectWriteBlocks Bank[2]................:         0
  StaticDetectWriteBlocks Bank[3]................:         0
  StaticDetectWriteBlocks Bank[4]................:         0
  StaticDetectWriteBlocks Bank[5]................:         0
  StaticDetectWriteBlocks Bank[6]................:         0
  StaticDetectWriteBlocks Bank[7]................:         0
  StaticIntYieldBlocks Bank[0]...................:         0
  StaticIntYieldBlocks Bank[1]...................:         0
  StaticIntYieldBlocks Bank[2]...................:         0
  StaticIntYieldBlocks Bank[3]...................:         0
  StaticIntYieldBlocks Bank[4]...................:         0
  StaticIntYieldBlocks Bank[5]...................:         0
  StaticIntYieldBlocks Bank[6]...................:         0
  StaticIntYieldBlocks Bank[7]...................:         0
  StaticBoardOccSum Bank[0]......................:       979
  StaticBoardOccSum Bank[1]......................:       979
  StaticBoardOccSum Bank[2]......................:      1030
  StaticBoardOccSum Bank[3]......................:      1030
  StaticBoardOccSum Bank[4]......................:       935
  StaticBoardOccSum Bank[5]......................:       935
  StaticBoardOccSum Bank[6]......................:       932
  StaticBoardOccSum Bank[7]......................:       932
  StaticBoardOccColSum Col[0]....................:       864
  StaticBoardOccColSum Col[1]....................:       864
  StaticBoardOccColSum Col[2]....................:       864
  StaticBoardOccColSum Col[3]....................:       620
  StaticBoardOccColSum Col[4]....................:       592
  StaticBoardOccColSum Col[5]....................:       564
  StaticBoardOccColSum Col[6]....................:       564
  StaticBoardOccColSum Col[7]....................:       564
  StaticBoardOccColSum Col[8]....................:       564
  StaticBoardOccColSum Col[9]....................:       564
  StaticBoardOccColSum Col[10]...................:       564
  StaticBoardOccColSum Col[11]...................:       564
  StaticBoardOccColSum Col[12]...................:         0
  StaticBoardOccColSum Col[13]...................:         0
  StaticBoardOccColSum Col[14]...................:         0
  StaticBoardOccColSum Col[15]...................:         0
VecAluAcceptCycles_FMA...........................:       180
VecAluAcceptCycles_INT...........................:       384
VecAluAcceptCycles_LNEXP.........................:         0
VecTripleIssueCycles.............................:         0
VecDualIssueCycles...............................:        35
VecSingleIssueCycles.............................:       494
VecIdleIssueCycles...............................:     29267
CellReadMergeSaved...............................:         0
SrcBufBypassIssue................................:         0
SplitRawGateBlocked..............................:         0
SplitNoFreeSlotCycles............................:         0
IPC(UOP).........................................:  0.018929
RowExpandTileNum.................................:         0
RowReduceTileNum.................................:         0
RedTempMacroNum..................................:         0
HybridCountGatedTiles............................:         0
ReadNum..........................................:         0
CellReadAccessTotal..............................:       388
CellReadAccess_INT...............................:       152
CellReadAccess_FMA...............................:       236
CellReadAccess_LNEXP.............................:         0
ReadLat..........................................:      0.00
  |--LatLE5......................................:         0
  |--LatLE10.....................................:         0
  |--LatLE15.....................................:         0
  |--LatGT15.....................................:         0
WriteNum.........................................:         0
CellWriteAccessTotal.............................:       564
CellWriteAccess_INT..............................:       384
CellWriteAccess_FMA..............................:       180
CellWriteAccess_LNEXP............................:         0
TempForwardHits_INT..............................:       130
TempForwardHits_FMA..............................:        80
TempForwardHits_LNEXP............................:         0
TempForwardMisses_INT............................:       152
TempForwardMisses_FMA............................:       236
TempForwardMisses_LNEXP..........................:         0
ExpandTagHits_INT................................:         0
ExpandTagHits_FMA................................:         0
ExpandTagHits_LNEXP..............................:         0
ExpandTagMisses_INT..............................:         0
ExpandTagMisses_FMA..............................:         0
ExpandTagMisses_LNEXP............................:         0
ExpandBankFills_INT..............................:         0
ExpandBankFills_FMA..............................:         0
ExpandBankFills_LNEXP............................:         0
ExpandTempFills_INT..............................:         0
ExpandTempFills_FMA..............................:         0
ExpandTempFills_LNEXP............................:         0
ExpandEvicts_INT.................................:         0
ExpandEvicts_FMA.................................:         0
ExpandEvicts_LNEXP...............................:         0
LeSharedPortBlockCycles..........................:         0
WriteLat.........................................:      0.00
  |--LatLE5......................................:         0
  |--LatLE10.....................................:         0
  |--LatLE15.....................................:         0
  |--LatGT15.....................................:         0
AccountExpCellReads_INT..........................:       282
AccountExpCellReads_FMA..........................:       316
AccountExpCellReads_LNEXP........................:         0
AccountExpRedTempReads...........................:         0
AccountRedTempReads..............................:         0
AccountExpCellWrites_INT.........................:       384
AccountExpCellWrites_FMA.........................:       180
AccountExpCellWrites_LNEXP.......................:         0
AccountExpRedTempWrites..........................:         0
AccountExpReadsTotal.............................:       598
AccountActReadsTotal.............................:       598
AccountReadDelta.................................:      0.00
AccountExpWritesTotal............................:       564
AccountActWritesTotal............................:       564
AccountWriteDelta................................:      0.00
========================VecUtilStack========================
UtilStackW_INT...................................:       384
UtilStackO_INT...................................:        16
UtilStackA_INT...................................:         0
UtilStackD_INT...................................:         0
UtilStackI_INT...................................:         0
UtilStackS_INT...................................:     29396
UtilStackUnaccounted_INT.........................:         0
UtilStackW_FMA...................................:       180
UtilStackO_FMA...................................:         1
UtilStackA_FMA...................................:         0
UtilStackD_FMA...................................:         0
UtilStackI_FMA...................................:         0
UtilStackS_FMA...................................:     29615
UtilStackUnaccounted_FMA.........................:         0
UtilStackW_LNEXP.................................:         0
UtilStackO_LNEXP.................................:         0
UtilStackA_LNEXP.................................:         0
UtilStackD_LNEXP.................................:         0
UtilStackI_LNEXP.................................:         0
UtilStackS_LNEXP.................................:     29796
UtilStackUnaccounted_LNEXP.......................:         0
UtilStackW_SHARED................................:         0
UtilStackO_SHARED................................:         0
UtilStackA_SHARED................................:         0
UtilStackD_SHARED................................:         0
UtilStackI_SHARED................................:         0
UtilStackS_SHARED................................:     29796
UtilStackUnaccounted_SHARED......................:         0
UtilStackCycles..................................:     29796
UtilStackVecBusy.................................:      1464
UtilStackVecExposed..............................:      1464
  UtilStackSub_O_DstWriteCfl_INT.................:        12
  UtilStackSub_O_BankCfl_INT.....................:         4
  UtilStackSub_O_SharedPort_INT..................:         0
  UtilStackSub_O_YieldFma_INT....................:         0
  UtilStackSub_O_LePort_INT......................:         0
  UtilStackSub_A_RedTempMacro_INT................:         0
  UtilStackSub_A_LeThrottle_INT..................:         0
  UtilStackSub_A_LeFifoFull_INT..................:         0
  UtilStackSub_A_IiCool_INT......................:         0
  UtilStackSub_A_DstbufFull_INT..................:         0
  UtilStackSub_A_PipeFull_INT....................:         0
  UtilStackSub_D_StaticSrc_INT...................:         0
  UtilStackSub_D_RedTempCount_INT................:         0
  UtilStackSub_D_DynSrcbuf_INT...................:         0
  UtilStackSubO_Reconcile_INT....................:      0.00
  UtilStackSubA_Reconcile_INT....................:      0.00
  UtilStackSubD_Reconcile_INT....................:      0.00
  UtilStackSub_O_DstWriteCfl_FMA.................:         0
  UtilStackSub_O_BankCfl_FMA.....................:         1
  UtilStackSub_O_SharedPort_FMA..................:         0
  UtilStackSub_O_YieldFma_FMA....................:         0
  UtilStackSub_O_LePort_FMA......................:         0
  UtilStackSub_A_RedTempMacro_FMA................:         0
  UtilStackSub_A_LeThrottle_FMA..................:         0
  UtilStackSub_A_LeFifoFull_FMA..................:         0
  UtilStackSub_A_IiCool_FMA......................:         0
  UtilStackSub_A_DstbufFull_FMA..................:         0
  UtilStackSub_A_PipeFull_FMA....................:         0
  UtilStackSub_D_StaticSrc_FMA...................:         0
  UtilStackSub_D_RedTempCount_FMA................:         0
  UtilStackSub_D_DynSrcbuf_FMA...................:         0
  UtilStackSubO_Reconcile_FMA....................:      0.00
  UtilStackSubA_Reconcile_FMA....................:      0.00
  UtilStackSubD_Reconcile_FMA....................:      0.00
  UtilStackSub_O_DstWriteCfl_LNEXP...............:         0
  UtilStackSub_O_BankCfl_LNEXP...................:         0
  UtilStackSub_O_SharedPort_LNEXP................:         0
  UtilStackSub_O_YieldFma_LNEXP..................:         0
  UtilStackSub_O_LePort_LNEXP....................:         0
  UtilStackSub_A_RedTempMacro_LNEXP..............:         0
  UtilStackSub_A_LeThrottle_LNEXP................:         0
  UtilStackSub_A_LeFifoFull_LNEXP................:         0
  UtilStackSub_A_IiCool_LNEXP....................:         0
  UtilStackSub_A_DstbufFull_LNEXP................:         0
  UtilStackSub_A_PipeFull_LNEXP..................:         0
  UtilStackSub_D_StaticSrc_LNEXP.................:         0
  UtilStackSub_D_RedTempCount_LNEXP..............:         0
  UtilStackSub_D_DynSrcbuf_LNEXP.................:         0
  UtilStackSubO_Reconcile_LNEXP..................:      0.00
  UtilStackSubA_Reconcile_LNEXP..................:      0.00
  UtilStackSubD_Reconcile_LNEXP..................:      0.00
  UtilStackSub_O_DstWriteCfl_SHARED..............:         0
  UtilStackSub_O_BankCfl_SHARED..................:         0
  UtilStackSub_O_SharedPort_SHARED...............:         0
  UtilStackSub_O_YieldFma_SHARED.................:         0
  UtilStackSub_O_LePort_SHARED...................:         0
  UtilStackSub_A_RedTempMacro_SHARED.............:         0
  UtilStackSub_A_LeThrottle_SHARED...............:         0
  UtilStackSub_A_LeFifoFull_SHARED...............:         0
  UtilStackSub_A_IiCool_SHARED...................:         0
  UtilStackSub_A_DstbufFull_SHARED...............:         0
  UtilStackSub_A_PipeFull_SHARED.................:         0
  UtilStackSub_D_StaticSrc_SHARED................:         0
  UtilStackSub_D_RedTempCount_SHARED.............:         0
  UtilStackSub_D_DynSrcbuf_SHARED................:         0
  UtilStackSubO_Reconcile_SHARED.................:      0.00
  UtilStackSubA_Reconcile_SHARED.................:      0.00
  UtilStackSubD_Reconcile_SHARED.................:      0.00
  UtilStackOBlocker_None_INT.....................:        12
  UtilStackOBlocker_FmaRead_INT..................:         2
  UtilStackOBlocker_IntRead_INT..................:         0
  UtilStackOBlocker_LeRead_INT...................:         0
  UtilStackOBlocker_FmaWrite_INT.................:         1
  UtilStackOBlocker_IntWrite_INT.................:         1
  UtilStackOBlocker_CubeRead_INT.................:         0
  UtilStackOBlocker_CubeWrite_INT................:         0
  UtilStackOBlocker_LeWrite_INT..................:         0
  UtilStackOBlocker_Reconcile_INT................:      0.00
  UtilStackOBlocker_None_FMA.....................:         0
  UtilStackOBlocker_FmaRead_FMA..................:         0
  UtilStackOBlocker_IntRead_FMA..................:         0
  UtilStackOBlocker_LeRead_FMA...................:         0
  UtilStackOBlocker_FmaWrite_FMA.................:         1
  UtilStackOBlocker_IntWrite_FMA.................:         0
  UtilStackOBlocker_CubeRead_FMA.................:         0
  UtilStackOBlocker_CubeWrite_FMA................:         0
  UtilStackOBlocker_LeWrite_FMA..................:         0
  UtilStackOBlocker_Reconcile_FMA................:      0.00
  UtilStackOBlocker_None_LNEXP...................:         0
  UtilStackOBlocker_FmaRead_LNEXP................:         0
  UtilStackOBlocker_IntRead_LNEXP................:         0
  UtilStackOBlocker_LeRead_LNEXP.................:         0
  UtilStackOBlocker_FmaWrite_LNEXP...............:         0
  UtilStackOBlocker_IntWrite_LNEXP...............:         0
  UtilStackOBlocker_CubeRead_LNEXP...............:         0
  UtilStackOBlocker_CubeWrite_LNEXP..............:         0
  UtilStackOBlocker_LeWrite_LNEXP................:         0
  UtilStackOBlocker_Reconcile_LNEXP..............:      0.00
  UtilStackOBlocker_None_SHARED..................:         0
  UtilStackOBlocker_FmaRead_SHARED...............:         0
  UtilStackOBlocker_IntRead_SHARED...............:         0
  UtilStackOBlocker_LeRead_SHARED................:         0
  UtilStackOBlocker_FmaWrite_SHARED..............:         0
  UtilStackOBlocker_IntWrite_SHARED..............:         0
  UtilStackOBlocker_CubeRead_SHARED..............:         0
  UtilStackOBlocker_CubeWrite_SHARED.............:         0
  UtilStackOBlocker_LeWrite_SHARED...............:         0
  UtilStackOBlocker_Reconcile_SHARED.............:      0.00
YieldFmaReadCycles...............................:         0
YieldFmaWriteCycles..............................:         0
UtilStackHideRatio...............................:      0.00
UtilStackHideRatioStrict.........................:      0.00
  UtilStackIssueCombo_None.......................:     29267
  UtilStackIssueCombo_INT........................:       349
  UtilStackIssueCombo_FMA........................:       145
  UtilStackIssueCombo_INT+FMA....................:        35
  UtilStackIssueCombo_LE.........................:         0
  UtilStackIssueCombo_INT+LE.....................:         0
  UtilStackIssueCombo_FMA+LE.....................:         0
  UtilStackIssueCombo_INT+FMA+LE.................:         0
  UtilStackIssueCombo_SH.........................:         0
  UtilStackIssueCombo_INT+SH.....................:         0
  UtilStackIssueCombo_FMA+SH.....................:         0
  UtilStackIssueCombo_INT+FMA+SH.................:         0
  UtilStackIssueCombo_LE+SH......................:         0
  UtilStackIssueCombo_INT+LE+SH..................:         0
  UtilStackIssueCombo_FMA+LE+SH..................:         0
  UtilStackIssueCombo_INT+FMA+LE+SH..............:         0
  UtilStackIssueCombo_Reconcile..................:      0.00
  UtilStackIssueEvent_Reconcile..................:      0.00
UtilStackMultiIssueProb..........................:      0.07
UtilStackAvgIssueRate............................:      0.02
UtilStackIssueWidthUtil..........................:      0.01
===============CellReg Bank Arbitration Stats===============
Bank Active Cycles (>=1 pending).................:      1228
  |--Bank Conflict Cycles (>=2 pending)..........:         4    0.33%
  |--Bank Urgent(aged) Cycles....................:         0
Bank Grants (winners) Total......................:      1196
Bank Lose (non-winner waits) Total...............:        36
Bank Port-Yield (no free channel) Total..........:        33
Total Served Read Bytes..........................:     98816
Total Served Write Bytes.........................:     54272
  |--RQ_CUBE Win.................................:         0
  |--RQ_CUBE Lose................................:         0     N/A
  |--RQ_CUBE PortYield...........................:         0
  |--RQ_CUBE Served Bytes........................:         0
  |--RQ_VEC Win..................................:         0
  |--RQ_VEC Lose.................................:         0     N/A
  |--RQ_VEC PortYield............................:         0
  |--RQ_VEC Served Bytes.........................:         0
  |--RQ_TLSU Win.................................:       772
  |--RQ_TLSU Lose................................:         5    0.64%
  |--RQ_TLSU PortYield...........................:         2
  |--RQ_TLSU Served Bytes........................:     98816
  |--WQ_CUBE Win.................................:         0
  |--WQ_CUBE Lose................................:         0     N/A
  |--WQ_CUBE PortYield...........................:         0
  |--WQ_CUBE Served Bytes........................:         0
  |--WQ_VEC Win..................................:         0
  |--WQ_VEC Lose.................................:         0     N/A
  |--WQ_VEC PortYield............................:         0
  |--WQ_VEC Served Bytes.........................:         0
  |--WQ_VEC_LNEXP Win............................:         0
  |--WQ_VEC_LNEXP Lose...........................:         0     N/A
  |--WQ_VEC_LNEXP PortYield......................:         0
  |--WQ_VEC_LNEXP Served Bytes...................:         0
  |--WQ_TLSU Win.................................:       424
  |--WQ_TLSU Lose................................:        31    6.81%
  |--WQ_TLSU PortYield...........................:        31
  |--WQ_TLSU Served Bytes........................:     54272
==============CellReg CUBE Bank-Group Backlog===============
WQ_CUBE active cycles............................:         0
  |--WQ_CUBE cross-group cycles..................:         0     N/A
RQ_CUBE active cycles............................:         0
  |--RQ_CUBE cross-group cycles..................:         0     N/A
CUBE Rd+Wr concurrent cycles.....................:         0
  |--Rd/Wr different-group cycles................:         0     N/A
  |--Wr-starved-by-Rd cycles (each owns a group).:         0     N/A
Direct OOR access dropped (pool end).............:         0
===========CellReg Per-Bank Conflict Distribution===========
  Bank[0] conflict cycles........................:         0    0.00%
  Bank[1] conflict cycles........................:         0    0.00%
  Bank[2] conflict cycles........................:         1   25.00%
  Bank[3] conflict cycles........................:         1   25.00%
  Bank[4] conflict cycles........................:         0    0.00%
  Bank[5] conflict cycles........................:         0    0.00%
  Bank[6] conflict cycles........................:         1   25.00%
  Bank[7] conflict cycles........................:         1   25.00%
==================SuperScalar Report Stop===================
======================Syscall Barrier=======================
sb_requested.....................................:         4
sb_executed......................................:         1
sb_canceled......................................:         3
sb_stashed.......................................:         2
sb_stash_overflow................................:         0
sb_pending.......................................:         0
sb_phase_idle....................................:     29503
sb_phase_pre_commit..............................:        18
sb_phase_quiet_wait..............................:         0
sb_phase_gate_all................................:         1
sb_phase_draining................................:       235
sb_phase_executing...............................:         1
syscall_owner_precommit_wait.....................:        18
syscall_worker_quiet_wait........................:         0
syscall_worker_quiet_cycles_total................:         0
syscall_worker_quiet_cycles_max..................:         0
syscall_commit_wait..............................:         0
syscall_l1_scb_drain_wait........................:       234
syscall_sl2_drain_wait...........................:         0
drain_wait.......................................:       234
syscall_drain_progress_timeout...................:         0
sb_T_complete....................................:      9998
sb_T_deadlock_effective..........................:      9999
sb_last_progress_cycle...........................:     29795
sb_lockstep_enabled..............................:         1
sb_lockstep_registered...........................:         4
sb_lockstep_blocks...............................:         1
sb_lockstep_executes.............................:         1
sb_lockstep_withdraw_startup.....................:         0
sb_lockstep_withdraw_flush.......................:         0
sb_lockstep_overflow.............................:         0
sb_lockstep_and_timeout..........................:         0
sb_lockstep_hold_cycles..........................:       994
sb_lockstep_exit_parks...........................:         4
syscall_post_ecall_issue_rejects.................:     40201
syscall_bstop_admission_rejects..................:         0
sb_lockstep_held_now.............................:         0
sb_lockstep_ready_hist_0.........................:         0
sb_lockstep_ready_hist_1.........................:         0
sb_lockstep_ready_hist_2.........................:         0
sb_lockstep_ready_hist_3.........................:         0
sb_lockstep_ready_hist_4.........................:         1
